,MAE,RMSE,Max_Error,Median_Error,95th_Percentile
Voltage_Magnitude,0.0031622765430049165,0.01016754969733415,0.4786476968670148,0.001789317728733586,0.008940040302860566
Voltage_Angle,1.6037257993366014,2.5263043227726607,30.278467956950323,1.0364946919421527,5.173188533973421
