{
  "Inference_Time_ms": 0.2480278015136719,
  "Speedup_vs_AC_PF": 7.240386993736535,
  "Total_Parameters": 197296
}