,Mean (s),Median (s),Std (s),Min (s),Max (s)
AC Power Flow,0.0017958172681646568,0.0019998550415039062,0.0026664617639932837,0.0,0.056999921798706055
DC Power Flow,0.0007887813772077334,0.0009999275207519531,0.0015054517694355393,0.0,0.05299997329711914
