scenario_id,total_gen_power,total_gen_reactive,num_gens_at_pmax,num_gens_at_pmin,num_gens_at_limit,num_gens_in_service,total_load_p,total_load_q,total_gen_at_bus,avg_voltage,min_voltage,max_voltage,voltage_std,max_angle_deg,min_angle_deg,angle_spread_deg,power_imbalance,power_imbalance_pct,max_branch_flow,avg_branch_flow,max_line_loading_pct,avg_line_loading_pct
0,2201.3034373534256,307.67681155029175,1,1,2,32.0,2164.895644176565,439.7810408129613,2201.3034373534256,1.0007636075938666,0.9703131633910556,1.0248106299825404,0.01155004469846872,117.28104079525474,86.84203063344103,30.439010161813712,36.40779317686065,1.6817343263078457,329.91936001995276,99.42044545545748,96.51975579526304,25.182845468181284
1,2198.476037387092,317.72417127169274,1,1,2,33.0,2164.895644176565,439.7810408129613,2198.4760373870927,0.9987556434568837,0.9639437320272897,1.0230668833615797,0.013958979660881119,27.824450022134386,-2.326162608127362,30.150612630261747,33.58039321052729,1.5511321897134611,297.50435884716586,95.92624422893019,60.53181134377519,23.971562254056803
2,2193.2395600012783,286.58070039599926,1,1,2,33.0,2164.895644176565,439.7810408129613,2193.2395600012783,1.0012090112652479,0.9736969767269087,1.025697215578386,0.011358613285891661,-119.91865829640312,-145.16295137432212,25.244293077918996,28.34391582471335,1.309250905509313,236.39685127294513,89.41193460524237,52.29778712488673,22.596764898398717
3,2193.2395600012783,286.58070039599926,1,1,2,33.0,2164.895644176565,439.7810408129613,2193.2395600012783,1.0012090112652479,0.9736969767269087,1.025697215578386,0.011358613285891661,-119.91865829640312,-145.16295137432212,25.244293077918996,28.34391582471335,1.309250905509313,236.39685127294513,89.41193460524237,52.29778712488673,22.596764898398717
4,2193.8741567453626,254.0903557885028,1,1,2,33.0,2164.895644176565,439.7810408129613,2193.8741567453626,1.0002541746546019,0.9737690089061992,1.0210279597928789,0.011673066155467133,45.439314909309076,19.231796634067393,26.207518275241682,28.97851256879767,1.338563946338387,290.74844831873423,85.01571245996789,99.60055793999787,22.14662472418613
5,2201.0637583315156,300.6399929112472,1,1,2,32.0,2164.895644176565,439.7810408129613,2201.063758331516,1.0009858944927286,0.9709877828490482,1.0251670567444102,0.01143835144967248,-59.071838636723314,-89.15110166719059,30.079263030467274,36.16811415495067,1.6706631680949915,334.73180219698094,98.44422759707584,99.32663136052618,24.883930401512213
6,2187.355758761353,227.46671807914382,2,5,7,33.0,2164.895644176565,439.7810408129613,2187.3557587613536,1.0036868772958714,0.9763847371390935,1.0358753423408318,0.013173623420142893,1.450353839065997,-18.525277531935984,19.97563137100198,22.460114584788244,1.0374686948631708,225.02006788582406,77.51852076436266,60.805638961234564,20.513802317483062
7,2194.2674304239717,300.78337515236666,1,1,2,33.0,2164.895644176565,439.7810408129613,2194.2674304239717,1.0008953304525303,0.973095416126288,1.025074084029746,0.01153206261509012,-2.8027817417277845,-28.545855698565845,25.74307395683806,29.371786247406817,1.3567298879470289,241.9002228028265,90.78021197866224,51.91119634663741,22.867225672188535
8,2194.909907448568,311.09551225331404,1,1,2,33.0,2164.895644176565,439.7810408129613,2194.909907448568,1.00051145999469,0.9719027096350292,1.0243508032003148,0.01164021268988511,-1.8921655916659859,-28.36501345640309,26.472847864737105,30.014263272003063,1.386406931564557,278.76087309340403,89.78368682767449,55.752174618680804,22.618250075669767
9,2186.244956308847,224.96406054426902,1,1,2,33.0,2164.895644176565,439.7810408129613,2186.244956308847,1.0035133972782218,0.9775939874406918,1.0276524981568138,0.01108974290743429,-7.053597841215463,-27.101332313088022,20.04773447187256,21.349312132282193,0.9861589490334335,220.31168632581281,76.21709246759727,60.48566878642495,19.993519789080334
10,2188.9766956510175,233.57769402496766,1,1,2,32.0,2164.895644176565,439.7810408129613,2188.9766956510175,1.0029755723403901,0.9777325610802917,1.0270409789806454,0.010813683731315027,-17.132155493408447,-38.03207824885999,20.89992275545154,24.08105147445258,1.1123423680595927,207.35572628282137,83.27110393568668,62.41602239308441,21.388479907618784
11,2201.3034373534256,307.67681155029175,1,1,2,32.0,2164.895644176565,439.7810408129613,2201.3034373534256,1.0007636075938666,0.9703131633910556,1.0248106299825404,0.01155004469846872,117.28104079525474,86.84203063344103,30.439010161813712,36.40779317686065,1.6817343263078457,329.91936001995276,99.42044545545748,96.51975579526304,25.182845468181284
12,2191.7304589529717,257.9980127286868,1,1,2,33.0,2164.895644176565,439.7810408129613,2191.7304589529713,1.0012480262743975,0.97343499042844,1.0229901551682232,0.011547781363400731,-7.024748803746377,-32.71309350976156,25.688344706015187,26.8348147764068,1.2395431090912299,255.46121034861008,85.21116544836615,92.49982559283757,22.042037652879092
13,2193.8096842494397,297.3170348069981,1,1,2,33.0,2164.895644176565,439.7810408129613,2193.8096842494397,1.0009989868890221,0.9736178596187507,1.0251524810072004,0.011455800786861018,50.40195418024504,25.253212358346275,25.148741821898767,28.91404007287474,1.335585858406234,234.0075642663379,89.88449044077706,52.232334044595596,22.692027910962274
14,2191.7304589529717,257.9980127286868,1,1,2,33.0,2164.895644176565,439.7810408129613,2191.7304589529713,1.0012480262743975,0.97343499042844,1.0229901551682232,0.011547781363400731,-7.024748803746377,-32.71309350976156,25.688344706015187,26.8348147764068,1.2395431090912299,255.46121034861008,85.21116544836615,92.49982559283757,22.042037652879092
15,2184.35125551703,209.43185447812104,1,1,2,33.0,2164.895644176565,439.7810408129613,2184.35125551703,1.0020600694239983,0.9730985196840398,1.0298257964241582,0.014131103098151474,29.681741332674108,10.631628616045646,19.050112716628462,19.45561134046511,0.8986858739727016,253.1676322519619,69.17682201460403,59.536134840265284,18.174457201881328
16,2191.7304589529717,257.9980127286868,1,1,2,33.0,2164.895644176565,439.7810408129613,2191.7304589529713,1.0012480262743975,0.97343499042844,1.0229901551682232,0.011547781363400731,-7.024748803746377,-32.71309350976156,25.688344706015187,26.8348147764068,1.2395431090912299,255.46121034861008,85.21116544836615,92.49982559283757,22.042037652879092
17,2185.0260255662474,202.76816609848208,8,1,9,32.0,2164.895644176565,439.7810408129613,2185.0260255662474,1.0028553254721648,0.9782082741894165,1.0277248515424515,0.010415142106626352,-3.006692871349884,-20.770778988839396,17.764086117489512,20.130381389682498,0.9298545841612262,229.35916528180843,72.74768679671399,62.75398420725911,19.306371032576028
18,2185.903206718951,213.67679474745327,2,1,3,32.0,2164.895644176565,439.7810408129613,2185.903206718951,1.003763974398934,0.9782060376627214,1.0281558404708406,0.010897325710426564,5.443165157157637,-14.239239400967165,19.6824045581248,21.00756254238604,0.9703729876724119,222.391502066147,75.85115331242501,55.79413195382853,19.945674138995034
19,2193.611195280367,281.33509264220106,1,1,2,33.0,2164.895644176565,439.7810408129613,2193.611195280367,1.0013568379260909,0.9645046656509823,1.0268686398797673,0.013300167365219127,43.08876114023553,14.021426206644236,29.067334933591297,28.715551103802227,1.3264173347590809,242.1019002196408,90.62422144070705,55.55071734597564,23.32219590044907
20,2158.9305827261855,301.321467165875,1,1,2,33.0,2128.086745037853,437.7152269407288,2158.9305827261855,1.0025299733116118,0.9728061951521639,1.0275894945700343,0.01169074654678001,62.11281464980172,32.61684729041116,29.495967359390562,30.84383768833277,1.4493693812177821,266.38425015800016,86.19716983051018,99.3048182615185,22.86470982724498
21,2155.3812564599975,258.3698127507589,1,1,2,33.0,2128.086745037853,437.7152269407288,2155.3812564599975,1.0035107618218684,0.9813069440083714,1.029083550798491,0.010005512074957753,21.891246461204787,-0.20924925008654327,22.10049571129133,27.29451142214475,1.2825845321290819,180.45851986607616,83.78914522568928,96.83209892440424,22.4907432283993
22,2156.446224274187,314.3458159060149,1,1,2,33.0,2128.086745037853,437.7152269407288,2156.446224274187,1.0010381778648885,0.9743540451347721,1.022625760617906,0.01126660550721498,23.076170646540305,-7.960453908987546,31.03662455552785,28.35947923633421,1.3326279721661334,250.3818332721981,86.73914874102687,62.59545831804952,22.527788045806776
23,2159.8384160019314,305.53191452704664,1,9,10,33.0,2128.086745037853,437.7152269407288,2159.8384160019314,1.0023940996113132,0.9728997559249188,1.0365666473638733,0.013646115256355064,16.155275612977306,-12.62676217082742,28.782037783804725,31.751670964078585,1.4920289804029492,300.3539664241582,92.78149603667188,98.81395878293966,24.277116928568518
24,2157.7039405301916,315.3098116916305,1,1,2,32.0,2128.086745037853,437.7152269407288,2157.7039405301916,1.001244397223718,0.9747259084928583,1.026304270636945,0.011259463574595934,23.62285849344221,-5.876141488311077,29.498999981753286,29.61719549233885,1.3917287705211492,264.62142040951557,92.39988138507802,52.92428408190312,23.264030759181036
25,2151.16454711571,245.30067742297717,1,1,2,32.0,2128.086745037853,437.7152269407288,2151.16454711571,1.00405024714317,0.9788974577660873,1.0301063027848123,0.010557044235543277,8.202503035530583,-15.39714097244854,23.599644007979123,23.077802077857086,1.0844389746643808,212.43270560377204,83.30047952254172,55.98558828821194,21.834774641040358
26,2160.321559107593,310.53150120649053,1,1,2,33.0,2128.086745037853,437.7152269407288,2160.321559107593,1.001773508758201,0.9723579152614538,1.0280674382638042,0.011269849350935068,51.47367665917261,22.11712090991705,29.356555749255563,32.23481406974042,1.5147321482502376,302.16739593075914,95.3372823111464,95.79968058047498,24.554433182144496
27,2152.452508841419,265.2176176131934,0,0,0,32.0,2128.086745037853,437.7152269407288,2152.452508841419,0.9993879100398543,0.9770455480500879,1.0234541289865626,0.011624378577326311,105.39294473177347,81.3436343260064,24.049310405767073,24.365763803566097,1.1449610247505535,211.9356406077032,85.23418951610343,51.349935119653075,21.767963314498445
28,2159.357361515646,290.62705067592236,1,3,4,33.0,2128.086745037853,437.7152269407288,2159.3573615156465,1.0026769588480418,0.9755349743622951,1.027544463312138,0.01070758508806577,179.2235783531812,-179.6762890448152,358.89986739799645,31.270616477793283,1.4694239579616886,261.84370203483377,93.17768227479523,98.72588038911161,24.168529961238512
29,2157.4281138383853,313.08094804348383,1,1,2,32.0,2128.086745037853,437.7152269407288,2157.428113838386,1.001674486584618,0.9747677548928042,1.0269931949283588,0.011152947616935726,13.302290773692192,-15.809912361623049,29.11220313531524,29.341368800532564,1.378767518239049,263.1874813933143,92.19339960916135,52.63749627866285,23.25211182730234
30,2157.3443214077147,325.67412687420784,1,1,2,33.0,2128.086745037853,437.7152269407288,2157.3443214077142,1.0004504428390486,0.9739745811010007,1.0238428283994228,0.011444721512749232,-106.00426143579922,-133.92763084999132,27.923369414192095,29.25757636986191,1.374830064520772,269.01307560486674,93.39829936967372,53.80261512097335,23.397169529710247
31,2155.2160694148342,279.28709645628106,1,1,2,33.0,2128.086745037853,437.7152269407288,2155.2160694148342,1.0033056499242303,0.977673884088597,1.028742641429416,0.010643436405262418,-2.4045207632353254,-27.033819501674827,24.629298738439502,27.129324376981458,1.2748222994311682,236.37836294937156,87.67391215757564,87.29058301850053,22.80353707337447
32,2153.841490266015,252.3196342182114,1,3,4,33.0,2128.086745037853,437.7152269407288,2153.8414902660156,1.0038508574862692,0.9794095049861946,1.0297262758026946,0.0101786149704516,-1.3970474125728458,-26.607242406565433,25.210194993992587,25.754745228162392,1.2102300476339034,201.90276627499642,83.27142072892568,99.31758138313968,22.38095859313177
33,2151.358125168665,230.64875459946097,1,9,10,32.0,2128.086745037853,437.7152269407288,2151.3581251686655,1.0040657054456712,0.9801418206023577,1.0299016362917672,0.010373413204951543,-99.59019345801393,-119.6428544887482,20.05266103073427,23.271380130812304,1.0935353168791233,191.28181177458876,83.5977615989298,80.60694208939479,21.955096853332506
34,2155.2160694148342,279.28709645628106,1,1,2,33.0,2128.086745037853,437.7152269407288,2155.2160694148342,1.0033056499242303,0.977673884088597,1.028742641429416,0.010643436405262418,-2.4045207632353254,-27.033819501674827,24.629298738439502,27.129324376981458,1.2748222994311682,236.37836294937156,87.67391215757564,87.29058301850053,22.80353707337447
35,2157.2040658332244,287.19605476625054,1,1,2,33.0,2128.086745037853,437.7152269407288,2157.2040658332244,1.0026957303689825,0.9789265528782836,1.0281530262045395,0.010318431323643698,153.61179310687686,129.66170190987015,23.950091197006714,29.117320795371597,1.368239375733421,216.09643057330285,87.80290028743138,92.82388342055758,22.978357407176066
36,2155.2160694148342,279.28709645628106,1,1,2,33.0,2128.086745037853,437.7152269407288,2155.2160694148342,1.0033056499242303,0.977673884088597,1.028742641429416,0.010643436405262418,-2.4045207632353254,-27.033819501674827,24.629298738439502,27.129324376981458,1.2748222994311682,236.37836294937156,87.67391215757564,87.29058301850053,22.80353707337447
37,2156.093371383884,293.7172647065306,1,1,2,32.0,2128.086745037853,437.7152269407288,2156.093371383884,1.0026481850447364,0.9749835265819232,1.0289247149503102,0.010837560039967107,7.400719449687159,-20.72160603703219,28.122325486719348,28.006626346031226,1.3160472152432425,272.5339348708014,91.68710532383268,61.30166512421638,23.12325321143733
38,2158.8786120199634,276.3138961578127,1,1,2,33.0,2128.086745037853,437.7152269407288,2158.878612019964,1.0027955369051866,0.9825597334048592,1.0271708943377338,0.010282125357376017,171.7451161901497,151.57059148249868,20.174524707651017,30.791866982110605,1.4469272483327695,248.91970213456443,90.75402524313058,98.74844753489236,24.134849373241433
39,2122.498819297928,219.2442206325441,1,9,10,33.0,2096.666079140772,430.52932764656924,2122.498819297928,1.0047694120776003,0.9781439429976873,1.029961384277039,0.010317590475695141,-3.004675404275133,-25.09507219120917,22.090396786934036,25.832740157155968,1.2320865212710648,202.8462288103452,81.17287473679222,99.88785392857807,21.745071477037595
40,2124.8391294350286,221.46692850713595,1,1,2,33.0,2096.666079140772,430.52932764656924,2124.8391294350286,1.0047152843242193,0.9753989256101866,1.0300135907617174,0.010767640015934278,8.975692532184269,-14.314457673339263,23.29015020552353,28.173050294256427,1.3437070678322764,223.14452083121975,84.72629375989793,98.64240707167302,22.452533508650912
41,2126.2939624140686,239.07627994961794,1,1,2,33.0,2096.666079140772,430.52932764656924,2126.2939624140686,1.0040210881329104,0.9753012901270384,1.0291207482730935,0.010867149606733562,101.84566043532993,76.60190324380926,25.24375719152067,29.627883273296447,1.4130949877072534,270.77914631085616,82.64485577630549,99.62628018186172,21.99290043848502
42,2124.329163867559,209.12101316836183,1,5,6,32.0,2096.666079140772,430.52932764656924,2124.3291638675587,1.0045468491835965,0.976768244283475,1.0296439024063666,0.010523446757707056,-42.91681729193658,-66.2841546122475,23.367337320310924,27.66308472678702,1.3193843789433335,228.36138026925497,82.38239036555181,99.91245231155143,22.010822382290616
43,2131.217540693004,305.1878706370795,1,1,2,32.0,2096.666079140772,430.52932764656924,2131.2175406930037,1.0021702747687617,0.9708560961952055,1.0286168307850514,0.011732815301493744,20.532188192699493,-6.267388561135959,26.799576753835453,34.55146155223201,1.6479239062422106,289.49431606348776,94.34298451312445,57.89886321269755,23.94088874746355
44,2119.672376817992,214.05922954976114,10,15,25,32.0,2096.666079140772,430.52932764656924,2119.672376817992,1.0043816703461657,0.9811922583155909,1.0299954563926608,0.010031164056038206,177.09056466361437,158.1474548287274,18.943109834886968,23.006297677219663,1.0972800059152863,246.62923403599154,78.95372584488287,66.19360270890786,20.638177209721277
45,2121.436927478163,199.99715471099006,0,0,0,32.0,2096.666079140772,430.52932764656924,2121.436927478163,1.0012087303671635,0.9759824099926743,1.0249575548527954,0.011214137918275835,113.7667145729065,90.8933174610138,22.8733971118927,24.770848337390817,1.1814398384096565,214.3847479410021,79.92722916829996,87.79012580003854,20.995264109680775
46,2120.944279724027,190.43187073484432,1,1,2,33.0,2096.666079140772,430.52932764656924,2120.944279724027,1.0042398901354854,0.9761100301190156,1.0333395504635443,0.013229064248666928,37.70398792647728,16.980778548650022,20.72320937782726,24.278200583255057,1.1579431185916085,174.1337815132472,74.38768902702853,99.50501800756982,20.10448154046795
47,2126.1107034988813,228.54758963680501,1,6,7,32.0,2096.666079140772,430.52932764656924,2126.1107034988813,1.0042657670776274,0.9751839616222061,1.0298726664660098,0.01087906127361442,24.62234543186699,1.014831655727562,23.607513776139427,29.444624358109195,1.4043544964573376,245.33956330510688,86.50658255370874,90.7331205209217,22.633720633457862
48,2124.300961784262,238.7186624562869,1,1,2,32.0,2096.666079140772,430.52932764656924,2124.3009617842617,1.0040118539582532,0.9756641875683365,1.030505149344099,0.010746468481673923,178.60674939257672,-178.87474176922984,357.48149116180656,27.634882643490073,1.3180392871532043,226.07068953831754,87.50933408410187,61.13874968537345,22.266573305909862
49,2129.3322396034227,303.68787562169996,1,1,2,33.0,2096.666079140772,430.52932764656924,2129.332239603423,1.0017796779287556,0.9735056012710962,1.0284227356001108,0.011230083199099876,67.80117017754694,41.83931396178349,25.961856215763447,32.66616046265062,1.5580049101589624,246.84850413056668,91.27936135971144,50.34351052470705,23.164208407619707
50,2130.73423014208,256.67633952404384,1,1,2,32.0,2096.666079140772,430.52932764656924,2130.7342301420795,1.0031744495926898,0.9743362053688702,1.028645984356329,0.010543824461631532,56.278458496198425,28.328978327057968,27.949480169140458,34.0681510013078,1.6248725221552283,242.31929706439885,91.71396891120375,99.7702316536305,23.901887291107915
51,2121.4895607445333,234.13508045363344,1,1,2,32.0,2096.666079140772,430.52932764656924,2121.4895607445333,1.0042266113198233,0.9769375425209771,1.0307786059685826,0.010677913644948599,-101.89587010207538,-124.10273012327414,22.206860021198764,24.823481603761138,1.1839501697825896,214.6325404620442,82.33238792591742,53.672666437604796,21.23539933758936
52,2123.2515686054535,207.04888551451003,1,1,2,33.0,2096.666079140772,430.52932764656924,2123.2515686054535,1.0048977934049204,0.9781295224676358,1.030353763823545,0.010328553702631348,17.96893852759098,-5.580700531243167,23.549639058834146,26.58548946468136,1.2679887240593062,220.77648254739643,81.06448012057818,98.95370041504391,21.39310710437215
53,2121.482683248826,211.0463280740144,1,1,2,33.0,2096.666079140772,430.52932764656924,2121.482683248826,1.0048101720797418,0.9707718057751317,1.0324127455542076,0.012008312854434244,-15.816671722470147,-40.7367835031975,24.920111780727353,24.81660410805398,1.1836221492276915,185.12214960058427,82.49593496502023,70.1779442972655,21.720222046335767
54,2126.873648759436,250.2471655657992,1,1,2,33.0,2096.666079140772,430.52932764656924,2126.873648759436,1.0034219747848054,0.9744602447255954,1.029434170697448,0.010991618368233433,-1.587233982076242,-26.591718490015182,25.00448450793894,30.20756961866391,1.4407429928490652,241.44822529628968,83.98801420028799,76.45977088195967,21.751822934216538
55,2123.2515686054535,207.04888551451003,1,1,2,33.0,2096.666079140772,430.52932764656924,2123.2515686054535,1.0048977934049204,0.9781295224676358,1.030353763823545,0.010328553702631348,17.96893852759098,-5.580700531243167,23.549639058834146,26.58548946468136,1.2679887240593062,220.77648254739643,81.06448012057818,98.95370041504391,21.39310710437215
56,2129.3548644522316,291.5560487528782,1,1,2,32.0,2096.666079140772,430.52932764656924,2129.354864452231,1.002660477169534,0.9719142812762411,1.029478456262248,0.011588521144676822,6.840951265531544,-21.113196911436717,27.95414817696826,32.68878531145947,1.5590839970500001,270.308687697732,94.10213385184831,54.06173753954641,23.871534848332466
57,2122.5900523962778,310.0698561517411,1,1,2,33.0,2089.304411677936,425.93219310796417,2122.5900523962778,1.0013216597218693,0.9754383499456807,1.0252138102116612,0.011232798834879517,-2.6348058449080156,-32.112159696226456,29.47735385131844,33.28564071834171,1.5931446146523838,272.1942989447268,94.23259647888953,58.27678960874869,23.721640135911144
58,2115.2967133691277,230.82718417300765,1,1,2,33.0,2089.304411677936,425.93219310796417,2115.2967133691277,1.0033314594041705,0.9803751246699631,1.025678846080278,0.01020954544841859,-31.464218343595547,-55.54784124468313,24.08362290108758,25.992301691191642,1.2440648450226086,204.08972208902077,80.53228903897876,89.66528949687171,21.165458246233943
59,2113.5965896945745,240.86310836787735,1,1,2,33.0,2089.304411677936,425.93219310796417,2113.5965896945745,1.004374776764761,0.9813420537511282,1.02942073307624,0.00993820328490904,51.72658686276165,29.89167051553025,21.8349163472314,24.292178016638445,1.162692132408279,205.84078125006533,82.0388889541886,55.64780778449608,21.105518913205845
60,2122.5900523962778,310.0698561517411,1,1,2,33.0,2089.304411677936,425.93219310796417,2122.5900523962778,1.0013216597218693,0.9754383499456807,1.0252138102116612,0.011232798834879517,-2.6348058449080156,-32.112159696226456,29.47735385131844,33.28564071834171,1.5931446146523838,272.1942989447268,94.23259647888953,58.27678960874869,23.721640135911144
61,2118.08416273165,282.2817812037862,1,1,2,33.0,2089.304411677936,425.93219310796417,2118.08416273165,1.00342725453734,0.9787769065548643,1.027809396557422,0.010291885718952822,-107.45518444316458,-133.4585995580844,26.003415114919804,28.77975105371388,1.3774800308108595,230.61345828107497,92.06016521596473,54.360610241826826,23.0865146482226
62,2116.6555172443727,245.57766280733654,1,1,2,32.0,2089.304411677936,425.93219310796417,2116.655517244373,1.0040622684666152,0.9847683217964801,1.028871733261281,0.00942996449183742,21.43559101826122,1.7654934530526418,19.67009756520858,27.351105566436672,1.3091010296805334,248.9599066461378,91.01109165722,59.848065497244704,23.056732961703926
63,2112.7041300941355,203.11152562800103,2,1,3,33.0,2089.304411677936,425.93219310796417,2112.7041300941355,1.0037646069696182,0.9818282840589636,1.025614020581633,0.010049005268385352,13.70645924706264,-6.665166538067325,20.371625785129964,23.39971841619945,1.119976499614384,248.0168896846235,74.29178980312818,99.4075170879953,20.216108491875477
64,2115.85086998309,222.3851106645058,1,3,4,32.0,2089.304411677936,425.93219310796417,2115.85086998309,1.0038542293370973,0.9796114466605557,1.0299915368716115,0.009657077757433095,66.41434644978739,42.07234078083201,24.34200566895538,26.54645830515392,1.2705883430282072,235.05549730192072,81.50574509332262,88.33261777833424,21.413349796290703
65,2113.5898195736304,246.76560999402102,1,1,2,33.0,2089.304411677936,425.93219310796417,2113.5898195736304,1.004374531063184,0.9796555275337255,1.029848035245121,0.010053697896152103,13.843502651522016,-9.887206999624766,23.730709651146782,24.285407895694334,1.162368095331333,243.58976834370932,81.87489791441213,54.7885136683544,21.02199346354468
66,2119.952327373394,285.8733208339737,1,1,2,33.0,2089.304411677936,425.93219310796417,2119.952327373394,1.0029759873106083,0.9774640617729854,1.028326195256156,0.010250954533927246,125.11771359100544,98.06045534331486,27.057258247690584,30.64791569545787,1.4668956579115389,257.57510943658855,92.08811695392082,53.41410544010415,23.148686926971216
67,2114.6725051753815,240.8115549614477,1,1,2,32.0,2089.304411677936,425.93219310796417,2114.672505175382,1.0044185060724564,0.9815597210157405,1.0289524722992907,0.009897771621441814,27.46162108324677,5.629271842328933,21.832349240917836,25.368093497445443,1.214188480896,206.32290121269256,85.93622486934575,55.574782677610415,21.89308813648652
68,2112.367901738053,195.60494249915055,1,1,2,32.0,2089.304411677936,425.93219310796417,2112.367901738053,1.0058347029594281,0.9823691029123719,1.0317394657762973,0.00987893241323234,58.78723546809397,36.26471360907124,22.52252185902273,23.063490060117147,1.1038836624862476,194.36594949564216,77.54134903204141,86.00386397665088,20.735460378970163
69,2118.4406488320196,237.35545513669618,1,1,2,32.0,2089.304411677936,425.93219310796417,2118.440648832019,1.004955172463265,0.9794116577883011,1.0307655803892437,0.010167237337430713,5.464369300968087,-21.748701823885426,27.213071124853514,29.136237154083574,1.3945424606979144,243.70025408940103,87.67960656618588,99.43861289479476,23.005822443362838
70,2112.8855681225323,204.001659283484,1,1,2,33.0,2089.304411677936,425.93219310796417,2112.8855681225323,1.0041443583746419,0.9820623334975885,1.0313157859127313,0.01129394129155379,-93.82090476649496,-112.24242877027069,18.42152400377573,23.581156444596218,1.128660635223472,249.8751047592898,79.5880449290206,94.55684913104024,21.14744656739972
71,2117.9210894719135,236.14246890941587,1,1,2,32.0,2089.304411677936,425.93219310796417,2117.921089471913,1.004568081865883,0.9800156839688211,1.0297261184215702,0.009993873737964886,20.595885018227705,-4.3888307273399505,24.984715745567655,28.616677793977487,1.3696748848098788,243.65822241749186,85.97842670449052,91.22501323672626,22.395945893822194
72,2116.9295743697216,234.7612538582762,1,1,2,32.0,2089.304411677936,425.93219310796417,2116.9295743697216,1.0042879932612683,0.9855049876344975,1.0288817742421987,0.009452052042339386,156.12067318731636,137.07997074434923,19.04070244296713,27.62516269178559,1.3222181764121015,246.52859548091678,89.39216329973748,82.39069170391092,23.123093505652164
73,2115.596338158063,211.0507766260499,1,1,2,32.0,2089.304411677936,425.93219310796417,2115.5963381580636,1.0048497187066496,0.9861785467717269,1.0293192533194258,0.00946711600205424,-11.181551679433113,-28.573410902283086,17.391859222849973,26.29192648012713,1.2584057322222322,242.24502984784232,84.54289940426342,99.47700423936443,22.68751440372706
74,2119.952327373394,285.8733208339737,1,1,2,33.0,2089.304411677936,425.93219310796417,2119.952327373394,1.0029759873106083,0.9774640617729854,1.028326195256156,0.010250954533927246,125.11771359100544,98.06045534331486,27.057258247690584,30.64791569545787,1.4668956579115389,257.57510943658855,92.08811695392082,53.41410544010415,23.148686926971216
75,2115.85086998309,222.3851106645058,1,3,4,32.0,2089.304411677936,425.93219310796417,2115.85086998309,1.0038542293370973,0.9796114466605557,1.0299915368716115,0.009657077757433095,66.41434644978739,42.07234078083201,24.34200566895538,26.54645830515392,1.2705883430282072,235.05549730192072,81.50574509332262,88.33261777833424,21.413349796290703
76,2099.8045647741096,245.00844900981957,1,1,2,33.0,2070.04647658899,419.9545644726345,2099.8045647741096,1.0037331756573677,0.9837957431942801,1.028504534728573,0.009429585858029594,-53.599164410478636,-72.72171873032781,19.122554319849172,29.758088185119504,1.437556524535367,416.7957535306468,87.89190563546008,96.27350092814459,23.35813117929092
77,2090.9362251824127,194.1254774391672,0,0,0,32.0,2070.04647658899,419.9545644726345,2090.9362251824123,1.0024461696824067,0.9793372509382458,1.0277154230967382,0.0107793907902285,179.168328570202,-179.4722564164549,358.6405849866569,20.88974859342261,1.0091439409536644,201.5176730739692,78.04792889098763,51.699354641182794,20.16515906488122
78,2101.4394737109124,257.79264719869605,2,7,9,33.0,2070.04647658899,419.9545644726345,2101.4394737109124,1.0043806987053878,0.9779837185016003,1.0298924936882685,0.010099580221351906,50.44317150844137,19.042014122440776,31.40115738600059,31.392997121922235,1.5165358593132374,295.1871191640397,84.25578228993311,90.89915204038034,22.143838734295525
79,2101.717621281021,247.2629094187322,1,9,10,33.0,2070.04647658899,419.9545644726345,2101.7176212810214,1.0038654309257804,0.9840507524733906,1.0261781765147509,0.009070434073140754,146.40822085394007,128.2102219095724,18.19799894436767,31.671144692030794,1.5299726383060883,251.13980870382403,94.125034219757,99.90841020764725,24.732234420983772
80,2095.483081942063,221.0007230307806,1,1,2,33.0,2070.04647658899,419.9545644726345,2095.483081942063,1.004218379176399,0.9799118633513773,1.027407082915577,0.009913777467492764,53.110168835410605,31.430013267102254,21.68015556830835,25.43660535307299,1.228793925196659,209.9877940569968,84.31764437248796,99.73405801002019,22.27575921288098
81,2100.089522951004,256.7245423556351,1,1,2,33.0,2070.04647658899,419.9545644726345,2100.0895229510033,1.0041344705966924,0.9835675696505194,1.0290854213333072,0.009350625070450536,25.10745610153876,6.701061739428411,18.406394362110348,30.043046362013683,1.4513223109617535,246.16413361636512,92.05376408361329,98.54473827585043,24.256717415080427
82,2099.853212444638,231.8241821283125,1,1,2,32.0,2070.04647658899,419.9545644726345,2099.853212444638,1.0043910332352142,0.9836715357083351,1.0291322934488827,0.009423011188385432,-143.00575462620455,-161.4337386463117,18.427984020107147,29.80673585564773,1.439906600781403,246.5802764977961,92.09836815087334,98.48045911835077,24.27067516309209
83,2105.252863689794,299.4778141554552,1,1,2,32.0,2070.04647658899,419.9545644726345,2105.2528636897946,1.0021451512959634,0.9749127155681016,1.0274787196178412,0.0110672806366115,4.225516760841202,-26.326020338796837,30.55153709963804,35.20638710080402,1.7007534612854147,272.8662149855916,96.83429355967796,54.57324299711832,24.698727103976267
84,2090.9362251824127,194.1254774391672,0,0,0,32.0,2070.04647658899,419.9545644726345,2090.9362251824123,1.0024461696824067,0.9793372509382458,1.0277154230967382,0.0107793907902285,179.168328570202,-179.4722564164549,358.6405849866569,20.88974859342261,1.0091439409536644,201.5176730739692,78.04792889098763,51.699354641182794,20.16515906488122
85,2098.4790002813947,220.13044131401205,4,16,20,32.0,2070.04647658899,419.9545644726345,2098.4790002813947,1.004799736955219,0.983863276454228,1.0293681412948514,0.009521799549434048,-119.71545440930242,-137.75989783395187,18.044443424649444,28.43252369240463,1.3735210302744298,245.52636453246976,86.95288360903135,99.90650408399236,23.301439396408576
86,2100.028444244345,234.78849149247947,1,1,2,32.0,2070.04647658899,419.9545644726345,2100.028444244345,1.0039624244394039,0.9832785707397372,1.0289096001917073,0.00942132750730796,118.45629161222462,100.04333492514479,18.412956687079827,29.981967655354765,1.4483717150524498,245.22329364254395,93.05847603282643,97.64257355411937,24.41032442871247
87,2099.4631181196205,230.00558710447237,1,1,2,33.0,2070.04647658899,419.9545644726345,2099.4631181196205,1.0045666692706579,0.976411444976746,1.0299995208678057,0.010555375303831969,18.72733159402341,-4.08985027747994,22.81718187150335,29.416641530630386,1.4210618874172791,217.26509558131366,87.9442397042101,96.02981908070022,22.858017672940765
88,2100.1574685080404,234.0425451681483,1,1,2,32.0,2070.04647658899,419.9545644726345,2100.157468508041,1.0043108659261881,0.9836555242153016,1.029022707664054,0.009423348219257194,104.32699271867659,85.88591913193602,18.441073586740572,30.11099191905032,1.4546046313253327,248.7163694130035,92.56584069078407,98.70730368053069,24.37679720828885
89,2096.7117606124593,233.97505357377005,1,1,2,33.0,2070.04647658899,419.9545644726345,2096.711760612459,1.0028985129824977,0.9817618187963645,1.0238190354927645,0.009789428975468443,11.617643983504735,-8.810680276720234,20.42832426022497,26.665284023469212,1.2881490500352486,267.33777801771765,83.66843106928654,92.30664102083315,21.936951753722866
90,2090.9362251824127,194.1254774391672,0,0,0,32.0,2070.04647658899,419.9545644726345,2090.9362251824123,1.0024461696824067,0.9793372509382458,1.0277154230967382,0.0107793907902285,179.168328570202,-179.4722564164549,358.6405849866569,20.88974859342261,1.0091439409536644,201.5176730739692,78.04792889098763,51.699354641182794,20.16515906488122
91,2095.4467197721133,217.9410499232801,1,1,2,33.0,2070.04647658899,419.9545644726345,2095.4467197721133,1.004536429569531,0.9845296543771465,1.0284330643814201,0.009579784627109218,-154.87743323527934,-175.4538745091604,20.576441273881073,25.400243183123166,1.227037338068734,266.3534835448747,78.21791728139758,87.33754965986824,21.122301706631685
92,2098.583285315184,220.78485937743227,4,15,19,32.0,2070.04647658899,419.9545644726345,2098.583285315184,1.0048600533349752,0.9840060889476898,1.0293496138199119,0.009521255739097472,42.7884512091081,24.696812386067847,18.091638823040256,28.536808726194067,1.3785588415008365,246.20660873349496,86.73215861971045,99.90661417974125,23.259422841457766
93,2095.9682841103204,261.77280940467995,1,1,2,33.0,2065.499804979039,420.88949705435044,2095.96828411032,1.003164786973267,0.9720131259375944,1.0302520971118199,0.012255457781474507,6.5276911155844175,-24.326418645070845,30.854109760655263,30.468479131281583,1.4751141131959964,233.36042749184153,89.60030194011289,55.76952304363457,23.224089704598736
94,2106.6050230571923,344.3887666194227,1,1,2,32.0,2065.499804979039,420.88949705435044,2106.6050230571923,0.9998669392973998,0.970598449767954,1.0238958220647414,0.012258972192327203,69.61975665958877,35.50225814685362,34.11749851273515,41.105218078153484,1.990085788392056,315.9603814315874,98.89330390651584,63.19207628631748,25.44337092144778
95,2101.232886291892,306.0014459249175,1,1,2,33.0,2065.499804979039,420.88949705435044,2101.232886291892,1.000502896384386,0.9768224221337134,1.0208982980096188,0.010632491051345103,-91.52600591567057,-119.26464011774021,27.738634202069647,35.7330813128533,1.729996837894445,365.45460382297176,81.13115005997227,73.09092076459434,21.23802651650962
96,2099.945120299527,269.95566025396334,1,1,2,32.0,2065.499804979039,420.88949705435044,2099.945120299527,1.0029749532349992,0.9742219696554992,1.0285916711396115,0.011021357663466822,38.61020313822047,8.793824360784527,29.816378777435943,34.445315320488135,1.66765037873425,286.1212289576324,93.40732444272622,83.07122751487435,24.178568641300505
97,2104.2134838979014,313.7029557144331,1,1,2,33.0,2065.499804979039,420.88949705435044,2104.213483897901,1.0011997104156194,0.9686648457088446,1.0239816776737563,0.011959473349060628,20.16520594565975,-16.70303854131589,36.86824448697564,38.71367891886257,1.8743007782203807,232.47979943456735,93.84980704050376,91.28573417399616,24.56856513996611
98,2101.910730386212,273.4684260678385,1,8,9,32.0,2065.499804979039,420.88949705435044,2101.910730386212,1.0028625487385883,0.9748034940670622,1.0283177453630532,0.010741048499870095,17.510472264142976,-13.355866359620222,30.8663386237632,36.41092540717318,1.762814274753354,272.7941898318269,95.63835160279916,99.75781936952305,24.87260004558333
99,2100.1181776888625,258.91006656681105,1,8,9,32.0,2065.499804979039,420.88949705435044,2100.118177688862,1.0032166179511426,0.9761874895627772,1.0279926853282446,0.010582630921231802,19.340821469601025,-10.345963643034764,29.68678511263579,34.61837270982369,1.6760288539545518,267.19790692324165,88.09161386510172,98.75875984161777,23.269686983378875
100,2101.2563199821416,237.4233473489008,1,1,2,32.0,2071.3401123516246,421.921548350443,2101.2563199821416,1.0039539053244206,0.9760957430883952,1.0284974134738176,0.01034788060069369,-7.180066284235664,-32.65185298041018,25.47178669617452,29.916207630516965,1.4442923908113106,263.6161640058439,89.45591652697331,77.20673508017826,22.887415536799754
101,2104.1810831865314,250.460420020595,1,1,2,32.0,2071.3401123516246,421.921548350443,2104.181083186531,1.0036225721515866,0.9775940771527001,1.0276345917016063,0.010132069772435645,8.034278882308314,-15.93095331049065,23.965232192798965,32.840970834906784,1.5854938857733953,231.902186265101,91.6709799103254,93.1844485444498,23.789763964784377
102,2108.6752550385527,293.7935313280267,1,10,11,33.0,2071.3401123516246,421.921548350443,2108.6752550385527,1.0018214092114708,0.9710630388972613,1.0271272130580116,0.011052271593601318,-73.31931322871715,-102.74932725061608,29.430014021898927,37.335142686928066,1.8024631717550672,357.9770684839513,100.97010063505189,99.87645260968515,25.72293069684885
103,2104.8480625546413,324.1735116262841,1,1,2,33.0,2071.3401123516246,421.921548350443,2104.8480625546413,1.0000635646248721,0.9707939794443411,1.0209733909094896,0.0114422251243161,71.93921250628102,44.050701456180775,27.88851105010025,33.50795020301666,1.6176942648484012,298.7898116621022,97.2775543958029,59.75796233242043,24.216532311414394
104,2102.058163639481,259.8229421983192,1,1,2,32.0,2071.3401123516246,421.921548350443,2102.058163639481,1.0031571051024917,0.9754654316580615,1.0266223559692271,0.01064501517851852,76.39536451709841,51.13805269107502,25.257311826023397,30.71805128785627,1.4830037377580445,253.2382629670807,90.63426187906484,54.754674190973475,22.821180422293484
105,2104.8480625546413,324.1735116262841,1,1,2,33.0,2071.3401123516246,421.921548350443,2104.8480625546413,1.0000635646248721,0.9707939794443411,1.0209733909094896,0.0114422251243161,71.93921250628102,44.050701456180775,27.88851105010025,33.50795020301666,1.6176942648484012,298.7898116621022,97.2775543958029,59.75796233242043,24.216532311414394
106,2104.72846438674,252.40199035626713,1,1,2,32.0,2071.3401123516246,421.921548350443,2104.72846438674,1.0035846345045876,0.9777403155415976,1.0275815962174812,0.010103426353064958,22.878426757064403,-1.060574095916536,23.93900085298094,33.38835203511553,1.6119203136180864,228.18665869672742,92.58544382557182,96.89108823875128,24.233499667069136
107,2098.3075955638406,237.30267953315732,5,8,13,32.0,2071.3401123516246,421.921548350443,2098.307595563841,1.003976462895771,0.9790256881985113,1.026964026433119,0.010408076880069516,-131.48646716010808,-152.34428460926392,20.857817449155846,26.96748321221594,1.3019340981911143,216.60990246330098,82.49664986904968,56.85495677408719,21.55522091634514
108,2105.189712979341,292.5960378234073,1,1,2,33.0,2071.3401123516246,421.921548350443,2105.1897129793415,1.001242740702847,0.9724074275382316,1.0199156595902041,0.011082259921196358,-132.56430177106108,-162.61414826744772,30.049846496386635,33.84960062771643,1.6341884380004812,269.3096169721793,88.74504642427739,67.32740424304482,22.63662702280852
109,2100.2981152648563,247.6402520959619,0,0,0,32.0,2071.3401123516246,421.921548350443,2100.2981152648563,0.9997688405285784,0.9750783555098883,1.0214816023258186,0.011424692106914274,65.26804000139163,41.181631343522014,24.08640865786961,28.958002913231667,1.3980322565353691,235.30007599713275,86.51903739910998,52.23187282900692,21.79619726758605
110,2097.7195715067296,220.5598510223887,1,1,2,32.0,2068.0753622343436,416.2826610478142,2097.71957150673,1.0043175579537775,0.9837948900539307,1.0282225237822042,0.00968798729962682,47.08335607808556,28.061601089273893,19.021754988811665,29.64420927238598,1.433420165131625,279.46432019067345,88.86638766728271,90.12836344630773,23.573307270518406
111,2107.352230962768,282.4927536015445,1,1,2,33.0,2068.0753622343436,416.2826610478142,2107.352230962768,1.0026792987575448,0.9714788886077121,1.0283098448316623,0.011100583336835574,105.53870562993319,75.85704513597324,29.681660493959953,39.27686872842423,1.8991991029760926,443.05165581811065,99.72541634370651,92.98886740955551,25.74554682550096
112,2107.352230962768,282.4927536015445,1,1,2,33.0,2068.0753622343436,416.2826610478142,2107.352230962768,1.0026792987575448,0.9714788886077121,1.0283098448316623,0.011100583336835574,105.53870562993319,75.85704513597324,29.681660493959953,39.27686872842423,1.8991991029760926,443.05165581811065,99.72541634370651,92.98886740955551,25.74554682550096
113,2099.60107724246,272.7979456882443,1,1,2,33.0,2068.0753622343436,416.2826610478142,2099.60107724246,1.0021139104700172,0.9729043105122218,1.02954879336594,0.013339329956136263,-32.809845659177995,-60.61875301385821,27.808907354680215,31.52571500811655,1.5243987517967548,224.53453441344809,90.76322999825159,54.150214282830966,23.25610402499176
114,2099.60107724246,272.7979456882443,1,1,2,33.0,2068.0753622343436,416.2826610478142,2099.60107724246,1.0021139104700172,0.9729043105122218,1.02954879336594,0.013339329956136263,-32.809845659177995,-60.61875301385821,27.808907354680215,31.52571500811655,1.5243987517967548,224.53453441344809,90.76322999825159,54.150214282830966,23.25610402499176
115,2103.9543126686017,252.53764605736293,1,8,9,32.0,2068.0753622343436,416.2826610478142,2103.954312668602,1.0037592913701663,0.9798941989511761,1.0275947487698482,0.009956577104661668,68.61774349472074,44.53230638911157,24.085437105609174,35.87895043425806,1.7348956952658885,212.9021232161124,95.02589269817801,99.20186360360854,24.71675047418445
116,2098.506383951516,221.71337393083462,1,1,2,33.0,2068.0753622343436,416.2826610478142,2098.506383951516,1.0031525822316405,0.9747092540514338,1.0309269435403665,0.012733160563178266,101.97518383174088,76.0085336373171,25.966650194423778,30.43102171717237,1.471465802111523,254.0527387763651,86.56535402892644,99.96159097288206,22.917224255998285
117,2098.7801898315365,220.81457306145768,1,7,8,33.0,2068.0753622343436,416.2826610478142,2098.780189831537,1.0048642742579688,0.9800122910578699,1.0299876956379774,0.01023191513278251,39.20883092653227,13.744960543811686,25.463870382720586,30.70482759719289,1.4847054492259637,246.4914245002622,84.2162308400405,98.736946421201,22.150977602088204
118,2103.9543126686017,252.53764605736293,1,8,9,32.0,2068.0753622343436,416.2826610478142,2103.954312668602,1.0037592913701663,0.9798941989511761,1.0275947487698482,0.009956577104661668,68.61774349472074,44.53230638911157,24.085437105609174,35.87895043425806,1.7348956952658885,212.9021232161124,95.02589269817801,99.20186360360854,24.71675047418445
119,2110.478796072833,215.25925114106778,1,1,2,33.0,2086.972534306539,426.3877397633727,2110.4787960728336,1.0037308245597514,0.9814323625687542,1.0258483673944494,0.010239285306112544,63.07671839145755,43.24952743467685,19.827190956780697,23.5062617662943,1.126333067632104,214.99356744487667,77.53001351106221,93.363380329458,20.720564767657113
120,2115.244148646893,224.78408491255908,1,1,2,32.0,2086.972534306539,426.3877397633727,2115.244148646893,1.004285010013649,0.9788104384004805,1.028390526722626,0.010342800054546342,34.09021393351077,10.08946938480986,24.000744548700908,28.271614340354063,1.3546711265056577,249.71852156563847,85.41991638501239,97.58925616344766,22.423621939489106
121,2109.9069319671516,198.7930789846779,1,1,2,32.0,2086.972534306539,426.3877397633727,2109.9069319671516,1.0051796530565227,0.9811466246961414,1.0298089252123312,0.010085077392370526,52.267782401514694,31.480575251983822,20.78720714953087,22.93439766061283,1.098931456145564,218.18082297372635,79.98492338732488,78.05401500520894,20.935396691403664
122,2114.729588644129,261.99517312764505,1,1,2,33.0,2086.972534306539,426.3877397633727,2114.729588644129,1.003242232835022,0.9782450166477931,1.0273107117549405,0.010600969387440005,-52.0691468698048,-79.91152721958656,27.842380349781763,27.757054337590034,1.330015315549573,260.39792059682134,88.71853633623151,52.07958411936426,22.51631983691184
123,2108.761585649693,208.5563095800951,1,1,2,33.0,2086.972534306539,426.3877397633727,2108.761585649693,1.0043585822812415,0.9812378822929853,1.0247609267057898,0.00987334707647225,18.619458758617498,-5.370737170925025,23.990195929542523,21.78905134315437,1.0440506995169658,215.6664361694412,72.64164682020689,65.87614380868133,20.023020361744724
124,2109.9069319671516,198.7930789846779,1,1,2,32.0,2086.972534306539,426.3877397633727,2109.9069319671516,1.0051796530565227,0.9811466246961414,1.0298089252123312,0.010085077392370526,52.267782401514694,31.480575251983822,20.78720714953087,22.93439766061283,1.098931456145564,218.18082297372635,79.98492338732488,78.05401500520894,20.935396691403664
125,2113.944785036422,249.06738357942086,1,1,2,32.0,2086.972534306539,426.3877397633727,2113.944785036422,1.002212679711742,0.9774699618898586,1.0290711721628993,0.009934442471973252,-48.97258317004227,-75.26282833764097,26.290245167598698,26.9722507298834,1.2924104312108622,234.42182970178015,89.43291554993647,54.82381419800152,22.517728065374044
126,2109.1826423199,251.53410182886518,1,1,2,33.0,2086.972534306539,426.3877397633727,2109.1826423199,1.0044082277751736,0.9805933148474509,1.029299035859544,0.010175649591671599,8.147001948184453,-13.898653433519769,22.045655381704222,22.21010801336115,1.064226176830887,231.32458499011284,81.76789397169219,46.26491699802257,20.527145549598426
127,2114.718958067857,230.03413099176373,1,1,2,33.0,2086.972534306539,426.3877397633727,2114.718958067857,1.001816318771674,0.9778769265980376,1.0222900494027483,0.010817291249640298,-26.52986008736977,-50.94125755197743,24.41139746460766,27.746423761318056,1.329505937678172,293.9650696981496,82.39244053996937,99.96220885462634,21.660354492199684
128,2112.4264036876616,242.26400744587423,1,1,2,32.0,2086.972534306539,426.3877397633727,2112.426403687662,1.0040950051568618,0.9789504947291827,1.0288415073072061,0.010361989078204036,-64.03868390261891,-87.61317545526879,23.574491552649874,25.453869381122786,1.2196552164775192,241.41441662010817,86.31916502005701,55.38974098016097,21.913533328622076
129,2111.6276678191334,192.76410711378767,1,1,2,32.0,2086.972534306539,426.3877397633727,2111.627667819133,1.0050675662894921,0.981215988328876,1.028918227113798,0.01012593090690142,148.3263460219522,127.32452133999033,21.001824681961864,24.655133512594603,1.181382749763261,223.99736026664976,77.7036541857345,99.77096343991411,20.99972897420618
130,2115.3637921306313,233.74674348920553,1,1,2,33.0,2086.972534306539,426.3877397633727,2115.3637921306313,1.0041859157462054,0.9792635740432929,1.0278626731098701,0.010485821259223095,13.855651597050041,-8.84165426606333,22.69730586311337,28.391257824092463,1.3604039994482409,238.19024168784622,83.34981599028619,95.36959457533182,21.945250245903285
131,2107.753801100519,198.72669661407258,5,4,9,32.0,2086.972534306539,426.3877397633727,2107.753801100519,1.0055096330302953,0.9824483466094913,1.0304264594667523,0.010058646834020682,-71.51236307626027,-90.4198367752656,18.907473699005322,20.781266793980194,0.9957613937111737,236.46360644487493,75.51045130374196,57.799850470130764,20.055750776407052
132,2117.514424780707,271.0489393571649,1,1,2,33.0,2086.972534306539,426.3877397633727,2117.514424780707,1.002108578370268,0.9744202510003882,1.0265197818094083,0.011617969671377473,26.348913798490543,-1.0402736246570328,27.389187423147575,30.541890474168213,1.4634543565910751,300.9488955008671,89.0595432073518,62.119284115891894,22.691329984583952
133,2111.462601007607,256.0553902962952,1,1,2,33.0,2086.972534306539,426.3877397633727,2111.462601007607,1.002110797902023,0.9730583953985014,1.0289871606724916,0.013604122140270875,38.665170091259654,13.156183584026905,25.50898650723275,24.490066701068372,1.1734733590639206,206.77650036068744,83.08134809632062,55.72597338686853,21.28765253157449
134,2108.761585649693,208.5563095800951,1,1,2,33.0,2086.972534306539,426.3877397633727,2108.761585649693,1.0043585822812415,0.9812378822929853,1.0247609267057898,0.00987334707647225,18.619458758617498,-5.370737170925025,23.990195929542523,21.78905134315437,1.0440506995169658,215.6664361694412,72.64164682020689,65.87614380868133,20.023020361744724
135,2109.9069319671516,198.7930789846779,1,1,2,32.0,2086.972534306539,426.3877397633727,2109.9069319671516,1.0051796530565227,0.9811466246961414,1.0298089252123312,0.010085077392370526,52.267782401514694,31.480575251983822,20.78720714953087,22.93439766061283,1.098931456145564,218.18082297372635,79.98492338732488,78.05401500520894,20.935396691403664
136,2109.9069319671516,198.7930789846779,1,1,2,32.0,2086.972534306539,426.3877397633727,2109.9069319671516,1.0051796530565227,0.9811466246961414,1.0298089252123312,0.010085077392370526,52.267782401514694,31.480575251983822,20.78720714953087,22.93439766061283,1.098931456145564,218.18082297372635,79.98492338732488,78.05401500520894,20.935396691403664
137,2120.468190268097,280.9270708564901,1,1,2,33.0,2086.972534306539,426.3877397633727,2120.468190268097,1.0021030470636565,0.9749504608202364,1.0256160591739554,0.010614317495433947,61.928374081760666,33.34184375569319,28.586530326067475,33.495655961557986,1.604987866919291,313.90962091085447,87.88116108047294,99.80180038044705,23.029190448674626
138,2145.7478128401076,236.3131543072704,1,1,2,33.0,2118.0733680817466,429.86136054947326,2145.7478128401076,1.0015708426805976,0.9771304603072551,1.0202808271933896,0.010687579859899743,11.418186253770841,-7.678091251692905,19.096277505463746,27.674444758361005,1.3065857479443514,256.49524918934065,84.0897384082402,92.70179815885727,21.87432844439519
139,2152.803610065971,277.49950064125204,1,1,2,33.0,2118.0733680817466,429.86136054947326,2152.803610065971,1.0021992594125273,0.9726270446068593,1.0250399001429253,0.010889356160105172,19.52334626565775,-7.998458775369301,27.52180504102705,34.73024198422445,1.639709110533703,264.6658102210938,91.13218830740072,95.97247855596534,23.49440889403205
140,2151.151536295252,274.8673377963288,1,1,2,32.0,2118.0733680817466,429.86136054947326,2151.151536295252,1.0025049937006207,0.9706212818418906,1.0262506948296195,0.011371006810204334,-28.925606299869656,-55.957474929953776,27.03186863008412,33.07816821350525,1.5617102179733655,318.7464212168777,95.54884744086463,64.57910387596479,23.9333831402665
141,2145.820923948577,215.4212842869238,1,1,2,32.0,2118.0733680817466,429.86136054947326,2145.820923948577,1.0040521850556259,0.9769152606588366,1.0266549825080822,0.010289825505100441,-94.83737446357758,-117.29018368847008,22.452809224892505,27.747555866830226,1.310037522069411,219.1459875493536,86.87127608607521,98.1230479652055,22.89450615067556
142,2152.4434377020907,303.6803055399125,1,1,2,33.0,2118.0733680817466,429.86136054947326,2152.4434377020907,1.0014241965054416,0.971869867881888,1.0242434538515701,0.011330388838084758,1.6225296980512667,-26.987332678361156,28.609862376412423,34.37006962034411,1.622704394393651,283.4745390756389,95.28509037923122,56.694907815127785,23.856241891997975
143,2142.026959548023,224.82555300175093,5,9,14,32.0,2118.0733680817466,429.86136054947326,2142.026959548023,1.0036689180705474,0.9780083068845464,1.0263399225037735,0.010645182313332321,56.2362808595293,37.07649066411847,19.159790195410835,23.95359146627652,1.1309141518534989,219.55004959312836,80.02966233276396,56.698561989023155,20.840567279887704
144,2141.6836539557926,219.41050206787972,1,1,2,33.0,2118.0733680817466,429.86136054947326,2141.6836539557926,1.003639294275216,0.9774159772639438,1.023214383455892,0.010353625911908153,11.168130085374344,-11.232010702089923,22.400140787464267,23.610285874045985,1.114705761841898,248.78499124702773,76.23193544717728,62.19624781175693,20.462301564435183
145,2150.292029785138,264.2259337677299,1,1,2,33.0,2118.0733680817466,429.86136054947326,2150.292029785138,1.0033270578800142,0.9757791973984221,1.0254033553949684,0.010624679463309462,16.61754954542525,-11.024781505356344,27.642331050781593,32.21866170339126,1.521130579748066,258.1009462418774,84.46879639247923,92.53582903343187,22.09568461638105
146,2155.613014676989,313.25364684240446,1,1,2,33.0,2118.0733680817466,429.86136054947326,2155.613014676989,1.000678375651342,0.9724254256734854,1.0215388339145435,0.011895884846387752,39.73472133575646,4.607542382267383,35.12717895348908,37.53964659524263,1.7723487373452398,287.7486532416397,96.22491776589197,65.46405066500058,24.133687886119652
147,2156.1855549052157,298.34926225417576,1,1,2,33.0,2118.0733680817466,429.86136054947326,2156.1855549052157,1.001445944932126,0.9700031531763598,1.0241499364827946,0.011169228232106558,3.610403258309418,-25.10053945924693,28.71094271755635,38.112186823469074,1.7993799175137044,327.78841078336785,98.83502965490784,99.13152541452594,25.33627270953758
148,2145.400006125873,214.34761424878965,1,1,2,32.0,2118.0733680817466,429.86136054947326,2145.4000061258726,1.0041209509805795,0.9769543015406922,1.0262879562674503,0.010385513085275874,64.7769383687974,43.16193953360738,21.614998835190022,27.326638044126412,1.2901648477302297,229.91015216392694,82.94255399787468,94.4659981185355,21.99281712272074
149,2145.670774534052,213.8311866375357,1,1,2,33.0,2118.0733680817466,429.86136054947326,2145.6707745340523,1.0034377777827241,0.9651655333845464,1.027045095712712,0.012328819755206827,53.21889152434113,31.542229962694194,21.676661561646938,27.597406452305222,1.3029485601482764,222.16043767790583,84.67204586950291,94.56296435652956,22.74986108899607
150,2151.151536295252,274.8673377963288,1,1,2,32.0,2118.0733680817466,429.86136054947326,2151.151536295252,1.0025049937006207,0.9706212818418906,1.0262506948296195,0.011371006810204334,-28.925606299869656,-55.957474929953776,27.03186863008412,33.07816821350525,1.5617102179733655,318.7464212168777,95.54884744086463,64.57910387596479,23.9333831402665
151,2150.069293280486,270.4556079579625,1,1,2,32.0,2118.0733680817466,429.86136054947326,2150.069293280486,1.0026033852389489,0.9729353967781587,1.0260906358451725,0.010898614886762036,18.65414141250409,-7.715013460066245,26.369154872570334,31.995925198739315,1.510614584031937,282.70259703977524,94.60812617184276,56.540519407955045,23.61736370475371
152,2149.219087210698,268.0338986885669,1,1,2,32.0,2118.0733680817466,429.86136054947326,2149.219087210698,1.0028579131654063,0.9743788919882344,1.025654275544462,0.010978938690196356,25.348532070652993,2.7326029689379254,22.615929101715068,31.14571912895144,1.4704740448702616,265.70654384958203,92.72426269133996,54.37519551790741,23.228039825206388
153,2141.8581208717355,221.03521249604063,0,0,0,32.0,2118.0733680817466,429.86136054947326,2141.8581208717355,1.0005259811836609,0.9756695374471811,1.0228600851692973,0.011389661691468047,179.57531863451004,-179.94147151708603,359.51679015159607,23.784752789988943,1.1229428190927035,206.90588676761078,82.91325473621816,54.25216259485115,21.22130970804788
154,2151.6894965023544,296.59043841837587,1,1,2,33.0,2118.0733680817466,429.86136054947326,2151.6894965023544,1.0014540117775261,0.9715197144259139,1.0245729142963604,0.011456688430718506,13.764503654407264,-15.175827910342633,28.940331564749897,33.616128420607765,1.5871087813663667,296.540336971688,95.72249068719069,59.308067394337606,23.983032942571164
155,2144.160010627086,202.98168976128122,2,9,11,32.0,2118.0733680817466,429.86136054947326,2144.160010627086,1.0033497556060231,0.9766243392709136,1.0260815492227602,0.01016444069352023,4.490474285469645,-17.275887911218206,21.76636219668785,26.0866425453396,1.2316212902938872,224.07523294026626,82.42975583847546,99.60819570338802,21.94832545302117
156,2141.8581208717355,221.03521249604063,0,0,0,32.0,2118.0733680817466,429.86136054947326,2141.8581208717355,1.0005259811836609,0.9756695374471811,1.0228600851692973,0.011389661691468047,179.57531863451004,-179.94147151708603,359.51679015159607,23.784752789988943,1.1229428190927035,206.90588676761078,82.91325473621816,54.25216259485115,21.22130970804788
157,2146.890618664715,243.14297695563678,3,1,4,33.0,2118.0733680817466,429.86136054947326,2146.890618664715,1.003114361047407,0.9758891784115582,1.0260346387093133,0.010553965408095937,121.432696563793,99.57339185548597,21.859304708307036,28.817250582968427,1.360540716730084,248.38006389650982,83.09820627321176,68.9158082025175,21.32601358463603
158,2160.614735798957,286.03112962638863,1,1,2,32.0,2128.1218734367567,433.88488884760716,2160.614735798957,1.0025451414093023,0.9709832399635755,1.0277930637964716,0.011126554680990518,9.167042823518841,-18.93407485784499,28.10111768136383,32.49286236220041,1.526832780010239,279.7142261141148,93.95014244150525,55.94284522282295,23.852611449528343
159,2158.383422752965,264.1725867376634,1,1,2,33.0,2128.1218734367567,433.88488884760716,2158.383422752965,1.0023421878663095,0.9742890330189439,1.0258277665848483,0.010985348725820463,2.4751228814072306,-22.586314374106422,25.061437255513653,30.261549316208402,1.421983848478484,241.27365150515897,88.03148001954389,86.37116724518343,22.90592511259891
160,2156.2521607370654,248.79384591338464,1,1,2,33.0,2128.1218734367567,433.88488884760716,2156.252160737066,1.003377004889822,0.9753040724754781,1.02785412391323,0.01046461392630446,11.291322949107808,-11.892948470826155,23.184271419933964,28.130287300308737,1.3218362938434742,239.5696179370659,84.30771179500661,76.2078693285937,21.870194452342865
161,2156.2511328461787,216.28278926547586,1,1,2,33.0,2128.1218734367567,433.88488884760716,2156.2511328461787,1.005033375399834,0.9778081877407533,1.039125121189999,0.012701778253482577,7.856450875749857,-18.51114247600478,26.367593351754635,28.129259409422048,1.3217879934665306,237.01964598652518,83.68214444532762,97.11054230133254,22.666947471864333
162,2158.659606220789,245.21770158860934,1,1,2,32.0,2128.1218734367567,433.88488884760716,2158.659606220789,1.0020335913664695,0.9742129948793472,1.0280124817427756,0.01009229071160398,-3.8050972083573242,-29.933495843223824,26.1283986348665,30.537732784032414,1.4349616516424537,224.74882301931487,89.14346786747211,99.36221776854437,23.33120373397936
163,2160.614735798957,286.03112962638863,1,1,2,32.0,2128.1218734367567,433.88488884760716,2160.614735798957,1.0025451414093023,0.9709832399635755,1.0277930637964716,0.011126554680990518,9.167042823518841,-18.93407485784499,28.10111768136383,32.49286236220041,1.526832780010239,279.7142261141148,93.95014244150525,55.94284522282295,23.852611449528343
164,2158.2219035486073,265.18374601047213,1,1,2,32.0,2128.1218734367567,433.88488884760716,2158.2219035486073,1.0029876731266578,0.9745814180802974,1.0275935737724133,0.010382134081390944,-38.969935035951465,-65.38443203320615,26.414496997254687,30.10003011185063,1.4143940949792195,244.99163522716668,86.165027298119,60.850126619076306,22.081935766315326
165,2162.2194432337724,297.92613277106915,1,1,2,32.0,2128.1218734367567,433.88488884760716,2162.2194432337724,1.0014956578355718,0.9727988176946791,1.0249549231271617,0.011294115346971948,14.053718056392881,-13.969515887663846,28.023233944056727,34.097569797015694,1.6022376454385427,247.32691507163884,93.89437552252521,50.58909868030913,23.926638285547263
166,2157.0265851464846,239.068047864672,1,1,2,32.0,2128.1218734367567,433.88488884760716,2157.0265851464846,1.0038872830809078,0.9750422979435864,1.0277844212365128,0.010610909138992606,32.34570114151245,9.20421219009586,23.14148895141659,28.904711709727962,1.3582263342394498,246.73059873213865,86.12186184085034,95.75682580506188,22.68975231632071
167,2160.473940952684,267.6389588727941,1,1,2,33.0,2128.1218734367567,433.88488884760716,2160.473940952684,1.0031590963023864,0.9728418599955093,1.0271557796955102,0.011124685463390665,19.574740422662643,-8.567254720840765,28.141995143503408,32.3520675159275,1.5202168597459762,231.67218908647462,86.68483496650417,99.73712269996527,22.972665046792685
168,2163.4484809206774,311.96624783470236,1,1,2,32.0,2128.1218734367567,433.88488884760716,2163.4484809206774,1.0016831518420373,0.9712142412885805,1.0254833587651229,0.011438885141132971,5.485715318559926,-21.90217954020858,27.387894858768504,35.326607483920725,1.6599898682903396,272.92345772771046,95.7127071474876,54.5846915455421,24.30466472976128
169,2162.2588760775725,285.31194612038763,1,1,2,33.0,2128.1218734367567,433.88488884760716,2162.258876077572,1.0025854579856552,0.9695004455398397,1.0287089185372518,0.01160236866553505,19.18348516660859,-10.563803918431915,29.747289085040507,34.13700264081581,1.604090586489162,279.12103327578376,95.74813511900147,84.67911271355028,24.350703404937178
170,2160.4549341994048,288.3463915638559,1,1,2,32.0,2128.1218734367567,433.88488884760716,2160.4549341994048,1.0023949396175367,0.9728669824032071,1.0266699905754337,0.011017585906504755,4.911072692498237,-21.33887308488056,26.249945777378798,32.333060762648074,1.519323736400144,250.2654022978663,93.90844507461743,52.18517728458093,23.918552234400405
171,2158.5480447682057,261.06120691194354,1,1,2,33.0,2128.1218734367567,433.88488884760716,2158.5480447682057,1.003142501547732,0.9753354125824997,1.0276398564007614,0.010294737756271693,177.54122388188654,-178.78940726125688,356.3306311431434,30.42617133144904,1.4297194024096498,226.97926249008006,88.47490129088862,90.33948408870525,22.901593953377443
172,2158.383422752965,264.1725867376634,1,1,2,33.0,2128.1218734367567,433.88488884760716,2158.383422752965,1.0023421878663095,0.9742890330189439,1.0258277665848483,0.010985348725820463,2.4751228814072306,-22.586314374106422,25.061437255513653,30.261549316208402,1.421983848478484,241.27365150515897,88.03148001954389,86.37116724518343,22.90592511259891
173,2155.8249800717567,250.09616005576743,1,1,2,32.0,2128.1218734367567,433.88488884760716,2155.8249800717567,1.003234804905331,0.9758247146134149,1.0273819743475132,0.010687543319987279,25.574714054663644,2.635182801450185,22.93953125321346,27.70310663500004,1.301763164073945,214.63691511755877,85.94212606680958,53.36908827059415,22.0673948797988
174,2176.8618436970078,244.95912178184744,1,1,2,32.0,2146.4830025472006,435.61876288876965,2176.8618436970078,1.0030709359786731,0.9798402633253135,1.0272079113983335,0.010250430784240809,31.677429077736065,13.770986799404255,17.90644227833181,30.378841149807158,1.415284496255364,275.75788491793594,92.46042589578273,96.77743833709613,24.275695500926965
175,2178.528912233047,267.985327563159,1,1,2,32.0,2146.4830025472006,435.61876288876965,2178.528912233047,1.0017659435764519,0.9713363994495046,1.0271683144835024,0.011251912950005641,36.48483449464089,8.104116363755253,28.38071813088564,32.045909685846254,1.4929496132891726,280.3363788756341,94.43601935150737,83.19337581715844,23.888015516447876
176,2171.219542727885,218.26723444970096,1,1,2,33.0,2146.4830025472006,435.61876288876965,2171.2195427278853,1.003844243959255,0.9767256292688121,1.0267849529411117,0.01079594942097593,-36.97392602532554,-61.289818066510946,24.315892041185407,24.736540180684187,1.152421899047404,233.82448647363057,75.86691488118068,99.4633383912128,21.062815083816464
177,2177.1601096594977,258.7674388065749,1,3,4,33.0,2146.4830025472006,435.61876288876965,2177.1601096594977,1.0027277535936816,0.9747159935837529,1.0272791628541271,0.010880897706371833,-16.436462634316115,-41.22995770727371,24.793495072957597,30.677107112297108,1.4291800622643192,237.01162324985933,86.6510112920422,85.12566718221245,22.298088528919813
178,2175.2268806942216,241.08201265702868,1,1,2,33.0,2146.4830025472006,435.61876288876965,2175.226880694221,1.0026647517102598,0.9744211024352888,1.0245579347117442,0.011120801952794268,-9.100372879131754,-36.4089274915996,27.308554612467844,28.74387814702095,1.3391151065678601,241.0928985515571,82.4172233238573,98.63332854525314,22.435843061473435
179,2179.6995035411087,305.41842343438185,1,1,2,33.0,2146.4830025472006,435.61876288876965,2179.6995035411087,1.0014206288640233,0.9758159692388126,1.0236075262080064,0.010816349052208882,-0.1801536079157131,-25.515722726956085,25.335569119040372,33.216500993908085,1.5474849302086502,246.2597358557501,90.67952538674531,56.09584546425591,22.84006990208189
180,2176.3535573902545,240.85203543056474,1,5,6,32.0,2146.4830025472006,435.61876288876965,2176.353557390254,1.0032841300215365,0.9800565700078128,1.0274242021045754,0.010231630626075803,28.341997653747484,10.664992486105973,17.67700516764151,29.870554843053924,1.3916045367052505,273.01812738463445,91.38450817275273,97.586293383886,24.048071025001537
181,2167.326293392548,190.71114597140078,1,1,2,33.0,2146.4830025472006,435.61876288876965,2167.326293392548,1.0052091367209364,0.9820868835932587,1.0289204541361727,0.01016668825500634,-44.994975010005874,-56.841665916784336,11.846690906778463,20.843290845347383,0.9710438340584551,187.9081852373709,72.1699737692385,99.78027276105335,19.79660704425865
182,2176.1022185403626,264.78169948319743,1,1,2,32.0,2146.4830025472006,435.61876288876965,2176.102218540363,1.002681050884851,0.9789337789859316,1.026895850681228,0.010151297431007643,56.168195935368885,37.17956428796106,18.98863164740783,29.619215993162015,1.3798952033635168,283.57274294435956,95.10780725574443,59.30445993090425,24.01416266667681
183,2168.940016032218,205.27413901944684,1,1,2,32.0,2146.4830025472006,435.61876288876965,2168.940016032218,1.0048057832879913,0.9780411217855081,1.0295780352613344,0.010682416042143553,28.265371492244867,9.191287204670488,19.07408428757438,22.45701348501734,1.0462236811737118,237.76603252711448,78.375777130728,61.54771662658115,20.7511557881027
184,2172.0968772152796,240.82695551685657,1,1,2,32.0,2146.4830025472006,435.61876288876965,2172.096877215279,1.0036854630802867,0.9761236713391567,1.0278037418666175,0.010811341939688234,-20.88977903846569,-42.85814776822889,21.9683687297632,25.613874668079006,1.1932950150401092,229.874797206404,84.56208097676905,58.83825831439881,21.976858659848148
185,2177.44849422979,265.55893022028516,1,1,2,33.0,2146.4830025472006,435.61876288876965,2177.4484942297895,1.0028074751427225,0.9738769636783567,1.0272571746432821,0.011071759721134805,37.776186396252456,12.41656320045172,25.359623195800737,30.965491682589345,1.4426152755853663,246.83904375206572,88.72116269580211,81.75035098942386,22.578934102687477
186,2175.3232044976025,301.88325138018087,1,1,2,33.0,2146.4830025472006,435.61876288876965,2175.3232044976025,0.9996762546705861,0.9732721936859936,1.0188628393166412,0.011530206752794073,13.222330037598198,-10.350295610387803,23.572625647986,28.840201950401934,1.3436026242079568,280.00308488501815,90.47469704531915,62.31359919556927,22.62704048782064
187,2179.6995035411087,305.41842343438185,1,1,2,33.0,2146.4830025472006,435.61876288876965,2179.6995035411087,1.0014206288640233,0.9758159692388126,1.0236075262080064,0.010816349052208882,-0.1801536079157131,-25.515722726956085,25.335569119040372,33.216500993908085,1.5474849302086502,246.2597358557501,90.67952538674531,56.09584546425591,22.84006990208189
188,2176.3535573902545,240.85203543056474,1,5,6,32.0,2146.4830025472006,435.61876288876965,2176.353557390254,1.0032841300215365,0.9800565700078128,1.0274242021045754,0.010231630626075803,28.341997653747484,10.664992486105973,17.67700516764151,29.870554843053924,1.3916045367052505,273.01812738463445,91.38450817275273,97.586293383886,24.048071025001537
189,2179.420023261932,300.5192292793262,1,1,2,33.0,2146.4830025472006,435.61876288876965,2179.420023261932,1.0025354579854449,0.9733190420656895,1.0273168394071015,0.010872422441036022,25.824543650152236,-4.965210510630129,30.789754160782365,32.93702071473126,1.534464548549668,250.29876891943047,92.67392629537635,78.77249568859575,23.33480019121282
190,2181.4719009833248,317.2590922030371,1,1,2,33.0,2146.4830025472006,435.61876288876965,2181.4719009833248,1.000500420651742,0.966843468037011,1.0222042833875107,0.012160544513440287,-11.88703825376868,-41.590429998719344,29.703391744950665,34.988898436124146,1.6300570931427512,313.8615299915615,86.02591623631193,62.77230599831229,22.257585475927346
191,2175.6167140670677,252.61668336778536,1,1,2,33.0,2146.4830025472006,435.61876288876965,2175.6167140670677,1.0034342821918631,0.9747779255432121,1.0273311590700152,0.011248922003341825,29.54058935564629,6.908383816503317,22.632205539142973,29.13371151986712,1.3572766001545113,231.7459774982164,85.87721214758403,85.36674933722776,22.2304191602099
192,2175.3232044976025,301.88325138018087,1,1,2,33.0,2146.4830025472006,435.61876288876965,2175.3232044976025,0.9996762546705861,0.9732721936859936,1.0188628393166412,0.011530206752794073,13.222330037598198,-10.350295610387803,23.572625647986,28.840201950401934,1.3436026242079568,280.00308488501815,90.47469704531915,62.31359919556927,22.62704048782064
193,2167.326293392548,190.71114597140078,1,1,2,33.0,2146.4830025472006,435.61876288876965,2167.326293392548,1.0052091367209364,0.9820868835932587,1.0289204541361727,0.01016668825500634,-44.994975010005874,-56.841665916784336,11.846690906778463,20.843290845347383,0.9710438340584551,187.9081852373709,72.1699737692385,99.78027276105335,19.79660704425865
194,2176.045039288131,277.9332286127995,1,1,2,32.0,2147.4511973637236,434.1293171426703,2176.045039288131,1.0023406920739015,0.9762102180397163,1.0260816977417875,0.010673872774928513,44.92970641055973,19.098728748136438,25.830977662423294,28.59384192440757,1.331524644635009,250.20880783598432,92.2272316767389,55.49932326309871,23.27692097687025
195,2178.45250445838,315.0279053405899,1,1,2,33.0,2147.4511973637236,434.1293171426703,2178.45250445838,1.0009285008691275,0.9781411702038302,1.0233029656273886,0.010609153884974071,-11.50262697435383,-38.30788464640409,26.80525767205026,31.001307094656568,1.4436326717326435,245.24734715801645,90.94898054412657,54.58469500819254,22.94182791526408
196,2176.305115825718,287.67396809761345,1,1,2,33.0,2147.4511973637236,434.1293171426703,2176.305115825718,1.0007539694360599,0.9721681732627595,1.0260248065151005,0.012610966332534146,-149.9167090639205,-176.85419899574634,26.937489931825837,28.853918461994454,1.3436355851726176,256.21647206892004,92.2571460839735,56.549626695330936,23.3013852516896
197,2176.338296464865,279.5095459481179,1,1,2,32.0,2147.4511973637236,434.1293171426703,2176.338296464865,1.0022765826621747,0.9760033190361277,1.0261201392891817,0.010700120765727964,176.705562291916,150.1744710893205,26.53109120259552,28.887099101141303,1.345180702434774,256.291773253431,92.95498711643006,54.739688021413144,23.502565435456635
198,2171.3057551092907,201.53474085962756,1,1,2,33.0,2147.4511973637236,434.1293171426703,2171.30575510929,1.0048462534160636,0.9813557299991635,1.0281362538732712,0.00990918862920695,28.973384530038942,10.24814379840089,18.725240731638053,23.854557745567035,1.1108311925715293,209.37145431904085,76.7400209338349,99.46536801505064,20.79733289298159
199,2171.835041020759,203.9837258950895,1,1,2,32.0,2147.4511973637236,434.1293171426703,2171.835041020759,1.0045527094277982,0.9818029588626942,1.0268434553028003,0.009792824071272731,28.67061958914678,11.533164702002097,17.137454887144685,24.383843657035413,1.1354783609038361,222.91166301624799,80.46473147233968,99.23746772752042,21.658369278525026
200,2177.1855279761644,287.7475756834785,1,1,2,32.0,2147.4511973637236,434.1293171426703,2177.1855279761644,1.0019959669639291,0.9755468718398097,1.0256365626365098,0.010799425460441221,6.953648083241944,-20.04366529111715,26.997313374359095,29.734330612440772,1.3846335902275004,258.85175939120234,93.65911923248181,55.14201542522876,23.597376983250683
201,2169.333317978254,212.20666345740125,1,1,2,32.0,2147.4511973637236,434.1293171426703,2169.333317978254,1.0032547489355674,0.9791417938137005,1.0278405215585265,0.009723448760881558,12.013418796132157,-7.775222772556532,19.78864156868869,21.882120614530322,1.018981043266244,223.73424440979593,78.59434829573642,58.253502601806495,20.466799124359234
202,2170.0233128374257,219.33220932164693,1,1,2,32.0,2147.4511973637236,434.1293171426703,2170.0233128374257,1.004014647599624,0.9798105963698058,1.0278264368279708,0.01013917551107972,27.060994612149102,6.741671850669462,20.31932276147964,22.57211547370207,1.0511119182318223,222.02993854543575,79.68250778816454,56.045932480140834,20.661592823895468
203,2170.021965290959,215.03573528040891,5,1,6,32.0,2147.4511973637236,434.1293171426703,2170.021965290959,1.0047464663454135,0.9804106513837594,1.0284203972268535,0.01020700495754434,-27.284111397071797,-46.21535932800944,18.931247930937644,22.570767927235465,1.0510491672613573,230.22973765553795,79.01458760007792,58.586699746028884,20.570068978974625
204,2173.121931889926,234.03626681850284,1,1,2,32.0,2147.4511973637236,434.1293171426703,2173.1219318899257,1.0036291411177272,0.9817828232638031,1.0265376644073618,0.009678201820007984,-9.32877395014907,-28.426982805355806,19.098208855206735,25.670734526202523,1.195404792328538,258.22209127934264,85.21025127008288,77.06266618834512,22.06157563734425
205,2170.0233128374257,219.33220932164693,1,1,2,32.0,2147.4511973637236,434.1293171426703,2170.0233128374257,1.004014647599624,0.9798105963698058,1.0278264368279708,0.01013917551107972,27.060994612149102,6.741671850669462,20.31932276147964,22.57211547370207,1.0511119182318223,222.02993854543575,79.68250778816454,56.045932480140834,20.661592823895468
206,2173.863626279443,226.60387352260858,1,1,2,33.0,2147.4511973637236,434.1293171426703,2173.8636262794435,1.0040412583987302,0.9796499489057773,1.0267873818735378,0.010085700441026609,12.945140433682809,-10.524789160108526,23.469929593791335,26.412428915719374,1.22994315065898,205.38488100700798,81.02968320336527,99.24204316867588,21.665437115600422
207,2177.4757780093028,278.6255839405344,1,1,2,33.0,2147.4511973637236,434.1293171426703,2177.4757780093023,1.0029962979185734,0.9758673671180194,1.0375392164974795,0.012832619959132771,55.704877255599655,27.058968070647154,28.6459091849525,30.024580645579135,1.3981496148754498,263.3475209447744,93.75666540522946,58.22099107674045,23.686301906653625
208,2169.333317978254,212.20666345740125,1,1,2,32.0,2147.4511973637236,434.1293171426703,2169.333317978254,1.0032547489355674,0.9791417938137005,1.0278405215585265,0.009723448760881558,12.013418796132157,-7.775222772556532,19.78864156868869,21.882120614530322,1.018981043266244,223.73424440979593,78.59434829573642,58.253502601806495,20.466799124359234
209,2171.840008626641,233.1509868086428,1,1,2,32.0,2147.4511973637236,434.1293171426703,2171.840008626641,1.0036070416841862,0.9798608263390963,1.0273625381181524,0.009940267886443924,-157.74585444515753,-179.4625439417546,21.71668949659707,24.388811262917443,1.1357096865743859,233.08051607316352,82.59351366326287,59.13815398830522,21.32006399941128
210,2172.023003777329,206.34372152545353,1,1,2,32.0,2147.4511973637236,434.1293171426703,2172.0230037773294,1.004372142557928,0.9819414016409753,1.0267196443231699,0.009696677223459111,-101.77415018550954,-118.765774732883,16.991624547373462,24.571806413605373,1.1442311910869252,231.59663801699125,79.06865083428707,99.10387739348715,21.39684627190115
211,2178.2088938537167,296.04483290446,1,1,2,32.0,2147.4511973637236,434.1293171426703,2178.2088938537167,1.0017036468895795,0.9750012254004958,1.0252568435053602,0.010909420836742555,179.82100155603064,-179.5971419823303,359.41814353836094,30.757696489993123,1.4322884975338301,266.6718316920378,95.17699869720585,55.14556023498167,24.086895351712432
212,2163.263385027392,204.36839064018315,1,1,2,32.0,2137.837340559651,435.4437576836023,2163.2633850273924,1.0046450114441872,0.9805415540545134,1.0277117701797356,0.009995426728490039,-2.115908406837576,-23.56749055390813,21.451582147070553,25.42604446774112,1.1893348472005358,204.78822968670283,76.97804777240374,99.59978637821504,20.97304434363596
213,2169.4225209077204,264.68095070739497,1,1,2,33.0,2137.837340559651,435.4437576836023,2169.4225209077204,1.0021246728224549,0.9835632809442426,1.0225950194645836,0.009981524016314476,179.23518367035524,-179.40487073399606,358.6400544043513,31.58518034806957,1.477436086872778,275.37754269934516,78.94987214895082,97.19688871648951,21.327211244532023
214,2165.951873166869,260.28689899027063,1,1,2,33.0,2137.837340559651,435.4437576836023,2165.9518731668686,1.0030297182110888,0.971854518688876,1.0284246224129725,0.01203195426765397,-20.26995897279096,-44.93718154655849,24.667222573767532,28.11453260721828,1.315092223052777,248.53734030491577,88.25726640161213,54.2968588218452,22.39954058305776
215,2174.29153819983,288.6741059950075,1,1,2,32.0,2137.837340559651,435.4437576836023,2174.29153819983,1.0020252233960152,0.9734175147940678,1.0256761222173874,0.010753498470863326,-8.74452646459622,-38.84199945895571,30.097472994359492,36.454197640179245,1.705190425321888,322.262035254786,96.96735568805408,97.6698656239163,24.830362069532345
216,2163.797927747134,244.9725449413835,1,1,2,32.0,2137.837340559651,435.4437576836023,2163.7979277471336,1.0036347815587494,0.9780444356089318,1.0279232577280795,0.010598839357676396,5.825284865705271,-16.921747802460885,22.747032668166156,25.96058718748327,1.214338747618994,218.4261865009662,87.03517368543082,55.44422242645381,22.27811127532369
217,2165.749040225049,211.6748018034569,1,1,2,33.0,2137.837340559651,435.4437576836023,2165.749040225049,1.0047482097431244,0.9785605713801784,1.0374874264160867,0.012485900855787034,16.45297514247548,-9.880570604805229,26.33354574728071,27.911699665398373,1.3056044599769012,237.90152347905183,80.85175535068777,99.79335229179382,21.61587685401979
218,2163.5564316262426,242.85377006078784,1,1,2,32.0,2137.837340559651,435.4437576836023,2163.5564316262426,1.0037033802704587,0.9782051790560015,1.0279869009903844,0.010574407239498441,-123.40767252511347,-145.9593167752978,22.551644250184324,25.719091066591773,1.203042466264479,216.0963576161293,86.70123281042238,55.54591531901354,22.21549126993733
219,2166.4911074720217,251.69245247313015,3,1,4,32.0,2137.837340559651,435.4437576836023,2166.4911074720217,1.003135649536805,0.9758298522178105,1.027340212725608,0.010634580798670195,178.70849178872322,-179.6409663143786,358.3494581031018,28.653766912370884,1.3403155782127838,267.25853838462,85.65560690499217,61.482253556164245,21.903241675797464
220,2163.5564316262426,242.85377006078784,1,1,2,32.0,2137.837340559651,435.4437576836023,2163.5564316262426,1.0037033802704587,0.9782051790560015,1.0279869009903844,0.010574407239498441,-123.40767252511347,-145.9593167752978,22.551644250184324,25.719091066591773,1.203042466264479,216.0963576161293,86.70123281042238,55.54591531901354,22.21549126993733
221,2168.399422594361,265.64349870174493,1,1,2,33.0,2137.837340559651,435.4437576836023,2168.399422594361,1.0033845187516228,0.9768405399239087,1.0269185920131014,0.010215620883598977,-28.865528418897668,-58.98213074372035,30.11660232482268,30.56208203471033,1.4295793910452363,239.93398510456342,87.99211742292995,99.64366350828878,23.061596681595198
222,2165.7575633581628,278.2274187715641,1,1,2,33.0,2137.837340559651,435.4437576836023,2165.7575633581628,1.0012883778854895,0.9712076946426825,1.0275414605539226,0.013541170036706142,26.77684025150245,1.3051371834479255,25.471703068054524,27.920222798511986,1.3060031401267849,207.8056076265389,87.63520214358152,56.24583421351378,22.40651953477419
223,2168.001258763226,249.5023999133454,1,1,2,32.0,2137.837340559651,435.4437576836023,2168.001258763226,1.0032245336729184,0.9756632078812018,1.0270308385156233,0.010565858900103685,3.14235730566827,-24.453423498500484,27.595780804168754,30.163918203575122,1.4109547827281705,265.6033899726394,87.78357581276042,85.15816121811616,22.742973080324354
224,2171.1662558475878,328.2363862695349,1,1,2,33.0,2137.837340559651,435.4437576836023,2171.1662558475878,1.0004977528075658,0.9690648058530307,1.0225088256111832,0.012067651787146867,22.99619151025894,-6.468200656846079,29.464392167105018,33.32891528793698,1.5590014570150605,317.0218953780378,85.1523354387288,63.404379075607565,22.119385585960263
225,2160.3795337287766,211.9683523521387,1,1,2,32.0,2137.837340559651,435.4437576836023,2160.3795337287766,1.0046908727443717,0.9801012474812484,1.028856307504829,0.010302704469611616,170.58133151203128,150.34537314799445,20.235958364036833,22.542193169125767,1.0544391166460114,227.8124227052749,79.10622139372705,57.67548339287867,20.712784300166316
226,2171.702460512273,306.860608513465,1,1,2,32.0,2137.837340559651,435.4437576836023,2171.7024605122733,1.0010588276430916,0.9745315826259418,1.024384358208711,0.011431495666020251,53.720040944528535,25.155059883453106,28.56498106107543,33.86511995262208,1.5840830969748496,256.791763389789,94.5912293785383,52.491134301192275,24.035705390152305
227,2171.1662558475878,328.2363862695349,1,1,2,33.0,2137.837340559651,435.4437576836023,2171.1662558475878,1.0004977528075658,0.9690648058530307,1.0225088256111832,0.012067651787146867,22.99619151025894,-6.468200656846079,29.464392167105018,33.32891528793698,1.5590014570150605,317.0218953780378,85.1523354387288,63.404379075607565,22.119385585960263
228,2168.881982461626,272.25394166266574,1,1,2,33.0,2137.837340559651,435.4437576836023,2168.881982461626,1.002298982349742,0.9749071514887385,1.0265507316733493,0.01099510946250289,28.283861879603336,-0.8178773517472564,29.101739231350592,31.04464190197541,1.4521517288985342,265.55849723164306,92.73479870811754,66.34802135316387,23.65459698280452
229,2162.275511496295,200.6273243504094,1,1,2,32.0,2137.837340559651,435.4437576836023,2162.2755114962947,1.003700276671765,0.9793772569215604,1.027141064239116,0.01001456924509163,9.135504919312638,-12.831829275863356,21.967334195175994,24.438170936644383,1.1431258343652502,205.12930863360853,77.42688756300431,94.87267024221451,20.835872423556463
230,2165.784247537794,223.92716101318555,0,0,0,32.0,2137.837340559651,435.4437576836023,2165.7842475377943,1.0006035216335942,0.9772945080839953,1.022986865604517,0.010886683353554994,24.374010095385273,-0.051656251907132855,24.425666347292406,27.946906978143033,1.307251325810737,218.21822313309784,80.10981944291224,97.42534108293422,21.21415009818982
231,2163.797927747134,244.9725449413835,1,1,2,32.0,2137.837340559651,435.4437576836023,2163.7979277471336,1.0036347815587494,0.9780444356089318,1.0279232577280795,0.010598839357676396,5.825284865705271,-16.921747802460885,22.747032668166156,25.96058718748327,1.214338747618994,218.4261865009662,87.03517368543082,55.44422242645381,22.27811127532369
232,2150.617267051828,240.4357902292634,1,1,2,32.0,2128.914568614271,433.4837446155392,2150.617267051828,1.003435805300022,0.9787686727237579,1.0273026508658205,0.010473163773709375,169.37371067004176,147.56971240532278,21.803998264718985,21.702698437557046,1.0194255212262238,220.1621180653328,81.28042719303686,53.744599730678836,21.15493592590309
233,2156.1679627585313,281.0836968377774,1,1,2,33.0,2128.914568614271,433.4837446155392,2156.1679627585313,1.0029278543674254,0.9763276439417781,1.0275420927721561,0.010827873075573058,-9.372651097705983,-34.72918234744222,25.356531249736236,27.253394144260255,1.2801544292122407,257.2697272446518,91.39426895102825,65.099085148776,23.069488798703514
234,2151.8859325827934,253.42905044495825,0,0,0,32.0,2128.914568614271,433.4837446155392,2151.8859325827934,0.9997379266608745,0.9766365886603355,1.0223420169859083,0.011389226809138961,-115.7995662938481,-138.0957492725403,22.2961829786922,22.971363968522382,1.0790176509278455,215.7108725662956,86.14346628680552,51.40485937324328,21.926577196255288
235,2156.5411708914185,277.66796026580363,1,1,2,33.0,2128.914568614271,433.4837446155392,2156.5411708914185,1.0021891721521328,0.9818100780504001,1.0265195956013449,0.010198877416996646,-105.09433760841796,-126.43008348415604,21.335745875738084,27.626602277147413,1.2976848711749767,392.17738784012613,86.1506047403883,84.13176762619014,22.60117499705535
236,2157.3056458648407,303.2611630882903,1,1,2,32.0,2128.914568614271,433.4837446155392,2157.3056458648402,1.0012336695657365,0.9766825660553702,1.0240260130818502,0.010541187590794207,23.33847613409597,-2.3092560270206093,25.64773216111658,28.39107725056965,1.3335940140167133,224.63757652094384,96.56414169574377,52.36324999948805,24.127081922531517
237,2156.181449842089,253.5930057243587,1,1,2,32.0,2128.914568614271,433.4837446155392,2156.1814498420886,1.0031720352829183,0.9816841810248562,1.027645542431932,0.01016413719402898,-12.33400442497799,-31.99004786126926,19.65604343629127,27.266881227817976,1.2807879484598683,257.1131230501833,90.2392062247421,95.48269146950969,23.86648436092568
238,2152.812288674531,228.19647780114644,1,1,2,33.0,2128.914568614271,433.4837446155392,2152.8122886745305,1.0027666835596876,0.978527495371323,1.0309497447996714,0.013720819369867712,-67.29905293378756,-86.281286291646,18.982233357858433,23.89772006025987,1.1225307211747395,218.3891924456521,81.06643398657236,99.86539273380531,21.73844306292958
239,2156.906615079174,300.59224354379364,1,1,2,32.0,2128.914568614271,433.4837446155392,2156.9066150791746,1.0017278479991143,0.9778426039753929,1.0237253072368608,0.010559947885557596,175.50717219249782,-178.6853523263216,354.1925245188194,27.99204646490307,1.3148506228281078,235.4190159258657,94.54812639401622,52.78283767152043,23.77568103365428
240,2158.200875989849,272.86381282908127,1,1,2,33.0,2128.914568614271,433.4837446155392,2158.2008759898495,1.0026205600260318,0.98240195288683,1.0257522423385466,0.010179902824685932,56.315708616710396,36.31422044627914,20.00148817043126,29.286307375577962,1.3756450262182514,264.9630574854889,91.29534551510783,98.16610054343366,24.190726262724688
241,2156.271579678157,256.8688589089427,1,1,2,33.0,2128.914568614271,433.4837446155392,2156.2715796781567,1.0039071060277458,0.9804673084819897,1.0287258301402247,0.01041170110509244,10.48916230267281,-9.770866726543886,20.260029029216696,27.357011063886148,1.2850215535747431,209.37039018722078,86.43256291681125,95.45693345558387,23.132818420523247
242,2153.633264760347,247.70081126154705,1,3,4,32.0,2128.914568614271,433.4837446155392,2153.6332647603476,1.0036172134121093,0.9816972659775399,1.02786796796057,0.010133094828726772,22.576326351368152,2.1004345144144168,20.475891836953735,24.718696146076127,1.1610938508521618,255.55301410448817,86.14626763222883,72.90680209674528,22.399164125647303
243,2155.9023554152704,249.26827588376779,1,9,10,32.0,2128.914568614271,433.4837446155392,2155.9023554152704,1.0038224765525465,0.9814165407160852,1.028774431820328,0.010205193497678363,-79.81608520803206,-99.12031805782135,19.304232849789287,26.9877868009994,1.2676782431230196,243.04881298656022,88.53331355739492,98.2902000329191,23.625045652220788
244,2158.4390797479055,309.196161016628,1,1,2,32.0,2128.914568614271,433.4837446155392,2158.4390797479055,1.001393424095464,0.9747463262802053,1.0242707977335463,0.010858004367176028,-45.61052905998531,-74.32145091572056,28.71092185573525,29.524511133634405,1.3868340030596984,267.5503972259241,94.10660401039654,53.51007944518482,23.595405706936486
245,2154.6837043369183,291.50641625557967,1,1,2,33.0,2128.914568614271,433.4837446155392,2154.6837043369183,1.0008226273030536,0.9728305803275438,1.0253759493041845,0.012451600663753181,14.768629131058617,-11.081866587626621,25.850495718685238,25.769135722647206,1.2104354069698795,239.56402759106535,91.93121776939302,55.74723312249904,23.368887353423485
246,2156.4719651672226,280.33339149017974,1,1,2,33.0,2128.914568614271,433.4837446155392,2156.4719651672226,1.0023268720735905,0.9682502142304453,1.0279295774151258,0.012387636064459279,19.114859054615692,-11.009364113145267,30.12422316776096,27.55739655295156,1.2944341195846534,246.68976916470893,92.60480123526273,57.13570509133219,23.978320484612922
247,2149.889495791742,232.92878830450894,5,9,14,32.0,2128.914568614271,433.4837446155392,2149.889495791742,1.0041062978624724,0.9797805007540318,1.027953677517311,0.010432287188784424,8.202032274790326,-11.187621487708611,19.389653762498938,20.974927177470818,0.9852404359806499,235.14242446316683,79.65004234917268,54.71100320428959,20.926954179330714
248,2149.3671919443723,218.6182473087584,1,3,4,32.0,2128.914568614271,433.4837446155392,2149.367191944372,1.0045611757969657,0.9800160192659075,1.029238391030014,0.010420229630991401,21.42727107283406,1.633409986612918,19.793861086221142,20.452623330101233,0.9607066263543879,224.02607598048886,77.87535708184332,56.502367681090334,20.641520547657457
249,2158.200875989849,272.86381282908127,1,1,2,33.0,2128.914568614271,433.4837446155392,2158.2008759898495,1.0026205600260318,0.98240195288683,1.0257522423385466,0.010179902824685932,56.315708616710396,36.31422044627914,20.00148817043126,29.286307375577962,1.3756450262182514,264.9630574854889,91.29534551510783,98.16610054343366,24.190726262724688
250,2155.908311711849,276.9748976719588,1,1,2,33.0,2128.914568614271,433.4837446155392,2155.908311711849,1.0030260739196053,0.976323832084925,1.0367743265736657,0.012907971550571853,-97.85376466274738,-126.95491587184046,29.101151209093075,26.993743097577862,1.2679580240342065,250.62367746537385,91.02085954073733,60.00640643429532,23.12508004814493
251,2164.198557684669,304.5078883934566,1,1,2,32.0,2131.391247570323,431.01933906700157,2164.198557684669,1.0018994047484586,0.9739075579223653,1.025216886521912,0.01065591810553042,-78.7799189279415,-108.13222729432161,29.352308366380115,32.807310114346365,1.5392439164674727,263.5482821794967,95.31916670232371,52.70965643589934,24.06422546491622
252,2168.3564466961507,318.3261861407178,1,12,13,33.0,2131.391247570323,431.01933906700157,2168.3564466961507,1.002221076717249,0.9768257668540522,1.026175306046876,0.009735511605342083,-108.79453742923147,-135.35817889992074,26.563641470689277,36.965199125827894,1.7343225542455583,223.96942817802352,97.80091497045055,99.88371387257189,25.03177541932654
253,2166.733186436568,298.6618179916947,7,9,16,33.0,2131.391247570323,431.01933906700157,2166.733186436568,1.0023180762437947,0.9712912969752175,1.0268595838062864,0.010967700598766426,-50.08944888350334,-78.7011856614818,28.611736777978464,35.34193886624507,1.6581628974282914,287.1656929645937,92.25429870688849,99.85008127982192,24.311393737786663
254,2163.6234486554795,308.02600290138855,1,1,2,33.0,2131.391247570323,431.01933906700157,2163.6234486554795,1.0015892004159355,0.9789601859369279,1.0235202204325071,0.010172598494637428,-97.45477377777155,-125.01393417139123,27.559160393619678,32.2322010851567,1.5122611168596929,211.62379229751224,89.68582176195923,52.20609204761638,22.73097472667364
255,2161.8859092092343,253.64179093683185,1,1,2,33.0,2131.391247570323,431.01933906700157,2161.8859092092343,1.0039174748046955,0.9830297728935931,1.0281128890994655,0.009282663987732193,-105.19268715415008,-124.27712108445412,19.084433930304044,30.494661638911566,1.4307397421132289,235.2458929875425,93.6683375091249,94.40011600982386,24.387773043346304
256,2157.4262041212264,251.98502960964083,1,1,2,33.0,2131.391247570323,431.01933906700157,2157.426204121227,1.003260725123117,0.9754280356328163,1.0237921668635097,0.01125148613392421,11.86946406722467,-14.220461384902109,26.089925452126778,26.034956550903644,1.2215005846806477,196.677789374335,83.46646557302468,50.15801685849786,21.574939392407217
257,2156.979349746457,241.76263636374546,5,9,14,32.0,2131.391247570323,431.01933906700157,2156.9793497464566,1.0035575708300593,0.9790718937675782,1.0266133930443224,0.010249683644981198,-36.25132765498438,-57.803738082514286,21.552410427529907,25.58810217613427,1.2005351999687246,222.91224866484512,83.03981186682503,53.30581931693206,21.470680387551866
258,2165.5972990532887,312.43685257708535,1,1,2,32.0,2131.391247570323,431.01933906700157,2165.597299053288,1.0008484509334088,0.9749129586435971,1.0228225368961859,0.01078217696855756,8.409403270323963,-23.681709729940707,32.09111300026467,34.206051482965904,1.6048696606950534,240.75144116414816,96.43323691315204,49.88085180728159,24.797941189922877
259,2157.4262041212264,251.98502960964083,1,1,2,33.0,2131.391247570323,431.01933906700157,2157.426204121227,1.003260725123117,0.9754280356328163,1.0237921668635097,0.01125148613392421,11.86946406722467,-14.220461384902109,26.089925452126778,26.034956550903644,1.2215005846806477,196.677789374335,83.46646557302468,50.15801685849786,21.574939392407217
260,2163.386354002762,298.24266965910545,1,1,2,32.0,2131.391247570323,431.01933906700157,2163.3863540027614,1.0021944848175042,0.9742599825781212,1.026030600263341,0.010439640510770771,22.086929478564798,-4.603244434079556,26.690173912644354,31.995106432439115,1.5011371783060432,273.19122952984236,95.17798159832121,54.638245905968475,24.0100839657856
261,2161.736783559227,249.5229682304627,1,1,2,32.0,2131.391247570323,431.01933906700157,2161.736783559227,1.0037864054520977,0.9829242110321519,1.0272889972531403,0.009229101711527668,139.19065762007472,120.00889757526204,19.181760044812677,30.34553598890443,1.423743107864255,233.19881507577466,93.23819332680388,96.80118855978414,24.63188897291848
262,2167.8990039085156,308.21083297269735,1,1,2,32.0,2131.391247570323,431.01933906700157,2167.8990039085156,1.002564179084058,0.9761201718014028,1.0264358840664924,0.009811313071010918,38.76721555457496,11.25244328792246,27.5147722666525,36.50775633819285,1.7128603854318079,239.8764900386551,99.82390535435029,98.96145379535065,25.625697063762036
263,2165.4813968068875,335.0468254862396,1,1,2,33.0,2131.391247570323,431.01933906700157,2165.481396806888,1.001641713016567,0.9766539586514918,1.025214368222292,0.009851331813268851,21.581733130954802,-9.237143950294808,30.81887708124961,34.090149236564685,1.5994317925170105,226.9704374339167,95.58858063928096,51.56738805581303,23.92148193818797
264,2161.1057440890872,262.9055258245155,1,1,2,33.0,2131.391247570323,431.01933906700157,2161.1057440890872,1.0029268909843958,0.9780591057840069,1.0259061021641263,0.009768238982978796,14.427136470423164,-13.314036143842316,27.74117261426548,29.714496518764463,1.394136179954641,214.9971361999748,89.04904110340337,87.45696051404671,23.850292886479885
265,2163.844544328141,282.8423817197396,7,15,22,33.0,2131.391247570323,431.01933906700157,2163.844544328141,1.0029353313010223,0.982408067856888,1.026476852670471,0.009240335921192087,87.94676715076002,67.20777335107203,20.73899379968799,32.45329675781841,1.5226344198801374,261.1383754521926,94.20979341819728,99.99001720199311,24.67794144474625
266,2126.1097828188717,231.0862267284568,0,0,0,32.0,2102.5032380598054,430.70981653661227,2126.1097828188717,1.0004783043406695,0.9778723180438097,1.0246171411559746,0.011253385391692286,-139.12970081088133,-159.80554031973588,20.67583950885455,23.60654475906631,1.1227828015547068,201.43278578662807,83.20541666342879,53.888602507550445,21.14916270098328
267,2126.1097828188717,231.0862267284568,0,0,0,32.0,2102.5032380598054,430.70981653661227,2126.1097828188717,1.0004783043406695,0.9778723180438097,1.0246171411559746,0.011253385391692286,-139.12970081088133,-159.80554031973588,20.67583950885455,23.60654475906631,1.1227828015547068,201.43278578662807,83.20541666342879,53.888602507550445,21.14916270098328
268,2127.1522319820688,241.76437134962342,1,3,4,33.0,2102.5032380598054,430.70981653661227,2127.1522319820688,1.00363705603098,0.9817926155570542,1.0287246828978216,0.010335570650832683,42.97234279186412,20.965403685313902,22.00693910655022,24.648993922263344,1.1723641360481085,247.9783411567705,79.64583889660317,56.984584295574045,20.72358821212984
269,2133.4220095466558,295.05649923360795,1,1,2,33.0,2102.5032380598054,430.70981653661227,2133.4220095466553,1.003092823762686,0.9756499369550048,1.0301001813542834,0.010860774063568652,32.276751843683684,3.203434238864901,29.073317604818783,30.918771486850346,1.4705695062511417,259.0534016798956,92.53642568297474,74.47448810074017,23.201280116266705
270,2127.1773518412865,222.2322274433301,1,1,2,33.0,2102.5032380598054,430.70981653661227,2127.1773518412865,1.0026985015000085,0.978616104219377,1.0261024487812551,0.011048831870161011,-40.61121342333777,-62.72993343615502,22.11872001281725,24.674113781481083,1.1735588956452885,225.39082246721765,75.15358182803345,98.75363802759217,20.232754145805398
271,2125.678476659402,226.74476606895908,1,1,2,32.0,2102.5032380598054,430.70981653661227,2125.678476659402,1.0043461316886355,0.9795685552464084,1.0301809477749049,0.010564313301812874,22.35895014114547,2.052211045316426,20.306739095829045,23.17523859959647,1.102268865991504,224.41851283425157,80.62648655581695,58.0820662358416,21.131249129064653
272,2136.810034396608,282.19001841940604,1,1,2,33.0,2102.5032380598054,430.70981653661227,2136.8100343966084,1.002374032960858,0.9729005704164794,1.0298592836391571,0.011749606843731697,4.838426752005489,-23.249434300716757,28.087861052722246,34.30679633680256,1.631711938216131,275.9422700447255,86.62052048280201,99.86061784587434,22.860682040232625
273,2127.968144642169,203.41687073975692,1,1,2,33.0,2102.5032380598054,430.70981653661227,2127.968144642169,1.0054721217774327,0.9784719832153086,1.0431812719366569,0.013360305014906832,26.954070436820814,0.5685872665011686,26.385483170319645,25.46490658236371,1.2111708615423005,211.80029236457904,81.67532362105501,99.67306607615242,21.79679235320274
274,2124.706789703541,220.0126597196869,5,9,14,32.0,2102.5032380598054,430.70981653661227,2124.706789703541,1.0042432004090802,0.9803450476003376,1.0297049861602812,0.010572148395310118,55.6350329833204,37.02823511398324,18.606797869337157,22.20355164373541,1.0560531485423488,240.9727498260199,77.7845130138162,57.01165714253417,20.349307469642792
275,2131.3063083941565,247.04177648389992,1,1,2,32.0,2102.5032380598054,430.70981653661227,2131.306308394157,1.0038735455860772,0.976162459949016,1.031040020874168,0.011090666502739533,84.64668780145831,59.61527757300672,25.03141022845159,28.803070334351105,1.3699417823931934,252.4886354067566,89.37104240546992,87.111801569264,22.970197602200326
276,2128.382090620611,221.73138888611263,1,1,2,32.0,2102.5032380598054,430.70981653661227,2128.382090620611,1.0044920581756334,0.9792902590827405,1.0313902884533306,0.010660515945877974,17.92616464673489,-3.6339739563211992,21.56013860305609,25.878852560805626,1.2308591060571534,217.44713724451,82.97759497070147,95.1999427765414,21.95084608211221
277,2131.3063083941565,247.04177648389992,1,1,2,32.0,2102.5032380598054,430.70981653661227,2131.306308394157,1.0038735455860772,0.976162459949016,1.031040020874168,0.011090666502739533,84.64668780145831,59.61527757300672,25.03141022845159,28.803070334351105,1.3699417823931934,252.4886354067566,89.37104240546992,87.111801569264,22.970197602200326
278,2129.308584610313,269.3023252556951,1,1,2,33.0,2102.5032380598054,430.70981653661227,2129.308584610313,1.0031595057839051,0.977598799033846,1.0279767074826411,0.010901282394039126,67.07766338726151,44.348573928519386,22.729089458742123,26.805346550507693,1.2749253397223648,217.06226788485276,87.46890709196622,54.954987826034454,22.104825958217635
279,2131.6791676417183,248.60546578331164,1,1,2,32.0,2102.5032380598054,430.70981653661227,2131.6791676417183,1.003929691884503,0.9783959078436445,1.0301081436139559,0.010891862994153637,20.974002659044373,0.0897933217524951,20.88420933729188,29.175929581912897,1.3876758453336084,232.6321432923582,86.91830509526949,93.83344340707521,22.566580043500235
280,2136.506214593746,295.4653580259403,1,1,2,33.0,2102.5032380598054,430.70981653661227,2136.506214593746,1.0030841914875739,0.9774346910374541,1.0299827316757877,0.010656135788071602,-96.29837694519159,-127.4448056491755,31.146428703983915,34.002976533940455,1.6172615536762966,241.9615215803021,84.05574492348079,85.35060697380838,21.719827354328924
281,2134.0685215071057,300.26870316080044,1,1,2,33.0,2102.5032380598054,430.70981653661227,2134.0685215071057,1.0018034883708269,0.9750183021066338,1.0262221146575188,0.011047140870307918,2.8860959565946587,-24.76772371256004,27.6538196691547,31.565283447300317,1.5013191359661748,253.5256029284688,91.80473089238693,53.432003887070564,23.122819863146173
282,2133.4220095466558,295.05649923360795,1,1,2,33.0,2102.5032380598054,430.70981653661227,2133.4220095466553,1.003092823762686,0.9756499369550048,1.0301001813542834,0.010860774063568652,32.276751843683684,3.203434238864901,29.073317604818783,30.918771486850346,1.4705695062511417,259.0534016798956,92.53642568297474,74.47448810074017,23.201280116266705
283,2132.326318067855,258.366366773125,1,3,4,33.0,2102.5032380598054,430.70981653661227,2132.326318067855,1.0036822339827898,0.9763906904954157,1.0307624110943736,0.011103778629954018,19.366390005243915,-6.888131160140205,26.25452116538412,29.8230800080496,1.4184558419786504,255.12327828640662,87.10765959969292,99.5199660345407,22.81988962466318
284,2123.957549829576,212.7630710488171,13,15,28,32.0,2102.5032380598054,430.70981653661227,2123.9575498295762,1.003785746505177,0.979566077976596,1.0298464552341862,0.01043661884438171,32.37483924096824,13.012197919915337,19.362641321052905,21.454311769770356,1.0204175376000106,228.40659482937826,76.0813245497702,56.60419232124552,19.959883929623405
285,2130.857561316954,250.5040256919598,1,1,2,32.0,2102.5032380598054,430.70981653661227,2130.857561316954,1.0035419206758929,0.9833306246616891,1.029545890073461,0.01009764274380735,-111.92539679658103,-131.70151100326882,19.776114206687794,28.354323257148735,1.3485983157540422,271.3930942434773,89.52911656329044,85.4679558113765,23.247988396245592
286,2162.493331814528,259.22819897912245,1,1,2,33.0,2128.467218154802,429.5265883931615,2162.4933318145277,1.0015462802714825,0.9822205771597401,1.0220357932501531,0.01052079901639732,7.847335085377608,-9.831565906228747,17.678900991606355,34.02611365972598,1.5986205175959294,290.10611441379535,93.110638337442,99.78623182817607,24.440505958419717
287,2154.2422370758277,195.8912629960029,1,1,2,32.0,2128.467218154802,429.5265883931615,2154.242237075828,1.004568298829277,0.9808275824168025,1.0277379245646354,0.010219668889535618,14.459179919687557,-5.014950781717289,19.474130701404846,25.77501892102555,1.2109662155553549,213.338388091492,78.3648011209203,98.21964510582326,21.14615962694111
288,2152.944813181903,203.92953036468595,1,1,2,33.0,2128.467218154802,429.5265883931615,2152.944813181903,1.0042431481152432,0.9799405542916714,1.0286799798578488,0.010331120905927076,6.378226884442682,-13.67643522883455,20.05466211327723,24.47759502710096,1.1500104309015822,224.95423816591176,76.93152496575647,78.59060525047741,20.2705016417562
289,2154.5281943139507,196.4296979589579,1,1,2,32.0,2128.467218154802,429.5265883931615,2154.528194313951,1.0044982372294982,0.9809378701423055,1.0275826950346978,0.010167041271710114,34.78571616561993,15.70015806871993,19.0855580969,26.060976159148595,1.224401105963061,205.69721229873764,79.83876916112891,99.6067197721154,21.4125896804133
290,2154.5281943139507,196.4296979589579,1,1,2,32.0,2128.467218154802,429.5265883931615,2154.528194313951,1.0044982372294982,0.9809378701423055,1.0275826950346978,0.010167041271710114,34.78571616561993,15.70015806871993,19.0855580969,26.060976159148595,1.224401105963061,205.69721229873764,79.83876916112891,99.6067197721154,21.4125896804133
291,2161.3643627638407,268.90116857347346,1,2,3,33.0,2128.467218154802,429.5265883931615,2161.3643627638407,1.0011150479795792,0.9805002266081551,1.0206123574444523,0.010743130539987236,-26.21175661991927,-51.95386785995447,25.7421112400352,32.897144609038605,1.5455791063372635,323.6721473046194,77.30195884295529,99.8550586543811,21.266242564617823
292,2151.1259036720894,200.1515213225551,5,1,6,32.0,2128.467218154802,429.5265883931615,2151.12590367209,1.0047803915718039,0.9799724506638076,1.029396888387612,0.01052844396942651,-6.805614478920347,-25.55498235651538,18.749367877595034,22.658685517287267,1.0645541225168784,227.00933410067927,79.27345210269111,58.88000755690379,20.640257667055465
293,2151.126625743345,204.87605934011924,1,3,4,33.0,2128.467218154802,429.5265883931615,2151.126625743345,1.0049368927141156,0.9808767464616184,1.0302562598191793,0.01036134927720994,-24.12050875637334,-43.397424427081745,19.276915670708405,22.659407588542763,1.0645880469884106,225.92776957274577,80.250317959264,60.538106494664746,20.75819403476335
294,2155.2990411177007,236.87352365287882,1,1,2,33.0,2128.467218154802,429.5265883931615,2155.2990411177007,1.0034211298018285,0.9799093007236206,1.0280105325902724,0.010257303623913428,-121.64175506694005,-141.82358769072812,20.18183262378807,26.831822962898514,1.2606171583962376,232.67327288272978,86.82525013089264,64.7517655446587,22.164123486943904
295,2152.706593037591,223.77747817264247,2,1,3,33.0,2128.467218154802,429.5265883931615,2152.706593037591,1.0017569987255674,0.9779093684765876,1.0218529305565134,0.011146119826669059,37.54564683760134,18.138516243692408,19.40713059390893,24.23937488278898,1.138818332555877,280.0862764183039,77.52099803435983,65.15343860054374,19.905003386467193
296,2149.7177347878232,196.7658334511857,7,1,8,33.0,2128.467218154802,429.5265883931615,2149.7177347878232,1.0050491664597045,0.979766392795874,1.0295142036715572,0.01068457469814648,65.889906430476,48.28721205167244,17.602694378803562,21.250516633021107,0.9983952983519979,226.53333189174117,72.75146720810011,64.64988161516875,19.343222920985806
297,2151.126740596941,200.16670853801094,5,1,6,32.0,2128.467218154802,429.5265883931615,2151.126740596941,1.004779698067666,0.9799721189560316,1.0293962394713103,0.010528395677535761,8.725463067333521,-10.022279471495636,18.747742538829158,22.65952244213895,1.0645934430591233,227.03284960530513,79.24758610122555,58.869707761189126,20.635260662434327
298,2154.5281943139507,196.4296979589579,1,1,2,32.0,2128.467218154802,429.5265883931615,2154.528194313951,1.0044982372294982,0.9809378701423055,1.0275826950346978,0.010167041271710114,34.78571616561993,15.70015806871993,19.0855580969,26.060976159148595,1.224401105963061,205.69721229873764,79.83876916112891,99.6067197721154,21.4125896804133
299,2160.681354182586,246.72435481508288,4,16,20,33.0,2128.467218154802,429.5265883931615,2160.681354182586,1.003346759278904,0.9755036600632304,1.0364476458581635,0.012932218094829123,7.646667590946549,-11.721961532639057,19.368629123585606,32.21413602778375,1.5134898838475246,268.7152796012174,88.56107088796607,99.78212127357793,23.69758374946305
300,2152.706593037591,223.77747817264247,2,1,3,33.0,2128.467218154802,429.5265883931615,2152.706593037591,1.0017569987255674,0.9779093684765876,1.0218529305565134,0.011146119826669059,37.54564683760134,18.138516243692408,19.40713059390893,24.23937488278898,1.138818332555877,280.0862764183039,77.52099803435983,65.15343860054374,19.905003386467193
301,2160.681354182586,246.72435481508288,4,16,20,33.0,2128.467218154802,429.5265883931615,2160.681354182586,1.003346759278904,0.9755036600632304,1.0364476458581635,0.012932218094829123,7.646667590946549,-11.721961532639057,19.368629123585606,32.21413602778375,1.5134898838475246,268.7152796012174,88.56107088796607,99.78212127357793,23.69758374946305
302,2154.2422370758277,195.8912629960029,1,1,2,32.0,2128.467218154802,429.5265883931615,2154.242237075828,1.004568298829277,0.9808275824168025,1.0277379245646354,0.010219668889535618,14.459179919687557,-5.014950781717289,19.474130701404846,25.77501892102555,1.2109662155553549,213.338388091492,78.3648011209203,98.21964510582326,21.14615962694111
303,2151.6486824731132,204.31860579129386,4,1,5,32.0,2128.467218154802,429.5265883931615,2151.6486824731132,1.0043862175344744,0.9796507691131033,1.029220077428928,0.010472705196560805,16.945323028453345,-1.9860274274929566,18.9313504559463,23.1814643183111,1.0891154028863754,230.34021426758673,81.24747489978282,59.998054662864796,21.009771541570945
304,2204.7815897326714,237.2039758157036,0,0,0,32.0,2181.5549920669127,443.6847054085754,2204.781589732672,1.00001389162519,0.9770932537870192,1.024672695607964,0.011326096691215062,-70.7708658152842,-93.26204767974559,22.491181864461396,23.226597665758618,1.0646808240095105,205.15986600509376,80.19291658880574,69.4828070483464,20.838424382847283
305,2205.954763388239,247.73137550863194,1,1,2,32.0,2181.5549920669127,443.6847054085754,2205.954763388239,1.0031240300604007,0.977247456480131,1.028767999127293,0.010704289232519476,28.727294175553112,3.7368805985490496,24.990413577004063,24.39977132132617,1.118457770262698,201.58192152805134,82.79908763402395,67.24498228557107,21.461573354949834
306,2208.307795991811,248.80225785631794,1,1,2,33.0,2181.5549920669127,443.6847054085754,2208.307795991811,1.003035265384718,0.9793192051649297,1.0286113847593763,0.010249013563864127,-5.810299073740822,-29.869064964125812,24.05876589038499,26.752803924898217,1.2263181089719537,207.8098439673152,82.47594327351295,99.6678638988284,22.17417069498179
307,2210.2436001754904,304.27755371542895,1,1,2,33.0,2181.5549920669127,443.6847054085754,2210.2436001754904,1.0007646011893667,0.9754662264226842,1.023877346276428,0.01098155710291285,9.971603813104252,-17.49050548976365,27.4621093028679,28.688608108577682,1.3150531713801392,216.52475733401042,89.4000014263278,48.84197217916213,22.77372030179369
308,2205.7647852396058,238.68925889913928,1,1,2,33.0,2181.5549920669127,443.6847054085754,2205.7647852396058,1.0030191458009903,0.9779157028030997,1.0258233605015692,0.011104041532216995,14.76620840584539,-10.724310000392563,25.490518406237953,24.209793172693026,1.1097493879700677,205.61108792438975,77.08796266055253,91.70059238390832,20.65413391855433
309,2211.4198104968377,318.07798659316614,1,1,2,33.0,2181.5549920669127,443.6847054085754,2211.4198104968377,0.9999925766044443,0.9735435822672515,1.0238613273957529,0.011920431860389984,140.86243904132266,111.73556445508359,29.12687458623907,29.86481842992498,1.3689693149394129,225.67798794947853,90.76426225954248,56.48303290536442,23.14368488009862
310,2202.808733108247,230.98197910671396,1,1,2,32.0,2181.5549920669127,443.6847054085754,2202.808733108246,1.003710169560099,0.9788229054997896,1.0293925813399172,0.01057175990701334,67.95072255940795,45.66597986762304,22.284742691784913,21.25374104133425,0.9742473198531387,234.3521124861111,76.9836632949951,55.24965000198178,20.343462797907012
311,2216.8786871286766,340.26308493983856,1,1,2,32.0,2181.5549920669127,443.6847054085754,2216.8786871286766,0.9999312782373962,0.968930435643434,1.0259731692786678,0.011764031564695951,15.663668042673265,-18.412016813074587,34.07568485574785,35.32369506176383,1.6191980119784384,293.3168150915021,99.69450055656225,58.66336301830043,25.227946931311834
312,2209.296576355984,297.1461545263804,1,1,2,32.0,2181.5549920669127,443.6847054085754,2209.296576355984,1.0013131530142374,0.9760861989809095,1.025121237251003,0.011101194680830375,4.783407679879218,-21.104348432972444,25.887756112851662,27.741584289071398,1.2716426764373083,239.74455980967306,88.64655622775904,52.46036279074926,22.599737284943455
313,2202.664294085891,235.12708358728122,1,5,6,33.0,2181.5549920669127,443.6847054085754,2202.664294085891,1.0034482707670227,0.9787916139336491,1.0295086365182955,0.010696103817312149,11.556221709407112,-9.99388212781841,21.55010383722552,21.10930201897827,0.9676263993225436,232.88334372237438,78.51282401766423,55.258210602880396,20.65026254518494
314,2208.5822608768185,249.23398559560937,1,1,2,32.0,2181.5549920669127,443.6847054085754,2208.5822608768185,1.0027162389936144,0.9778628094385375,1.0284263114774144,0.010495166649563332,15.146302958676301,-9.736036004120365,24.882338962796666,27.027268809905763,1.2388992671827537,188.41721152564065,87.34172770650318,94.19929085054527,22.93794806970368
315,2203.824806119651,239.21191495074194,1,1,2,32.0,2181.5549920669127,443.6847054085754,2203.824806119651,1.0022770477384408,0.9776377466950186,1.028593767754576,0.010205112255666001,118.40084046274569,95.82007313014401,22.58076733260168,22.269814052738184,1.0208229512307028,239.43144953608714,79.98098594158917,58.170793044912394,20.91685898686641
316,2206.4752401874493,254.51495991582956,1,1,2,33.0,2181.5549920669127,443.6847054085754,2206.4752401874493,1.0034622736686238,0.9792963377292454,1.0292571624705331,0.010329237067987723,-17.815896913364924,-43.78553421621908,25.969637302854153,24.9202481205366,1.1423158348589657,220.52686463827905,81.06792121678404,98.78651295323384,21.880865311363635
317,2216.8786871286766,340.26308493983856,1,1,2,32.0,2181.5549920669127,443.6847054085754,2216.8786871286766,0.9999312782373962,0.968930435643434,1.0259731692786678,0.011764031564695951,15.663668042673265,-18.412016813074587,34.07568485574785,35.32369506176383,1.6191980119784384,293.3168150915021,99.69450055656225,58.66336301830043,25.227946931311834
318,2216.8786871286766,340.26308493983856,1,1,2,32.0,2181.5549920669127,443.6847054085754,2216.8786871286766,0.9999312782373962,0.968930435643434,1.0259731692786678,0.011764031564695951,15.663668042673265,-18.412016813074587,34.07568485574785,35.32369506176383,1.6191980119784384,293.3168150915021,99.69450055656225,58.66336301830043,25.227946931311834
319,2203.169328724793,224.9761454722301,1,1,2,33.0,2181.5549920669127,443.6847054085754,2203.169328724793,1.0040400387720139,0.9798342297915811,1.0292117282533852,0.010712226964045257,8.932575243276546,-10.227639718201004,19.16021496147755,21.614336657880358,0.9907766128509037,242.47925793761138,74.25060367907963,87.99998158899395,20.183607358705476
320,2209.522389826975,254.2555402952803,1,1,2,32.0,2181.5549920669127,443.6847054085754,2209.5223898269746,1.0031191607366026,0.9758822949684546,1.0288442597677339,0.010913582339615993,43.86768015508193,15.970615680633784,27.897064474448143,27.96739776006234,1.281993709155351,233.21465382858463,86.02784074079511,98.32804715954786,22.814765679826177
321,2208.5234312817724,286.6023077888939,1,1,2,33.0,2181.5549920669127,443.6847054085754,2208.5234312817724,1.0017373718631266,0.9749150372773607,1.027865914041162,0.010910622831624955,12.926653702377536,-14.894966162250512,27.821619864628047,26.9684392148597,1.236202585446103,214.99897601784417,89.4884679632271,52.75690983334971,22.79125301028786
322,2209.296576355984,297.1461545263804,1,1,2,32.0,2181.5549920669127,443.6847054085754,2209.296576355984,1.0013131530142374,0.9760861989809095,1.025121237251003,0.011101194680830375,4.783407679879218,-21.104348432972444,25.887756112851662,27.741584289071398,1.2716426764373083,239.74455980967306,88.64655622775904,52.46036279074926,22.599737284943455
323,2276.4924978452195,262.03920600875506,1,1,2,33.0,2251.4734443599014,458.329674379538,2276.4924978452195,1.0019454555351477,0.9756004834865988,1.0234602667931982,0.011122954897951003,98.2568315142027,78.74413486638878,19.512696647813925,25.01905348531818,1.1112302278311414,212.96885510742845,83.13878755639716,66.48284254482829,21.363162555071476
324,2277.636790284305,240.3413385703926,1,1,2,32.0,2251.4734443599014,458.329674379538,2277.6367902843044,1.0023971856813707,0.9751628345539397,1.0232890625242013,0.01118378283072755,47.08792213816548,27.165215772321545,19.922706365843936,26.16334592440353,1.162054386648199,197.36045919104166,81.07032084511543,99.62359053681847,21.58586165847946
325,2273.1879761363907,228.26612397663055,13,7,20,32.0,2251.4734443599014,458.329674379538,2273.1879761363907,1.0025815171237715,0.9764377961805428,1.0244538841115367,0.010982710930639357,1.8676177082457457,-16.347265296783462,18.214883005029208,21.714531776489366,0.9644587117332336,212.67236477986202,74.13559158607089,57.20185602111467,19.539572950814105
326,2277.583979384131,244.20026482591965,1,1,2,33.0,2251.4734443599014,458.329674379538,2277.5839793841315,1.0015565071550605,0.9745493823583209,1.0178374911872479,0.01090319944263997,-124.16691012841592,-148.64097274031036,24.47406261189444,26.110535024229648,1.1597087715885954,211.96894678201974,76.4787550302195,98.17663657783811,20.764535734095016
327,2279.59083720324,301.7214844643465,1,1,2,33.0,2251.4734443599014,458.329674379538,2279.59083720324,0.9999123949861334,0.9700641011660825,1.017737351291008,0.012972293762158105,-16.346893431702995,-41.821233327400705,25.47433989569771,28.11739284333862,1.2488440809184163,215.05052703421984,84.80713515595885,50.670754092310766,21.882096294676874
328,2280.9923257855066,264.1140603207965,1,1,2,32.0,2251.4734443599014,458.329674379538,2280.9923257855066,1.0019786780466244,0.974488026930335,1.0232003804163898,0.01109223527817201,29.165437776420873,6.562630091305039,22.602807685115835,29.518881425605286,1.3110916986186159,212.16442583541325,87.65586111277231,99.94037351684962,22.799122846569624
329,2277.8281367363747,266.7811128701003,1,1,2,33.0,2251.4734443599014,458.329674379538,2277.8281367363743,1.0021573554076932,0.9747721284406854,1.0332736052097276,0.012778770918543722,-22.0492773252941,-44.91223242502886,22.862955099734762,26.354692376473395,1.170553107898907,199.78374379914962,86.91839189139607,59.11781431304682,22.147306418638664
330,2273.1532724073645,223.25146592625987,11,7,18,32.0,2251.4734443599014,458.329674379538,2273.153272407364,1.002951387294478,0.976826488161234,1.024809056810356,0.01089855279486606,8.15822915483497,-9.68650098593281,17.84473014076778,21.67982804746316,0.9629173331700913,211.11713468704406,73.01225890962465,67.11028300197492,19.31342895837484
331,2275.7336412424147,235.3689937036048,0,0,0,32.0,2251.4734443599014,458.329674379538,2275.7336412424147,0.9988888628147422,0.9740148060428829,1.0191474970350074,0.011925991682713433,12.397994007735633,-7.457865411244143,19.855859418979776,24.260196882513355,1.07752533982965,195.01209167554836,78.15515102914456,87.7224832434548,20.50275971984131
332,2277.583979384131,244.20026482591965,1,1,2,33.0,2251.4734443599014,458.329674379538,2277.5839793841315,1.0015565071550605,0.9745493823583209,1.0178374911872479,0.01090319944263997,-124.16691012841592,-148.64097274031036,24.47406261189444,26.110535024229648,1.1597087715885954,211.96894678201974,76.4787550302195,98.17663657783811,20.764535734095016
333,2283.1009686057464,288.0065013969638,1,1,2,33.0,2251.4734443599014,458.329674379538,2283.1009686057464,1.0001957309194784,0.9688206192366792,1.0221458696958785,0.012435605043554768,16.973216697200712,-10.12190299673108,27.095119693931792,31.627524245845052,1.404747825255244,268.41603130848137,90.71022315501837,99.86420456492604,23.470539263009726
334,2276.4941678147243,258.91410489092345,1,1,2,33.0,2251.4734443599014,458.329674379538,2276.4941678147243,1.0017989993702763,0.9752989556830925,1.0234238805437603,0.011255501823078518,-93.32088738856811,-114.2757217888354,20.954834400267288,25.020723454822928,1.1113044001252421,195.4093357522863,82.41430791599298,60.55242550941596,21.25044376849819
335,2279.717973910527,276.7443482819728,1,1,2,33.0,2251.4734443599014,458.329674379538,2279.717973910527,1.001181018868661,0.9745915327222502,1.0222094643685367,0.010897914354716355,30.308189305730394,8.820916740116388,21.487272565614006,28.24452955062543,1.2544909033406526,227.54457003154508,84.46590339514051,97.32587769750008,22.077012089501185
336,2274.842659374687,234.85382869161992,12,1,13,32.0,2251.4734443599014,458.329674379538,2274.842659374687,1.0009056755762342,0.9760958513069424,1.0239504518845663,0.010259614350121437,2.5783221738948043,-14.942948501050324,17.52127067494513,23.369215014785823,1.0379520608305348,222.7235164112189,78.34936032553064,69.43728396421062,20.366859791048952
337,2281.530073168421,271.8936321632792,1,1,2,32.0,2251.4734443599014,458.329674379538,2281.530073168421,1.0014548023066594,0.9712548474296862,1.0228848266942732,0.011594432892026536,14.428605590364526,-10.151791937602866,24.580397527967392,30.05662880851969,1.3349759413691353,266.2021624195051,87.91140125729108,99.7287929295831,22.986115669032717
338,2277.6367902843044,240.3413385703926,1,1,2,32.0,2251.4734443599014,458.329674379538,2277.6367902843044,1.0023971856813707,0.9751628345539397,1.0232890625242013,0.01118378283072755,47.08792213816548,27.165215772321545,19.922706365843936,26.163345924403075,1.1620543866481787,197.36045919104166,81.07032084511543,99.62359053681847,21.58586165847946
339,2278.045899288041,257.90498547859386,1,1,2,33.0,2251.4734443599014,458.329674379538,2278.045899288041,0.9997597087429844,0.9728912162416316,1.0170977399226373,0.01199778106462089,18.990729099003147,-3.8740630097912856,22.864792108794433,26.57245492813945,1.1802251096811873,208.63528517650215,78.81737349713312,93.16528765799733,20.754373884072283
340,2293.3180551803043,303.9088953472706,1,1,2,32.0,2265.3967745157515,460.03490813651,2293.3180551803043,1.000894013330066,0.9761196625056301,1.0230625784679634,0.011254743530149103,-3.125515494396211,-28.024433074406005,24.898917580009794,27.921280664552796,1.2325117162101202,229.61375340685407,91.22212553902769,59.265819599579906,23.352277574605797
341,2291.5083304261184,276.8644248725314,1,1,2,33.0,2265.3967745157515,460.03490813651,2291.508330426119,1.0019333871332377,0.9784367925098382,1.0257157400599217,0.010718914454802594,42.19985931057414,17.39896569127518,24.80089361929896,26.11155591036686,1.152626162626564,208.8636274332774,83.76755924201875,99.9352774196215,22.192009367180315
342,2289.936536462049,245.13769352617746,1,1,2,32.0,2265.3967745157515,460.03490813651,2289.936536462049,1.0026864747255841,0.9799042729165519,1.0256847260954554,0.011010743212277229,22.841853550374964,3.4942037336633405,19.347649816711623,24.539761946297403,1.0832434398403783,186.60057686574197,81.985411021787,99.93246503313269,21.88844635441393
343,2290.332096140336,291.12780877232166,1,1,2,33.0,2265.3967745157515,460.03490813651,2290.3320961403356,0.9991271924897073,0.9720886800086801,1.023926108422873,0.01453451573198914,13.61394045121699,-9.776947921914228,23.39088837313122,24.935321624584503,1.1007043845515605,240.28320160488695,85.76265026337782,60.07080040122174,21.91900824196365
344,2287.9958545830423,248.92294666580028,1,1,2,32.0,2265.3967745157515,460.03490813651,2287.9958545830423,1.0009724927490675,0.9793982771955003,1.0253501735490518,0.010169146314428272,14.052724190787075,-4.235499067756052,18.288223258543127,22.599080067290743,0.9975771273940078,201.67386012795677,81.14174251147433,69.21067520373208,21.124777681286748
345,2294.9718057023674,327.68873804541283,1,1,2,33.0,2265.3967745157515,460.03490813651,2294.9718057023674,0.9983586500690317,0.9642864057621441,1.019647514759455,0.013616060317639955,25.812470916568884,0.5710424799099769,25.241428436658907,29.575031186615888,1.3055121963320448,225.86119824626175,92.53071016280946,61.030613756758775,23.590078735336323
346,2292.8465702337226,301.94751481452965,1,1,2,32.0,2265.3967745157515,460.03490813651,2292.846570233722,1.001240997288884,0.975711527236903,1.023743591620051,0.011335861498110675,85.16345516035273,59.30834453617672,25.855110624176007,27.44979571797103,1.2116992496309467,236.97969854689637,91.7833469263148,56.45825371835302,23.2307888545284
347,2293.3506555160734,292.69363154342653,1,1,2,33.0,2265.3967745157515,460.03490813651,2293.3506555160734,1.0005614206290039,0.9746946008406621,1.0211036548869366,0.011709716708216652,22.806337634536334,-1.7803636161128225,24.586701250649156,27.95388100032187,1.2339507725439072,251.5090132711635,77.8047616517223,90.36580531667684,20.70197736192828
348,2293.3180551803043,303.9088953472706,1,1,2,32.0,2265.3967745157515,460.03490813651,2293.3180551803043,1.000894013330066,0.9761196625056301,1.0230625784679634,0.011254743530149103,-3.125515494396211,-28.024433074406005,24.898917580009794,27.921280664552796,1.2325117162101202,229.61375340685407,91.22212553902769,59.265819599579906,23.352277574605797
349,2291.4175530090383,267.9746584435241,1,1,2,33.0,2265.3967745157515,460.03490813651,2291.417553009039,1.002057640664953,0.9785021034487709,1.0253315330853674,0.010825860758614662,13.02401462833123,-10.017043713067835,23.041058341399065,26.020778493286798,1.1486190315976312,216.52088899151596,82.83492390566829,92.13800326142557,21.739540925790305
350,2286.8572748991714,232.08825214852254,1,1,2,33.0,2265.3967745157515,460.03490813651,2286.857274899171,1.0029419588951638,0.96098889630144,1.0283807870545185,0.013306036190077817,14.613788663331604,-10.243485229470508,24.857273892802112,21.460500383419912,0.9473175129777115,190.75677047694518,78.08531345329534,62.45252619208007,20.5192469077782
351,2286.061026093928,232.63458252403007,11,6,17,32.0,2265.3967745157515,460.03490813651,2286.0610260939284,1.0032353050194038,0.9807035952741924,1.026198130076045,0.010791302024806408,-129.2363640080507,-147.2685366903886,18.032172682337887,20.66425157817639,0.9121691974949314,200.67760473842307,74.64147270569048,68.28262182771752,19.849370752720496
352,2286.8572748991714,232.08825214852254,1,1,2,33.0,2265.3967745157515,460.03490813651,2286.857274899171,1.0029419588951638,0.96098889630144,1.0283807870545185,0.013306036190077817,14.613788663331604,-10.243485229470508,24.857273892802112,21.460500383419912,0.9473175129777115,190.75677047694518,78.08531345329534,62.45252619208007,20.5192469077782
353,2286.651428614774,238.12349872522267,1,1,2,32.0,2265.3967745157515,460.03490813651,2286.6514286147735,1.002998371065295,0.9802693749291573,1.0260448514567815,0.01077676297827182,23.463023564951015,4.354539082968216,19.1084844819828,21.254654099022446,0.938230968549243,196.81467280262638,76.76336136383395,66.93873758516506,20.28403134702099
354,2294.278740421526,322.6330498233115,1,1,2,33.0,2265.3967745157515,460.03490813651,2294.278740421526,0.9992515632508608,0.975461866426984,1.019165631061594,0.011823753757963398,-13.485162124548907,-41.727891823112884,28.242729698563977,28.88196590577445,1.2749186469530585,241.35443490578385,89.90204856464494,60.33860872644596,23.582714303338058
355,2291.1822741025353,265.66831128597715,1,1,2,32.0,2265.3967745157515,460.03490813651,2291.1822741025353,1.002193423633847,0.9780654281026694,1.0255911230316952,0.01089789070236912,-113.609110042698,-138.21386930961808,24.60475926692007,25.78549958678377,1.1382332612482706,216.68661385468008,83.24391877871074,84.25282106286195,21.76156135589223
356,2292.6267561982863,280.7255778268093,1,1,2,33.0,2265.3967745157515,460.03490813651,2292.626756198287,1.001931268228958,0.9737146925057488,1.0317410274448517,0.012803729181658879,18.497730541625998,-6.24618955347421,24.743920095100208,27.2299816825348,1.2019961354608817,210.20112972794766,85.97100052953809,82.89078239090276,22.254417063625514
357,2291.3342280097886,290.4061953442257,1,1,2,33.0,2265.3967745157515,460.03490813651,2291.334228009789,1.0011349545239934,0.9771466366211194,1.0241125979949355,0.010959772046315394,11.102119898765949,-12.864958677177043,23.967078575942992,25.937453494037072,1.1449408680111426,218.7970384558145,87.92832298273562,55.787327267997725,22.478821244802788
358,2256.614938981765,243.71326419335992,1,1,2,32.0,2230.2235900775404,456.1749083483004,2256.6149389817656,1.0028553011325665,0.9754614332922527,1.0266347461768233,0.011364831027877616,9.41625461568529,-13.805389235240057,23.221643850925346,26.391348904224742,1.1833499126115499,194.1700877120298,83.10906418331498,98.93163639768187,22.10063764635661
359,2255.5784868472892,279.225671683181,1,1,2,32.0,2230.2235900775404,456.1749083483004,2255.5784868472892,1.0016880848125604,0.9741827933898485,1.0250914143790306,0.011347323229292291,45.37400633971174,22.589062466254205,22.784943873457536,25.354896769748848,1.1368768980184318,207.84255565934754,86.73371188978959,56.1928741767172,22.122218056712814
360,2257.9272094678054,289.0024796978249,3,1,4,32.0,2230.2235900775404,456.1749083483004,2257.927209467806,1.0013165689091175,0.9706326350961357,1.026069716208082,0.011629161657786413,-36.21749756974546,-64.42766830743483,28.210170737689367,27.703619390264976,1.2421902231471678,261.14177425873487,90.99814828483484,58.59205449554538,23.38506814254029
361,2255.1524511201465,232.89422530323543,1,1,2,32.0,2230.2235900775404,456.1749083483004,2255.152451120146,1.0027882319806425,0.9762352481322129,1.0262329242278652,0.011315987854916566,15.718039090609409,-5.249577536158199,20.967616626767608,24.92886104260606,1.1177740722283065,184.4586589051446,80.54510604848838,99.23579432039563,21.58013867722754
362,2261.5324084084605,297.0899287495422,1,1,2,33.0,2230.2235900775404,456.1749083483004,2261.5324084084605,1.0012090413345978,0.9695903582939946,1.033902694337889,0.014251058167374143,40.224056234205165,12.352095069757013,27.87196116444815,31.308818330920076,1.4038421291127825,252.34665542892566,91.7528855313609,97.92317324277545,23.878771322200024
363,2253.9875194460524,266.8549629900824,1,1,2,32.0,2230.2235900775404,456.1749083483004,2253.987519446052,1.0019980673047935,0.9751577817466505,1.0253349189380974,0.011240224558720034,-17.597001347555533,-38.7675631841995,21.17056183664397,23.76392936851198,1.065540220910575,206.65652659950183,83.51798353558819,54.30326381198941,21.49517511685636
364,2257.696523298618,265.4108031348794,1,1,2,33.0,2230.2235900775404,456.1749083483004,2257.696523298618,1.0011017911402458,0.9737038202860594,1.0212385221025233,0.011302100998118096,-0.664591852383694,-27.98657847606401,27.321986623680317,27.47293322107771,1.2318465889835974,226.31830231030236,81.46329978554095,99.21121544927422,21.964612452857185
365,2255.2462770061206,239.31898452623068,1,1,2,33.0,2230.2235900775404,456.1749083483004,2255.2462770061206,1.0027098294152663,0.9764360699855357,1.0261899716227911,0.011263530585219539,10.520231621408698,-9.841195998228159,20.361427619636856,25.022686928580242,1.1219810892463142,196.06231315200412,79.08341953199515,97.58649357288812,21.221543938835158
366,2257.6080741178334,260.8938649536723,1,1,2,33.0,2230.2235900775404,456.1749083483004,2257.6080741178334,1.001359142741732,0.9731860858899258,1.0200685362756807,0.011463873267338822,7.181792724923895,-19.69256452118077,26.874357246104665,27.384484040293046,1.2278806556494608,212.59253304449294,80.03368414141956,99.84223774843535,21.480967339751306
367,2252.0989588467805,233.51550456547588,12,1,13,32.0,2230.2235900775404,456.1749083483004,2252.09895884678,1.0013949860814657,0.9768142879740722,1.02625523617548,0.010503294350215266,15.882773939230816,-1.8244637207331778,17.707237659963994,21.87536876924014,0.9808598952394534,227.95622862542118,78.79477210830014,64.59267224689373,20.66645963505374
368,2255.060215983354,230.26306405941227,1,1,2,32.0,2230.2235900775404,456.1749083483004,2255.060215983354,1.0025078792160012,0.9771419536051473,1.0258401783295272,0.011210181885297394,129.25551579132718,110.39071160369497,18.864804187632217,24.836625905813435,1.113638382102752,207.48584780186454,80.15089143117945,99.74925926800023,21.62706497370357
369,2255.060215983354,230.26306405941227,1,1,2,32.0,2230.2235900775404,456.1749083483004,2255.060215983354,1.0025078792160012,0.9771419536051473,1.0258401783295272,0.011210181885297394,129.25551579132718,110.39071160369497,18.864804187632217,24.836625905813435,1.113638382102752,207.48584780186454,80.15089143117945,99.74925926800023,21.62706497370357
370,2257.7890147142334,303.70759885634607,1,1,2,32.0,2230.2235900775404,456.1749083483004,2257.7890147142334,1.000938661169667,0.9733308073107784,1.0234934483394622,0.011625530905447249,26.92624169489315,3.7279403208388544,23.198301374054296,27.565424636693024,1.2359937702808816,214.9115662561941,89.92346066429243,55.05979288754279,22.860043220799852
371,2256.392806844336,289.42216042481766,1,1,2,33.0,2230.2235900775404,456.1749083483004,2256.3928068443356,1.001150965803128,0.973737638326666,1.0246080848148569,0.011480622686388114,-149.41008535778903,-172.3390821809394,22.928996823150385,26.16921676679567,1.173389828859528,204.2548587790173,85.2868348572686,55.62910672358363,21.882328943511283
372,2257.9272094678054,289.0024796978249,3,1,4,32.0,2230.2235900775404,456.1749083483004,2257.927209467806,1.0013165689091175,0.9706326350961357,1.026069716208082,0.011629161657786413,-36.21749756974546,-64.42766830743483,28.210170737689367,27.703619390264976,1.2421902231471678,261.14177425873487,90.99814828483484,58.59205449554538,23.38506814254029
373,2251.1089537588923,226.61327028310782,11,7,18,32.0,2230.2235900775404,456.1749083483004,2251.1089537588923,1.0032680750599325,0.9774208552582829,1.0268177676919505,0.011122084619919708,113.50386503941536,95.12131484099348,18.38255019842188,20.88536368135192,0.9364694990346585,219.77973025266508,74.34817921364221,63.196024535156745,19.901192733862946
374,2251.117883098963,226.69490191269063,11,7,18,32.0,2230.2235900775404,456.1749083483004,2251.1178830989634,1.003263510183371,0.9773892980727289,1.0268142892871162,0.01112365469632074,62.38832658921632,44.016421230087104,18.371905359129215,20.894293021422527,0.9368698777280925,219.81883174499487,74.01209764255842,63.21286616080533,19.697124774732156
375,2251.117883098963,226.69490191269063,11,7,18,32.0,2230.2235900775404,456.1749083483004,2251.1178830989634,1.003263510183371,0.9773892980727289,1.0268142892871162,0.01112365469632074,62.38832658921632,44.016421230087104,18.371905359129215,20.894293021422527,0.9368698777280925,219.81883174499487,74.01209764255842,63.21286616080533,19.697124774732156
376,2251.1577772599026,239.2676205483504,1,1,2,33.0,2230.2235900775404,456.1749083483004,2251.1577772599026,1.0023386817894864,0.976095315851641,1.0223300447238608,0.012148452252076662,60.66704402339411,40.02706008474951,20.639983938644605,20.934187182362166,0.9386586742020036,218.55779252207822,75.19713739213024,58.81769158890703,19.80394709540373
377,2238.104672306595,274.21197294903345,1,1,2,33.0,2209.0848542480726,452.94406578537036,2238.104672306595,1.0021684435426255,0.9780966813607002,1.0231310348458276,0.01031136740265852,-61.76370778559891,-92.1789382005761,30.415230414977188,29.01981805852256,1.3136579159789818,211.1036277418925,77.42482120746584,90.22747753045287,20.608751578299007
378,2245.1337185494995,327.20139191306214,1,1,2,33.0,2209.0848542480726,452.94406578537036,2245.1337185494995,0.999422266230466,0.9700873430811716,1.0194524552470896,0.011714426278681734,-124.59895887393785,-152.68636194490477,28.08740307096693,36.048864301426875,1.6318460665784236,296.22418521426255,93.15853737252992,92.47747528504479,24.193618856404303
379,2236.7045641491127,280.40622937628854,1,1,2,32.0,2209.0848542480726,452.94406578537036,2236.7045641491127,1.0014104139593132,0.9751303445777153,1.0223913912428488,0.011154931689589441,45.03873180611595,20.65783728917347,24.380894516942476,27.619709901040096,1.250278360649088,237.51499497897447,88.1503332357036,51.77917867019536,22.4021403250832
380,2230.2330971561796,222.17567946042846,2,1,3,32.0,2209.0848542480726,452.94406578537036,2230.2330971561796,1.0032227708651105,0.9788290735170768,1.0246484538691893,0.010543098359765796,24.552550386197623,4.590541468668107,19.962008917529516,21.148242908107022,0.9573304921917747,222.32315466351525,75.5636208685216,56.643801322452404,19.873613928751983
381,2239.557012517246,278.3579907338826,1,1,2,33.0,2209.0848542480726,452.94406578537036,2239.557012517246,1.001356710855377,0.9748445432776948,1.0216130895343423,0.010766316683197217,-136.80404862943226,-164.83480533513932,28.030756705707063,30.472158269173633,1.3794018917189006,240.12605730745506,87.96241370476358,99.75264842010397,23.047611598888828
382,2234.706144647024,242.08531995019914,1,1,2,32.0,2209.0848542480726,452.94406578537036,2234.7061446470234,1.0025436735009652,0.9777503780002446,1.0236303801433904,0.010396736037755757,91.26805863643017,66.86467010275629,24.403388533673876,25.62129039895126,1.1598146784484757,210.12499868743032,80.56792867073217,82.68532687131376,21.17747119779643
383,2235.10583925171,235.21803810872458,1,1,2,32.0,2209.0848542480726,452.94406578537036,2235.1058392517098,1.0026358057194302,0.9779879448629453,1.0234481159493845,0.010414237771253646,0.32277695744127755,-23.132201365407127,23.454978322848405,26.020985003637634,1.1779078994452952,204.4947248931297,81.7937588777114,94.35640458995123,21.61913323412928
384,2236.603486258327,244.99079756328288,1,1,2,32.0,2209.0848542480726,452.94406578537036,2236.603486258327,1.002246918657885,0.9781933901880168,1.022666374647049,0.010351645846721998,-3.0629014216200403,-26.677571368146516,23.614669946526476,27.51863201025435,1.2457028057268145,206.98938145616404,80.6978166347511,95.70085617555063,21.504941610087883
385,2236.299046320966,240.619258936119,1,1,2,32.0,2209.0848542480726,452.94406578537036,2236.2990463209667,1.002439534597978,0.976491454131228,1.0226773277346493,0.010752558503795556,5.463582036217332,-18.056993582462326,23.520575618679658,27.21419207289364,1.2319215362216946,241.14305329302303,83.64207733770623,99.96275195272689,22.100675982634712
386,2235.3760683630185,250.3147747345784,1,1,2,32.0,2209.0848542480726,452.94406578537036,2235.376068363019,1.0022482995188844,0.9765432498726996,1.0232970773701422,0.010626365442600635,25.86970840348559,1.544073025345142,24.325635378140447,26.291214114945888,1.1901405264894127,229.69488255364746,84.52603954297327,75.27616570032004,21.720409774957847
387,2230.1286259032395,216.40980330643055,12,1,13,32.0,2209.0848542480726,452.94406578537036,2230.1286259032395,1.0021659389403512,0.9791066929856087,1.0239950851440325,0.009993868515736004,7.13349376284765,-10.59218957587072,17.72568333871837,21.043771655166893,0.9526013278620645,237.33303067841453,73.62429911947008,63.80537106355148,19.488701809702658
388,2239.557012517246,278.3579907338826,1,1,2,33.0,2209.0848542480726,452.94406578537036,2239.557012517246,1.001356710855377,0.9748445432776948,1.0216130895343423,0.010766316683197217,-136.80404862943226,-164.83480533513932,28.030756705707063,30.472158269173633,1.3794018917189006,240.12605730745506,87.96241370476358,99.75264842010397,23.047611598888828
389,2238.2708748476553,295.10130487364285,1,1,2,32.0,2209.0848542480726,452.94406578537036,2238.270874847655,1.0008960120381447,0.9744927640337013,1.0218133296058411,0.011156885313183616,34.29303268572045,8.172488318965037,26.12054436675541,29.186020599582662,1.3211815084177465,235.254114115154,90.50762379608695,54.59545469567884,23.114619778052457
390,2236.7192626808014,287.15845680173544,1,1,2,33.0,2209.0848542480726,452.94406578537036,2236.7192626808014,1.0014076098667044,0.9744646145663334,1.0223766435147146,0.01124101308811159,166.5233100566503,141.98209910907087,24.54121094757943,27.634408432728833,1.2509437281047777,218.7197022265257,88.01404693685558,52.84598989158052,22.443217417482625
391,2238.261065313154,293.2936306304453,1,1,2,32.0,2209.0848542480726,452.94406578537036,2238.2610653131537,1.0008795130645947,0.9743949113089756,1.0219691305368523,0.011135105613807936,31.30433190154787,5.1196329809334316,26.184698920614437,29.17621106508159,1.320737454198543,241.55807895485185,90.1136730826806,51.76126113501521,22.86043764449104
392,2238.2708748476553,295.10130487364285,1,1,2,32.0,2209.0848542480726,452.94406578537036,2238.270874847655,1.0008960120381447,0.9744927640337013,1.0218133296058411,0.011156885313183616,34.29303268572045,8.172488318965037,26.12054436675541,29.186020599582662,1.3211815084177465,235.254114115154,90.50762379608695,54.59545469567884,23.114619778052457
393,2238.6368657844255,310.07287120807183,1,1,2,33.0,2209.0848542480726,452.94406578537036,2238.6368657844255,1.0003485764514015,0.973971146705346,1.0211049687361298,0.011091035933016802,27.51596854585543,1.3189614523772377,26.19700709347819,29.552011536352893,1.3377490447922062,262.1118676576284,88.32162229089911,52.42237353152568,22.46218949912784
394,2236.690507910109,283.45528986674276,1,1,2,33.0,2209.0848542480726,452.94406578537036,2236.6905079101084,1.0013215144557142,0.9760496013191713,1.0221066842163753,0.011229770790992695,15.587482388091047,-9.210164353837627,24.797646741928673,27.605653662036275,1.2496420682505958,221.24210835328947,86.28472599944874,53.52900297323102,22.097504245646213
395,2235.5426266999884,243.64033957875023,1,1,2,32.0,2209.0848542480726,452.94406578537036,2235.5426266999884,1.0027873030506924,0.9770433491069385,1.02379557766154,0.010573922579859039,26.985437818087775,1.6353351361935893,25.350102681894185,26.457772451915844,1.197680224960011,226.27438732975693,81.84586512526838,89.74156972993649,21.477331217910493
396,2244.9346173899553,317.946719145042,1,1,2,32.0,2209.0848542480726,452.94406578537036,2244.9346173899553,1.0000268420833123,0.9703753980497932,1.0203649837706796,0.011493142733844311,12.18938243721152,-17.913500963310497,30.102883400522018,35.849763141882704,1.622833232184068,290.1793704991319,95.71437472304088,99.73891128592204,24.717279838880188
397,2193.366053797013,220.83982755751518,10,7,17,32.0,2171.451861665736,443.15107628496844,2193.3660537970127,1.003828871877796,0.9801584638087846,1.029616524991608,0.010700817064799672,11.423397830900285,-7.986742798621663,19.410140629521948,21.914192131277105,1.0091953921772217,226.7713463845551,78.33929583790021,66.04842934574249,20.520464456292597
398,2194.683184197705,243.02696192101115,1,1,2,33.0,2171.451861665736,443.15107628496844,2194.6831841977055,1.0033661187432976,0.9789361722536511,1.0285461440609869,0.01101467997607999,21.504797921888212,-2.489683332577272,23.994481254465484,23.231322531969,1.069852062672395,203.47533745923081,81.22162778237372,53.23671537134375,21.222282159057222
399,2195.8108433312495,203.15341810516406,1,1,2,33.0,2171.451861665736,443.15107628496844,2195.81084333125,1.0039932968167806,0.9704264766747005,1.0307289008899514,0.012110091026055415,6.3520140397804425,-12.770496603510793,19.122510643291236,24.35898166551351,1.1217831762951247,227.9071089560045,76.45343659593944,99.8946143955459,20.860547863310696
400,2199.3187735861275,246.67404443852558,1,1,2,32.0,2171.451861665736,443.15107628496844,2199.318773586128,1.0032069843836988,0.9777165034732116,1.0295441936633514,0.010824237893124018,6.493601653715416,-19.73126977414546,26.224871427860876,27.86691192039143,1.2833308632047926,209.42786293888184,87.54986545326031,99.9391672691918,22.982378905235795
401,2192.3071235777597,215.8713940449808,5,1,6,32.0,2171.451861665736,443.15107628496844,2192.3071235777597,1.0041429323779234,0.980049307598312,1.0297955877145795,0.010795453543716681,95.88341990773165,75.70990316586335,20.173516741868298,20.855261912023707,0.9604293919748923,218.6071169832295,75.54802894547737,59.28338789332411,19.97545101262054
402,2192.9311175334765,219.9518914487953,1,1,2,32.0,2171.451861665736,443.15107628496844,2192.9311175334765,1.0041478426500587,0.9796918936679638,1.0298903554644712,0.010756818213482292,11.86792485835224,-9.543774070974536,21.411698929326775,21.47925586774045,0.9891656475066207,211.48987613966108,76.2116520031609,60.64021616424369,20.113980431831873
403,2196.429246736937,232.1031452667881,1,1,2,33.0,2171.451861665736,443.15107628496844,2196.429246736937,1.0029772367352907,0.9787485503326305,1.0265256636088789,0.010891663998444958,54.408111194286505,29.05906752463568,25.349043669650825,24.977385071200843,1.1502619750474465,229.61207645708743,78.78372742302356,95.76861079588551,21.633508142565496
404,2201.0824935870605,304.50027176761523,1,1,2,33.0,2171.451861665736,443.15107628496844,2201.0824935870605,1.0008284018870686,0.970906450188243,1.024075334276213,0.011961610566613658,76.53660167501039,47.536271368510484,29.000330306499905,29.630631921324493,1.3645539394363837,297.19605538995194,80.72881955069347,59.439211077990386,21.014455578809148
405,2198.387839595862,289.4650379158378,1,1,2,33.0,2171.451861665736,443.15107628496844,2198.387839595862,1.000696432298907,0.9709402960324667,1.0279186088397785,0.014111414688534461,39.61432006261046,12.285126600731957,27.329193461878504,26.935977930125773,1.2404593629564966,205.71183396740085,85.93507501771565,54.62766540370486,22.00946241642786
406,2201.1078243609227,297.3705808335177,1,1,2,32.0,2171.451861665736,443.15107628496844,2201.1078243609227,1.001635480634418,0.9756087092861918,1.0255700337017604,0.011328953602631454,179.28889258491995,-178.73221663740185,358.0211092223218,29.655962695186645,1.3657204757206705,231.72843766658167,91.0475927648301,53.15413419943451,23.0816985943306
407,2196.5597334850136,260.70892185697267,1,1,2,33.0,2171.451861665736,443.15107628496844,2196.5597334850136,1.0009907726164546,0.9766910881913756,1.0226169312093722,0.011647466711519783,18.413555885315077,-5.523906396634231,23.93746228194931,25.107871819277534,1.1562711687293454,257.06054237441475,78.35103436288236,53.66051274593179,20.284420923657496
408,2195.883795080667,232.69507319242393,2,0,2,32.0,2171.451861665736,443.15107628496844,2195.883795080667,1.0000657184880846,0.9768209652282214,1.0248412345217697,0.011545455781531813,105.9473752323538,81.2882956918329,24.659079540520906,24.43193341493088,1.1251427602999668,215.6275553067911,81.51133682732308,77.52029275075564,21.059360410083055
409,2197.8043126456037,235.31103135344267,1,1,2,32.0,2171.451861665736,443.15107628496844,2197.804312645603,1.0034518746465062,0.9785702180522549,1.02901060804913,0.0108952243329136,10.530060422842354,-13.156113828847424,23.686174251689778,26.352450979867626,1.213586699529801,204.31789586044874,83.5495024530349,95.49590095201165,22.087335258477896
410,2194.9829733447355,233.80975439149086,1,1,2,33.0,2171.451861665736,443.15107628496844,2194.982973344735,1.0036001042406661,0.9793324159141413,1.0289698292661216,0.010812731202229328,16.71571490107823,-5.14920930777285,21.86492420885108,23.531111678999423,1.0836579937327526,200.40913326756797,77.05643975981444,92.16888414017986,20.734386397654593
411,2197.920665423386,233.12800297504248,1,1,2,32.0,2171.451861665736,443.15107628496844,2197.920665423386,1.003892037620343,0.9784734704114728,1.0298447880862598,0.010890286756967998,39.11117549053944,13.273052380379937,25.8381231101595,26.468803757649766,1.218944993666374,214.48907264273336,81.1532718745341,99.69877968714877,21.720346280243007
412,2197.9100667432213,269.9337360513791,1,1,2,32.0,2171.451861665736,443.15107628496844,2197.9100667432213,1.0025681861841047,0.9785578271749539,1.0269321572039547,0.010910727645860473,-49.199439100889975,-70.98323507936804,21.783795978478068,26.458205077485218,1.2184569017886928,231.03357664554247,87.70084791955337,54.12898042173696,22.427753516219123
413,2196.5597334850136,260.70892185697267,1,1,2,33.0,2171.451861665736,443.15107628496844,2196.5597334850136,1.0009907726164546,0.9766910881913756,1.0226169312093722,0.011647466711519783,18.413555885315077,-5.523906396634231,23.93746228194931,25.107871819277534,1.1562711687293454,257.06054237441475,78.35103436288236,53.66051274593179,20.284420923657496
414,2199.1162530029765,265.16055913121266,1,1,2,33.0,2171.451861665736,443.15107628496844,2199.116253002976,1.0019064253814056,0.9756448858432291,1.0272337240265152,0.01180978721177784,80.62391533297523,54.45075083404481,26.17316449893042,27.66439133724043,1.274004357435715,238.65430975658722,86.10941312624992,77.66022373975227,22.18579580214824
415,2196.4017942721835,241.77244113239533,1,1,2,33.0,2171.451861665736,443.15107628496844,2196.401794272183,1.0032007909715006,0.9775493351442085,1.0295091229032771,0.010903195850682144,13.367467948443135,-11.326121137058777,24.693589085501912,24.94993260644742,1.1489977303622172,221.77201337972855,82.92634318828826,78.97041052046639,21.521736313930063
416,2160.6244383579124,216.86391241067636,1,1,2,32.0,2138.7002957702343,432.8208295576116,2160.624438357913,1.0031638435891985,0.9762896767220224,1.0284955019297584,0.010807790290443516,177.5886273843778,-179.937271420118,357.5258988044958,21.924142587678034,1.0251152361571187,194.19370940031646,77.76965158557879,72.7572035578705,20.22662557978309
417,2160.565105579638,232.94766978072067,1,1,2,32.0,2138.7002957702343,432.8208295576116,2160.565105579638,1.0034062971895417,0.9764541381933185,1.0282906265764735,0.010928432182624572,-6.115509992488967,-27.442303729060853,21.326793736571886,21.864809809403596,1.0223409915192991,210.85733625459565,80.95924019745733,54.787582740993315,20.832400284395728
418,2161.461995264691,223.65106836808883,1,1,2,33.0,2138.7002957702343,432.8208295576116,2161.4619952646904,1.004317198729364,0.9777065317906608,1.0290679786858346,0.010985689382879388,9.636878382381155,-13.223997381770403,22.860875764151558,22.76169949445648,1.064277193932825,185.25180821103896,75.64470821719728,99.7166371539955,20.58078810527658
419,2166.013451402303,293.79901496235107,1,1,2,32.0,2138.7002957702343,432.8208295576116,2166.013451402303,1.0019455213436854,0.9717067823566716,1.0258318941009503,0.01160642688160885,-39.48906739738919,-66.10453279118798,26.615465393798786,27.31315563206863,1.2770913103667025,250.56400403601003,89.32091422445421,53.03632650466381,22.548782425996087
420,2166.3916430313784,295.9636361194154,1,1,2,32.0,2138.7002957702343,432.8208295576116,2166.391643031379,1.001697513224533,0.9722912615144442,1.0255073396710281,0.01139433418004971,11.437956566163905,-16.0992041708175,27.537160736981406,27.691347261144074,1.294774556112888,236.26552326046726,89.34335607922547,53.4123698647965,22.506829739788348
421,2164.898594919972,232.720870167386,1,1,2,33.0,2138.7002957702343,432.8208295576116,2164.8985949199714,1.0041022662572312,0.9774130236851288,1.0302052535047312,0.011232107482601828,-13.095535984857406,-35.178577138537264,22.083041153679858,26.198299149737522,1.2249635538719759,196.25157358959592,84.03557704654162,97.60014710743162,22.051922147220452
422,2166.232742290546,294.6758240148011,1,1,2,32.0,2138.7002957702343,432.8208295576116,2166.232742290546,1.0017298024886454,0.9733122246807554,1.0250613334858665,0.011313823510490978,6.271668744665789,-20.68831797107032,26.959986715736107,27.532446520311623,1.2873447754584078,218.49592995347274,88.53898316778712,54.71308434010099,22.477805225511393
423,2169.7444509133734,295.5575811685666,1,1,2,33.0,2138.7002957702343,432.8208295576116,2169.744450913374,1.0014916994501848,0.9714709844635715,1.0269585493186415,0.01129816108250207,178.6115199142953,148.91961952486258,29.691900389432703,31.04415514313905,1.4515430331466228,258.1418878440024,91.00530343095421,82.62360573336068,23.05813229613024
424,2162.179235218386,293.00891120414406,1,1,2,33.0,2138.7002957702343,432.8208295576116,2162.1792352183866,1.002715440883251,0.974706541552168,1.0273787262275074,0.011034716752832777,-28.769529533854012,-54.733044341985135,25.963514808131123,23.478939448151777,1.097813447474932,229.22314562214433,84.17186073349396,46.721205715705224,21.140005238870977
425,2166.716663881264,298.92547350365294,1,1,2,32.0,2138.7002957702343,432.8208295576116,2166.716663881264,1.0011833158738366,0.9722712080682155,1.0245263341802355,0.011510960050929908,1.6971604314566662,-26.507347621529732,28.204508052986398,28.016368111029806,1.3099716760893771,234.78821477235118,89.06197018823319,52.971372247577364,22.46486983161082
426,2170.6511724286074,276.9515283062272,1,1,2,32.0,2138.7002957702343,432.8208295576116,2170.6511724286074,1.0024219459160164,0.9722334860307094,1.0278228922282768,0.011411521728833618,-7.360727309764201,-36.874454810828695,29.513727501064494,31.95087665837309,1.4939389460768864,275.58621355936833,91.81608038989509,99.73548151735699,23.600355909737956
427,2162.179235218386,293.00891120414406,1,1,2,33.0,2138.7002957702343,432.8208295576116,2162.1792352183866,1.002715440883251,0.974706541552168,1.0273787262275074,0.011034716752832777,-28.769529533854012,-54.733044341985135,25.963514808131123,23.478939448151777,1.097813447474932,229.22314562214433,84.17186073349396,46.721205715705224,21.140005238870977
428,2169.0374223155477,267.9407142557745,1,3,4,32.0,2138.7002957702343,432.8208295576116,2169.0374223155472,1.002570180756116,0.971534131149503,1.0277081679496363,0.01169021995090166,-24.89005572314636,-52.6139423679619,27.723886644815536,30.337126545313367,1.4184842357441072,277.64481759146145,90.10205032317859,99.92690865538766,23.333805260714293
429,2170.6511724286074,276.9515283062272,1,1,2,32.0,2138.7002957702343,432.8208295576116,2170.6511724286074,1.0024219459160164,0.9722334860307094,1.0278228922282768,0.011411521728833618,-7.360727309764201,-36.874454810828695,29.513727501064494,31.95087665837309,1.4939389460768864,275.58621355936833,91.81608038989509,99.73548151735699,23.600355909737956
430,2170.6511724286074,276.9515283062272,1,1,2,32.0,2138.7002957702343,432.8208295576116,2170.6511724286074,1.0024219459160164,0.9722334860307094,1.0278228922282768,0.011411521728833618,-7.360727309764201,-36.874454810828695,29.513727501064494,31.95087665837309,1.4939389460768864,275.58621355936833,91.81608038989509,99.73548151735699,23.600355909737956
431,2170.6511724286074,276.9515283062272,1,1,2,32.0,2138.7002957702343,432.8208295576116,2170.6511724286074,1.0024219459160164,0.9722334860307094,1.0278228922282768,0.011411521728833618,-7.360727309764201,-36.874454810828695,29.513727501064494,31.95087665837309,1.4939389460768864,275.58621355936833,91.81608038989509,99.73548151735699,23.600355909737956
432,2169.0374223155477,267.9407142557745,1,3,4,32.0,2138.7002957702343,432.8208295576116,2169.0374223155472,1.002570180756116,0.971534131149503,1.0277081679496363,0.01169021995090166,-24.89005572314636,-52.6139423679619,27.723886644815536,30.337126545313367,1.4184842357441072,277.64481759146145,90.10205032317859,99.92690865538766,23.333805260714293
433,2165.292698854636,255.83536840619345,1,1,2,33.0,2138.7002957702343,432.8208295576116,2165.292698854636,1.000920414142163,0.9745241546152171,1.0217419340521061,0.011594283149507218,17.899919230306608,-5.57972295425148,23.479642184558088,26.592403084401667,1.2433908171703247,264.25284947960887,80.24874113928198,99.74012347944512,21.41399040394984
434,2166.094745457235,242.58251955501868,1,1,2,32.0,2138.7002957702343,432.8208295576116,2166.0947454572347,1.0034199251078386,0.9736214126721866,1.0283618460980282,0.01150207536252026,33.463987630080965,8.060161277383571,25.403826352697394,27.394449687000815,1.280892406532115,239.60007510882647,84.61415969517341,99.17906563060696,22.24954532016454
435,2117.244635574149,289.8755469259326,1,11,12,32.0,2080.7809057040463,425.4779732866177,2117.244635574149,1.002703655847217,0.9782048935311156,1.0282640782092216,0.01057821139458611,-53.28979114768504,-79.16489828505706,25.875107137372027,36.463729870102725,1.7524060207465704,226.80752271072708,97.23596586905943,99.90912350375221,25.04450389208237
436,2121.275820515537,344.77403527140285,1,1,2,32.0,2080.7809057040463,425.4779732866177,2121.275820515537,0.9994580811438206,0.9725756031755228,1.0218899517571727,0.012469008765205392,35.75113100863959,1.2915906423452839,34.459540366294306,40.49491481149062,1.946140254386316,307.9138749183902,100.37135974617887,61.58277498367804,25.80288855774424
437,2112.501719364519,286.789280742581,1,1,2,33.0,2080.7809057040463,425.4779732866177,2112.501719364519,1.0018949679523763,0.9793485337398751,1.0257776655048674,0.010555302396637276,-25.20517252933263,-49.3099589693295,24.10478643999687,31.720813660472686,1.5244667794440248,241.187305929548,95.2178472796198,96.15020617725445,24.328535007830983
438,2118.186061038091,318.74494635365244,1,1,2,32.0,2080.7809057040463,425.4779732866177,2118.1860610380913,1.000385602468952,0.9746118569170955,1.0233470733574825,0.012057380178968125,35.17240251661815,1.5679706519552212,33.60443186466293,37.40515533404459,1.7976498742133693,275.1718789866988,97.80929788127023,55.03437579733976,25.121098091360494
439,2110.726200013656,236.7247039595421,1,1,2,32.0,2080.7809057040463,425.4779732866177,2110.726200013656,1.0037071698893494,0.9832270455303577,1.0291064743283804,0.010242558903741091,31.410570935622587,12.714582330500491,18.695988605122096,29.945294309609835,1.4391373078982403,266.49527458318676,90.83010725509008,92.23521169522643,24.004705898521795
440,2117.244635574149,289.8755469259326,1,11,12,32.0,2080.7809057040463,425.4779732866177,2117.244635574149,1.002703655847217,0.9782048935311156,1.0282640782092216,0.01057821139458611,-53.28979114768504,-79.16489828505706,25.875107137372027,36.463729870102725,1.7524060207465704,226.80752271072708,97.23596586905943,99.90912350375221,25.04450389208237
441,2113.4797141017293,278.0410908889481,1,1,2,33.0,2080.7809057040463,425.4779732866177,2113.4797141017293,1.0023634063558857,0.9776701225105439,1.027511801778106,0.011027176354567613,178.79548938561777,-179.53508757741872,358.3305769630365,32.698808397683024,1.5714681112290947,239.60444082871786,93.43641494369447,89.52433434932314,24.42533161352271
442,2113.7959735627774,274.20196407771846,8,12,20,32.0,2080.7809057040463,425.4779732866177,2113.795973562777,1.0017522099454206,0.9737333114220527,1.02790711592873,0.011256966858605277,13.562092221183093,-13.351432711308831,26.913524932491924,33.01506785873107,1.5866671867387308,308.2312568273034,94.88780235526738,99.94770596160272,24.645007110731754
443,2114.4806333129677,307.5769689045449,1,1,2,33.0,2080.7809057040463,425.4779732866177,2114.4806333129673,1.0005480060477956,0.9747837508619782,1.0203812330025712,0.011990554929586169,-3.260734384790055,-34.33841932803023,31.077684943240172,33.69972760892142,1.6195711675621558,270.49685362751933,87.8400975463513,67.62421340687983,22.626158598565258
444,2104.761571831292,194.58199253418655,1,1,2,33.0,2080.7809057040463,425.4779732866177,2104.761571831292,1.0042693143108845,0.9767126268572648,1.0327101860376076,0.013539905015230367,8.950731096717504,-9.493989587866764,18.44472068458427,23.980666127245513,1.1524839574174914,172.25347297984914,78.16982935238589,98.43055598848522,21.189493920856812
445,2106.4902632681906,221.3864833233312,1,5,6,33.0,2080.7809057040463,425.4779732866177,2106.4902632681906,1.0029893889985837,0.9789054135633243,1.0260190400842542,0.010923253794279253,19.895033272391174,-1.95139293494762,21.846426207338794,25.709357564144284,1.2355629318621293,271.34172957248023,81.16791123903134,99.81071456786093,21.490920469395736
446,2113.08454056353,253.50578767499803,1,1,2,33.0,2080.7809057040463,425.4779732866177,2113.08454056353,1.0034976332086123,0.9831877151151774,1.028709503776145,0.01047770554526881,9.389861961555738,-10.258798678714697,19.648660640270435,32.303634859483736,1.5524765135497811,274.4775452715494,93.03566191764264,94.46517038098885,24.665465159690907
447,2111.3687108514378,238.98000300427015,1,1,2,32.0,2080.7809057040463,425.4779732866177,2111.3687108514378,1.0035348548804508,0.9834493081586978,1.0287390419518176,0.010270427777657127,1.9175149587587157,-16.778685965561067,18.696200924319783,30.587805147391464,1.470015659195117,273.38924019997273,90.75019254008697,96.443602777845,24.191387329304114
448,2064.2820353273187,279.60553868746547,1,1,2,33.0,2031.316033313557,414.203307018964,2064.282035327319,1.0023258981689824,0.9688707593124064,1.0272737532217715,0.012123897586076904,13.436617490645204,-15.455714638327947,28.892332128973152,32.96600201376168,1.6228888795795273,304.93333328391,80.42925538435946,60.986666656782,20.935312614207884
449,2063.7225765362896,218.88394598508265,1,1,2,32.0,2031.316033313557,414.203307018964,2063.7225765362896,1.0042130804092317,0.9815462771866429,1.0308968114084047,0.010560516245366998,10.126261651340371,-8.111741506902348,18.23800315824272,32.40654322273258,1.5953471882890542,281.40287077207836,90.70461646232212,97.3291290520016,24.32854344323515
450,2056.080920998227,212.5710200112038,0,0,0,32.0,2031.316033313557,414.203307018964,2056.080920998227,1.0013505052934988,0.9759642094346177,1.0264515888530774,0.011419987045191501,-113.95870013395324,-136.9652645358001,23.006564401846845,24.764887684670157,1.2191548374810377,226.20117422960786,78.63697058846905,53.909265442602376,20.350006189070317
451,2058.3614088072673,200.4976403595751,1,1,2,33.0,2031.7500004557062,412.80822961658987,2058.3614088072673,1.0053119750803028,0.9709786863680415,1.0316736908582478,0.011668142106711767,49.28859229509865,24.63377877243576,24.65481352266289,26.611408351561067,1.3097776963500594,225.58305969709943,89.0109295889875,81.17765427840209,24.08618947730352
452,2067.5591725950176,274.9863140518155,1,1,2,33.0,2031.7500004557062,412.80822961658987,2067.559172595017,1.0019357276154308,0.9663097926067005,1.0264791800732929,0.012140465030935117,-1.0157730761903565,-31.894622324020844,30.878849247830487,35.809172139311386,1.7624792484941385,407.7838282546758,91.60030818265861,99.94042112871743,24.248762164266832
453,2065.8730432396133,266.3077421134084,1,9,10,33.0,2031.7500004557062,412.80822961658987,2065.8730432396133,1.0028968912846494,0.9712795439769482,1.0266057898554564,0.011231185575418096,99.35078784945324,68.07137257469947,31.279415274753774,34.12304278390707,1.67949023138937,267.6035096540688,92.48578168604888,91.32360463039574,24.520282867103703
454,2062.8073660383184,280.4689604058487,1,1,2,33.0,2031.7500004557062,412.80822961658987,2062.8073660383184,1.0015894414677613,0.9689766000134455,1.028446170419937,0.01316561064272015,-1.5791292055222925,-30.324896068917013,28.74576686339472,31.057365582612192,1.5286017263760925,282.8043979530257,92.39408770575659,56.560879590605154,23.43294449397747
455,2062.237012345019,244.364353459995,1,3,4,33.0,2031.7500004557062,412.80822961658987,2062.237012345019,1.002657126799511,0.9779383312583974,1.024395482388963,0.0103831658778983,120.90104130409281,97.7043546395555,23.19668666453731,30.487011889312953,1.500529685368522,211.4765303429105,89.68725997057234,97.31109915044163,23.20150555504924
456,2035.4040686097617,178.8580574248318,1,1,2,33.0,2013.9944208041175,407.49920367965046,2035.4040686097617,1.007191420456446,0.9855301801977358,1.035167747242504,0.009803665619105995,3.3651730199711096,-9.767610504343764,13.132783524314874,21.409647805644227,1.063044047415787,201.46869446222553,73.74993469597705,98.62034058215876,19.92554366162957
457,2041.9351938495545,213.62284323210878,1,1,2,33.0,2013.9944208041175,407.49920367965046,2041.9351938495545,1.005832456453595,0.9758207575019414,1.0334697498359042,0.011592310400632595,148.607995374653,121.74447334417243,26.863522030480567,27.940773045437027,1.3873312039405379,206.22805534433374,86.56646427295611,93.68563081974615,23.606396999911578
458,2035.4040686097617,178.8580574248318,1,1,2,33.0,2013.9944208041175,407.49920367965046,2035.4040686097617,1.007191420456446,0.9855301801977358,1.035167747242504,0.009803665619105995,3.3651730199711096,-9.767610504343764,13.132783524314874,21.409647805644227,1.063044047415787,201.46869446222553,73.74993469597705,98.62034058215876,19.92554366162957
459,2029.6935764476932,241.68873630645027,1,1,2,33.0,2003.0672651412463,407.34751332608585,2029.6935764476932,1.0035591687562369,0.9828500327934191,1.026361671254269,0.010895023258111931,169.10547663542837,149.31838505725023,19.78709157817815,26.62631130644695,1.3292769429073266,244.36064113513876,89.16382668902313,53.52591921917909,22.490253663799457
460,2035.1694197157617,257.9882149463113,1,1,2,33.0,2003.0672651412463,407.34751332608585,2035.1694197157617,1.0026784886018127,0.9745513325828917,1.0266232033257239,0.010885463435599473,-128.96543455357983,-157.83609017337062,28.870655619790796,32.10215457451545,1.6026498527123487,249.6939720707688,88.50371335918793,99.1642220131671,23.037074956932617
461,2032.1113372993946,269.545049881212,1,1,2,33.0,2003.0672651412463,407.34751332608585,2032.1113372993946,1.0018713106687511,0.9750768512418148,1.02543261818845,0.011097818176543879,30.454240786833708,3.849901541337772,26.604339245495936,29.04407215814831,1.449979871549659,281.9085737745485,90.25585269574856,56.381714754909694,22.47830828847306
462,2038.0061650100865,258.0792965715382,1,1,2,33.0,2003.0672651412463,407.34751332608585,2038.006165010087,1.0028390185883704,0.9836404075622716,1.0276470278745782,0.010243531591522083,-73.10933340381007,-93.14417232594462,20.034838922134554,34.93889986884028,1.7442699242741888,338.3753583791587,88.7654579867789,99.61228568411967,23.66425775205821
463,2040.1143637575367,316.83923713192127,1,1,2,32.0,2003.0672651412463,407.34751332608585,2040.1143637575367,1.0014784592610901,0.9764090784167848,1.0265115234486695,0.010729016853686194,22.56936978620456,-8.859335272541188,31.42870505874575,37.04709861629044,1.849518449081043,214.65649093460866,98.96859267057762,50.79203604266883,25.00039367324203
464,2030.3048134345458,194.41453822061035,0,0,0,32.0,2003.0672651412463,407.34751332608585,2030.3048134345458,1.0015055209778654,0.9809945442435783,1.0250183837548499,0.010870450007526703,-9.893263800535351,-29.27928193146363,19.386018130928278,27.237548293299596,1.3597919933746678,218.72635430007,83.44726923200386,99.85072942562311,22.17520015148067
465,2057.195699114503,263.18002814224855,1,9,10,33.0,2023.96477729656,412.0887451063944,2057.195699114503,1.002807672506213,0.9707423617980575,1.031760141487548,0.012896914232034914,15.484906536193193,-12.892691156525643,28.377597692718837,33.230921817943,1.6418725360591522,293.54362047956164,95.51173429598923,99.43603873642229,24.89057546129454
466,2059.5604856101063,276.16598949084744,1,3,4,33.0,2023.96477729656,412.0887451063944,2059.5604856101063,1.002868543425653,0.9706839331625069,1.0268229458527138,0.011626397249449987,-7.151373260326409,-36.78528568763676,29.63391242731035,35.59570831354631,1.7587118468085217,263.9336296218864,79.62448657601172,55.71518255368294,21.04354523324143
467,2059.5604856101063,276.16598949084744,1,3,4,33.0,2023.96477729656,412.0887451063944,2059.5604856101063,1.002868543425653,0.9706839331625069,1.0268229458527138,0.011626397249449987,-7.151373260326409,-36.78528568763676,29.63391242731035,35.59570831354631,1.7587118468085217,263.9336296218864,79.62448657601172,55.71518255368294,21.04354523324143
468,2060.2289678931356,298.65924260706987,1,1,2,32.0,2023.96477729656,412.0887451063944,2060.228967893135,1.0017973160106688,0.9739892574950408,1.0258740402625057,0.011395050416869988,16.51766230582075,-15.992104137274254,32.509766443095,36.264190596575645,1.7917402023672697,282.5161360060803,97.25499550484471,56.503227201216056,25.065332967420673
469,2048.3253945673127,206.0831065875054,1,1,2,33.0,2023.96477729656,412.0887451063944,2048.3253945673123,1.005477220901555,0.9691088547631621,1.0332022171246429,0.012449980308673017,126.0403158253713,96.94135175237932,29.098964072991976,24.360617270752755,1.2036087556470028,207.34840055187377,83.83804957876117,57.20472917387423,22.204892062045115
470,2103.575675207424,317.7940435279894,1,1,2,33.0,2067.6686643820985,420.33005654614533,2103.5756752074235,1.0001798709070515,0.9784970670540909,1.0207421188891137,0.010635069546760167,93.7784714067983,65.75160885158152,28.02686255521678,35.907010825325415,1.7365940415823757,344.7271478958615,84.35942520225339,68.9454295791723,21.709503880384055
471,2103.9849287789552,276.3663400165553,1,1,2,32.0,2067.6686643820985,420.33005654614533,2103.9849287789552,1.0029002645769831,0.9762030418550504,1.027618672340602,0.010232251300791117,77.91662635766244,52.340384798618715,25.576241559043723,36.316264396856695,1.7563870373645885,229.26422856429286,96.36440456060656,99.60850752904858,24.90343497694114
472,2100.928723557139,253.200472830485,1,8,9,32.0,2067.6686643820985,420.33005654614533,2100.928723557139,1.003479366261636,0.9768964549928744,1.0277737717047715,0.010359717136176517,10.991722031885217,-12.445372792267165,23.437094824152382,33.260059175040624,1.6085778030098479,230.5909541486729,92.3797102628855,99.50563445560311,24.128925364063516
473,2106.7690204166624,301.5201990116413,1,9,10,33.0,2067.6686643820985,420.33005654614533,2106.769020416662,1.0020575337556672,0.9704979897310068,1.0282567060387746,0.01124229024835418,-54.24027472397627,-85.82918712185122,31.58891239787495,39.1003560345639,1.8910358660510358,336.58207284828313,101.66218192327003,99.53720061677394,25.918103849076136
474,2103.575675207424,317.7940435279894,1,1,2,33.0,2067.6686643820985,420.33005654614533,2103.5756752074235,1.0001798709070515,0.9784970670540909,1.0207421188891137,0.010635069546760167,93.7784714067983,65.75160885158152,28.02686255521678,35.907010825325415,1.7365940415823757,344.7271478958615,84.35942520225339,68.9454295791723,21.709503880384055
475,2098.344608016074,231.2721924524798,1,1,2,32.0,2067.6686643820985,420.33005654614533,2098.344608016074,1.0037670546671071,0.9825289535950085,1.0279245190645445,0.009782103073527879,112.64619294112185,93.73069774756345,18.9154951935584,30.675943633975294,1.4836005479215637,268.43464550256095,89.93890318484944,97.92377697438083,23.92277119611546
476,2098.4859272372532,267.50030204143775,1,3,4,32.0,2067.6686643820985,420.33005654614533,2098.4859272372532,1.002073682931077,0.9746028951257312,1.0263518842734012,0.0112720657802134,-6.594887449948658,-34.483083018688006,27.88819556873935,30.817262855154695,1.4904352610268974,238.40231214668015,90.32010670780988,53.982833840777424,23.026872318580526
477,2100.928723557139,253.200472830485,1,8,9,32.0,2067.6686643820985,420.33005654614533,2100.928723557139,1.003479366261636,0.9768964549928744,1.0277737717047715,0.010359717136176517,10.991722031885217,-12.445372792267165,23.437094824152382,33.260059175040624,1.6085778030098479,230.5909541486729,92.3797102628855,99.50563445560311,24.128925364063516
478,2097.94684860763,281.5058620687428,1,1,2,33.0,2067.6686643820985,420.33005654614533,2097.94684860763,1.0014047212939532,0.9718458320562694,1.0247293221041731,0.011595830192186077,5.600541689284768,-21.07218502771238,26.672726716997147,30.278184225531277,1.4643634517999333,282.1027553772224,91.92232719643572,56.42055107544448,23.079436447431583
479,2132.218174731008,265.16169852579065,1,2,3,32.0,2098.8515010819146,427.02304960381423,2132.218174731008,1.0027377749399164,0.9754996641239202,1.0255199267215096,0.01025976111588188,5.317121746181101,-22.020750034517732,27.337871780698833,33.36667364909317,1.5897586671516941,259.54080659160536,94.32166851528932,94.3000955047363,24.505131127758972
480,2126.63911322376,259.1920082470556,1,1,2,32.0,2098.8515010819146,427.02304960381423,2126.6391132237604,1.002153919940872,0.9773227962474131,1.024951435438457,0.010930904218502504,75.26869042126998,52.95150270543604,22.31718771583394,27.78761214184533,1.3239436962320292,218.04803801264998,87.57542688281299,51.127849082817576,22.4469071084519
481,2131.9391796517107,256.5564610507223,1,9,10,32.0,2098.8515010819146,427.02304960381423,2131.9391796517107,1.0030161519589227,0.973826218713366,1.0253317928006256,0.010818619564575053,-33.90667327328464,-60.499686183309876,26.593012910025237,33.087678569796026,1.576465917323832,298.9325877048876,91.65799050038206,99.50162240684358,23.972967892010182
482,2126.7713141426025,234.5076514227791,1,1,2,33.0,2098.8515010819146,427.02304960381423,2126.771314142602,1.002994032116037,0.9785511151069861,1.021871156334135,0.00979410286010598,3.3964610400138042,-21.299638535495717,24.69609957550952,27.91981306068783,1.3302424228820258,227.1665179659062,82.58779692128563,92.48151510696408,22.690103084150515
483,2126.63911322376,259.1920082470556,1,1,2,32.0,2098.8515010819146,427.02304960381423,2126.6391132237604,1.002153919940872,0.9773227962474131,1.024951435438457,0.010930904218502504,75.26869042126998,52.95150270543604,22.31718771583394,27.78761214184533,1.3239436962320292,218.04803801264998,87.57542688281299,51.127849082817576,22.4469071084519
484,2134.6124011070583,286.14125616006163,1,1,2,33.0,2098.8515010819146,427.02304960381423,2134.612401107058,1.0018857985466145,0.9725366181072145,1.0241896154303816,0.010808196265538188,25.993123750726426,-3.6090483464043075,29.602172097130733,35.760900025143656,1.7038318340630412,320.3193954131306,97.29401123051476,90.79814377625871,24.872067450959985
485,2121.1217680552877,202.07693079479327,2,4,6,32.0,2098.8515010819146,427.02304960381423,2121.121768055288,1.0047641840927188,0.9796896960305745,1.028321026657752,0.010239523968568512,3.542287605115064,-15.694617102898746,19.23690470801381,22.270266973373054,1.0610692067491765,205.64547156466264,77.97240934153268,59.445434525611596,20.83875869757056
486,2136.3945884919103,291.84455789519814,1,1,2,32.0,2098.8515010819146,427.02304960381423,2136.3945884919103,1.001802193397509,0.9713596081285718,1.0247335468210377,0.010988214065823664,87.57975210397126,57.51654388598786,30.0632082179834,37.54308740999568,1.7887443390179338,334.089137566726,99.91834890084344,96.21164886127164,25.60391426903901
487,2134.2652630537514,281.51108180427724,1,1,2,32.0,2098.8515010819146,427.02304960381423,2134.2652630537514,1.0020979106052381,0.9719151510085662,1.025179182348923,0.010992042591615507,47.49768625726887,18.652458986119342,28.845227271149525,35.41376197183672,1.6872924050882903,328.29132492347173,97.89650043658392,88.2897887656106,24.972027803598323
488,2131.4452735134996,253.04634920806552,1,5,6,32.0,2098.8515010819146,427.02304960381423,2131.4452735134996,1.0029334336658546,0.9738111139833951,1.025224622670384,0.010826475421914034,-1.0521824139937053,-26.613083622317333,25.560901208323628,32.593772431584966,1.5529337075435565,299.998584544839,91.04804741900851,99.35731813018486,23.85389929617918
489,2128.141812806899,239.28881315828718,1,4,5,32.0,2098.8515010819146,427.02304960381423,2128.1418128068995,1.003452408280806,0.9766185336155405,1.0261360055095454,0.010316425902635413,31.398755050970323,6.466674030830745,24.932081020139577,29.29031172498435,1.3955399755478555,256.09933668795264,86.69404443954421,87.24012365325471,22.836661814877335
490,2129.7275930824294,252.72944416622525,1,12,13,33.0,2098.8515010819146,427.02304960381423,2129.7275930824294,1.003215030736692,0.9750465228928724,1.0252652500551211,0.010792770986605792,15.037159666520608,-10.085582428532604,25.122742095053212,30.876092000514745,1.4710946431702652,277.924801955463,86.28035829761849,99.79607550803725,22.83191874041707
491,2132.1330914797836,268.6958688098887,1,9,10,33.0,2098.8515010819146,427.02304960381423,2132.1330914797836,1.0020103190576497,0.9758390076837472,1.0239351318798589,0.010823831344132137,171.18278757815835,146.78853103666086,24.394256541497498,33.28159039786897,1.5857048667193936,239.62122749573936,92.65976623323787,99.83397494913127,24.081371291643475
492,2126.3754485556583,242.33382176056077,1,1,2,32.0,2098.8515010819146,427.02304960381423,2126.3754485556587,1.0035626725856324,0.9766803554955332,1.0274772258369897,0.01040849679610546,61.97329159859726,36.909533158400166,25.06375844019709,27.523947473743647,1.311381365454184,233.90594116040603,90.44164249096319,57.221652831004896,23.14024241126737
493,2135.1167762098457,282.03078889340003,1,1,2,32.0,2098.8515010819146,427.02304960381423,2135.1167762098457,1.0018627195572434,0.9716794289887121,1.024659615807675,0.010953438850669465,41.94544399973614,12.995155541116162,28.95028845861998,36.26527512793109,1.7278628387590589,324.03469752294234,97.6933231052455,96.99329685063752,25.153935511575586
494,2128.4583731210246,291.110038409289,1,1,2,33.0,2098.8515010819146,427.02304960381423,2128.4583731210246,1.0025526153361142,0.9805394434855362,1.0251081375281064,0.009644666874968014,9.470621321734427,-10.423486030771699,19.894107352506126,29.60687203910993,1.4106225249308109,219.52559937857922,90.91479568792717,91.34031627194639,23.49959853365904
495,2127.497290337554,219.2513046872691,1,1,2,33.0,2098.8515010819146,427.02304960381423,2127.4972903375537,1.0045410148749978,0.9765383894514421,1.0383740959778027,0.012682889408803626,12.328570019215078,-15.42602232392693,27.754592343142008,28.645789255639556,1.3648316348666518,256.5221230256476,86.68040192779212,91.84306907804489,23.01963291483784
496,2134.99179702913,313.4407449669122,1,1,2,33.0,2098.8515010819146,427.02304960381423,2134.9917970291294,1.0007339458850402,0.9737711634032362,1.0219390859708315,0.010709801307085444,-22.02232168629226,-48.63093409262899,26.608612406336732,36.140295947215236,1.721908192579878,310.2604400585413,92.57691390077484,94.59289961370338,23.866070666986825
497,2132.3573809105737,260.55462273945534,1,3,4,32.0,2098.8515010819146,427.02304960381423,2132.3573809105733,1.0025801280544389,0.9730707016589621,1.0252855965602474,0.010815816077460136,67.01550526949705,40.002209289570374,27.01329597992668,33.50587982865909,1.596391160183915,302.0114242259146,93.81061568187427,98.39861094914194,24.386235787494588
498,2129.8254474746063,245.61912431864454,9,12,21,32.0,2098.8515010819146,427.02304960381423,2129.8254474746063,1.0032011311440983,0.9772642319902669,1.0250486206316531,0.010349605417501576,-54.91968261672177,-76.1328875977022,21.21320498098042,30.973946392691687,1.4757569259533252,235.21346030783232,89.94644234040861,99.99876286402431,23.683109513520748
499,2161.415031981973,218.24295708311308,1,1,2,33.0,2135.6365644087173,433.25088890943175,2161.4150319819732,1.0037127442922376,0.9771105562185157,1.0286916931840293,0.010520912073829705,18.94969690102681,-2.007188540286961,20.956885441313773,25.77846757325551,1.2070624750889045,204.8290192810566,80.6126536225985,99.69555557270414,21.681436536118166
500,2164.8959129957084,248.34202958762677,1,1,2,32.0,2135.6365644087173,433.25088890943175,2164.8959129957084,1.003013741994092,0.9732820736101184,1.0282879848071238,0.010900760316049469,19.758683198526683,-5.9282475318476315,25.686930730374314,29.25934858699111,1.3700528018020703,257.3615091022245,88.24555538863808,87.57505089487518,22.63883890817489
501,2159.00262020174,222.8327523285125,1,1,2,33.0,2135.6365644087173,433.25088890943175,2159.0026202017393,1.0043796593180145,0.9775124541384236,1.0303816432435269,0.010512061555886838,102.29560506480084,81.31119780629655,20.98440725850429,23.366055793022497,1.0941026288099602,217.1925341012404,80.82733990690427,55.50078597452328,20.889944727201794
502,2164.64916206982,248.1298842293611,1,1,2,32.0,2135.6365644087173,433.25088890943175,2164.6491620698193,1.003107763459445,0.9741875069910689,1.0281260637897485,0.010801226342808926,13.386815601411485,-11.167358772944112,24.554174374355597,29.012597661102518,1.3584988262801676,247.36616877236045,87.37297472838911,84.90480857347879,22.425397459465035
503,2161.0828336204167,228.2048535011545,1,1,2,33.0,2135.6365644087173,433.25088890943175,2161.0828336204167,1.003209357293741,0.9758352357339319,1.024969546432706,0.011149116560536144,-4.735092684226743,-27.825278335100393,23.09018565087365,25.446269211699473,1.1915074706891737,196.28918501011466,78.73140817991359,88.00778220574787,20.723776091502764
504,2161.4324502654536,213.34141830274615,1,1,2,33.0,2135.6365644087173,433.25088890943175,2161.432450265453,1.0042946343673749,0.9783713865721654,1.0297696292440681,0.01037131373280277,8.088775330403195,-13.242161187619189,21.330936518022384,25.795885856736277,1.2078780765714343,196.5778664502768,80.2744614312622,97.6556492790372,21.29861289339649
505,2160.64729295003,242.50201666710228,0,0,0,32.0,2135.6365644087173,433.25088890943175,2160.6472929500305,0.9997351023326683,0.9746446914654974,1.023111701281792,0.011460361747403044,112.05424239626154,90.34046305186348,21.713779344398063,25.0107285413128,1.1711135198810099,210.19914106035708,84.2632549107811,52.93216811322288,21.46914202067752
506,2159.4745606115666,211.83316003132467,1,1,2,33.0,2135.6365644087173,433.25088890943175,2159.4745606115666,1.004091484933139,0.9708958695197841,1.0310842673780032,0.0121706555343404,-11.251447439950567,-33.33321366811549,22.081766228164923,23.837996202849354,1.1162009772692414,209.56116077736405,81.34604918099522,80.01101817026621,21.148201588430457
507,2167.117493115032,309.65205531621007,1,1,2,33.0,2135.6365644087173,433.25088890943175,2167.1174931150326,1.00035863701834,0.9703909247988021,1.0228339672256148,0.01151801186413909,-16.884078102955982,-43.92441327941202,27.04033517645604,31.4809287063149,1.4740770611890541,278.64292858505155,93.65699903837371,55.72858571701032,23.516523411626867
508,2161.6327506764273,212.39398596351495,1,1,2,32.0,2135.6365644087173,433.25088890943175,2161.6327506764273,1.004250028382801,0.9772433310834618,1.0290564958182826,0.010626603996395773,13.582038021492991,-6.735902190150654,20.317940211643645,25.996186267710073,1.2172570324439778,203.20162248311604,81.68617003714482,99.366952871195,21.79999498751171
509,2157.5691656328163,204.86437974161987,1,1,2,32.0,2135.6365644087173,433.25088890943175,2157.569165632816,1.0046602573357317,0.9784206603423035,1.0300738934847766,0.010386601021332481,7.633470297845236,-11.818015664642502,19.451485962487737,21.932601224099017,1.0269819120731989,231.1543032801548,77.16570398910008,59.53303875209313,20.27261593145577
510,2158.6947759942914,208.5955268627324,1,1,2,33.0,2135.6365644087173,433.25088890943175,2158.6947759942914,1.0045124703675212,0.98222396264133,1.0292401986550268,0.009711925050705554,6.474959703711534,-8.885000427894852,15.359960131606385,23.0582115855741,1.079687994195684,195.74920878456408,72.61137970170707,99.29268820566446,19.755899211811307
511,2159.3459102927454,219.20971691611902,1,1,2,32.0,2135.6365644087173,433.25088890943175,2159.3459102927454,1.004330825139253,0.9774504302034868,1.0297264208758128,0.010512101669444962,27.167096928951736,6.9461232566471836,20.220973672304552,23.709345884028153,1.110176997301619,214.14770264933733,82.52768805266757,60.96207448792992,21.28665895857902
512,2161.3171057907657,207.19071154770234,1,1,2,32.0,2135.6365644087173,433.25088890943175,2161.3171057907657,1.0041421235348782,0.977023933468442,1.029428040772036,0.010433675286712152,11.58732463826135,-10.655469204115462,22.242793842376813,25.680541382048432,1.2024771353902377,207.27719897609677,82.0896699920174,99.83822285864446,21.845935578917206
513,2162.187021216707,217.14920243717995,1,5,6,33.0,2135.6365644087173,433.25088890943175,2162.1870212167073,1.0039317760160844,0.9777125149118788,1.0280063615753248,0.0104243269598286,17.69649175972623,-4.801149032023375,22.497640791749603,26.550456807989576,1.2432104436899105,196.17279312843237,82.5441852920898,99.31223385615743,22.066040033329177
514,2160.4666865128434,217.82443059816507,1,1,2,33.0,2135.6365644087173,433.25088890943175,2160.4666865128434,1.0027773534637439,0.9718261297458561,1.0317564708433526,0.013479173130416477,-72.47847130994009,-96.33130677206537,23.852835462125284,24.830122104126076,1.1626567234299374,194.0926843777413,80.29181819343776,87.99390998627212,20.903200361737493
515,2157.5691656328163,204.86437974161987,1,1,2,32.0,2135.6365644087173,433.25088890943175,2157.569165632816,1.0046602573357317,0.9784206603423035,1.0300738934847766,0.010386601021332481,7.633470297845236,-11.818015664642502,19.451485962487737,21.932601224099017,1.0269819120731989,231.1543032801548,77.16570398910008,59.53303875209313,20.27261593145577
516,2161.4324502654536,213.34141830274615,1,1,2,33.0,2135.6365644087173,433.25088890943175,2161.432450265453,1.0042946343673749,0.9783713865721654,1.0297696292440681,0.01037131373280277,8.088775330403195,-13.242161187619189,21.330936518022384,25.795885856736277,1.2078780765714343,196.5778664502768,80.2744614312622,97.6556492790372,21.29861289339649
517,2159.3459102927454,219.20971691611902,1,1,2,32.0,2135.6365644087173,433.25088890943175,2159.3459102927454,1.004330825139253,0.9774504302034868,1.0297264208758128,0.010512101669444962,27.167096928951736,6.9461232566471836,20.220973672304552,23.709345884028153,1.110176997301619,214.14770264933733,82.52768805266757,60.96207448792992,21.28665895857902
518,2158.9830647744975,192.20122795936646,1,1,2,32.0,2135.6365644087173,433.25088890943175,2158.983064774497,1.0047925474800463,0.9790442033475002,1.02991680809784,0.010369693482262986,39.76517029554586,20.905724734901383,18.859445560644474,23.34650036578023,1.0931869567537609,211.59212291623172,75.03270055587026,95.39059209601021,20.470856091439327
519,2186.120050765539,278.5716586745429,1,1,2,32.0,2157.903567470544,439.43645132914617,2186.120050765539,1.0026282866293232,0.9739974667856788,1.0272718017950437,0.011187501630546054,-24.721808279214912,-51.054961828769336,26.333153549554424,28.21648329499476,1.3075877773384292,254.12611256278345,91.24118722039198,56.345739070944276,23.11560321321124
520,2185.9764593774016,251.4481490145742,1,1,2,32.0,2157.903567470544,439.43645132914617,2185.9764593774016,1.0028205036474027,0.978198893123435,1.0272228465401443,0.010635223705785027,49.117686282844545,27.129749252217863,21.987937030626682,28.07289190685742,1.3009335695090378,198.17415683802767,89.96338302424302,93.5145588586662,23.405616135971826
521,2181.6544036217406,271.0112066794706,1,1,2,33.0,2157.903567470544,439.43645132914617,2181.65440362174,1.0028111204561265,0.9762898861040785,1.0270203992040101,0.010821016416417261,-83.95644144826831,-106.83163156277705,22.87519011450874,23.75083615119638,1.1006440004655391,222.81413758350038,83.26849236619307,55.43742746088903,21.428164655695895
522,2189.343959823501,273.41132559609844,1,9,10,33.0,2157.903567470544,439.43645132914617,2189.343959823501,1.0025767270217754,0.9708218638407444,1.0339755951081462,0.013545247631468218,-29.211887273097915,-52.52267473854195,23.310787465444037,31.440392352956678,1.4569878296188434,230.72467916854959,87.74828229578301,99.22597220073968,23.190081119633
523,2183.757286458238,236.92455459662918,1,1,2,32.0,2157.903567470544,439.43645132914617,2183.757286458238,1.0036629441516782,0.9774118024648356,1.0278226340692382,0.010944812854985626,12.843492884224474,-9.308450834646521,22.151943718870996,25.85371898769381,1.1980942697082184,216.20312783990298,82.37564121479942,88.06873171045733,21.64038073895527
524,2183.8678717386474,242.5873384500457,1,1,2,32.0,2157.903567470544,439.43645132914617,2183.867871738647,1.0032551797525706,0.9791710566272491,1.0274475289129215,0.010589444410576491,84.05240857365789,64.94007087774935,19.112337695908536,25.964304268103206,1.203218932463145,241.36658481309462,87.76190946409665,82.45973609863377,22.743555864422632
525,2180.0996942642014,236.2431377109832,1,1,2,33.0,2157.903567470544,439.43645132914617,2180.099694264202,1.0028144168497286,0.977585006669532,1.0237475860826657,0.010907406460421428,-127.0461819666445,-151.0708697603513,24.02468779370679,22.196126793657186,1.028596788487406,240.0318823662691,74.6723894812078,62.02798768403879,20.434426985565295
526,2183.2934461974837,234.9512051320842,1,1,2,33.0,2157.903567470544,439.43645132914617,2183.2934461974837,1.0035493035514802,0.977807713265519,1.0285251991074105,0.010844252771754525,62.4448165874627,38.817012565667596,23.6278040217951,25.389878726939514,1.1765993211967796,190.68106655597498,82.47072003479632,99.51012064677253,22.102492840180037
527,2181.641730833893,246.27507946710497,11,7,18,33.0,2157.903567470544,439.43645132914617,2181.641730833893,1.0026745772238759,0.9757604083253136,1.0251225109780298,0.011111712714338771,3.09661238587546,-18.453655066427814,21.550267452303274,23.738163363348576,1.1000567273343926,315.33804099489464,71.97907460250723,70.50831643203102,19.152715529270118
528,2178.090759517596,213.0214420244214,2,1,3,32.0,2157.903567470544,439.43645132914617,2178.090759517596,1.0045200631879083,0.9790181193016972,1.0292576090705257,0.010693237094702922,9.780037251344709,-9.59887709388613,19.37891434523084,20.187192047051667,0.9355001933990373,232.57087070896083,75.36987830641532,57.447130516542884,20.057923069457814
529,2183.5578191068016,286.10138492510436,1,1,2,33.0,2157.903567470544,439.43645132914617,2183.5578191068016,1.0028805281821114,0.9769274728378313,1.0269269971458188,0.01081295038817613,24.9474467035553,-2.7913160616809876,27.738762765236288,25.654251636257413,1.188850698566149,223.4648518561898,84.20193292430287,55.94395095508378,21.655813348666122
530,2183.5578191068016,286.10138492510436,1,1,2,33.0,2157.903567470544,439.43645132914617,2183.5578191068016,1.0028805281821114,0.9769274728378313,1.0269269971458188,0.01081295038817613,24.9474467035553,-2.7913160616809876,27.738762765236288,25.654251636257413,1.188850698566149,223.4648518561898,84.20193292430287,55.94395095508378,21.655813348666122
531,2180.783455834227,192.9262288850101,1,1,2,33.0,2157.903567470544,439.43645132914617,2180.783455834227,1.0051285268228927,0.9775464678745583,1.038917605917614,0.01297919944861802,18.977786389280283,-0.8793897808650684,19.85717617014535,22.879888363682767,1.0602831706007216,227.71881028064846,74.93745680398335,98.87249325650114,20.716053160293143
532,2184.1562897820368,250.12278549001124,1,1,2,33.0,2157.903567470544,439.43645132914617,2184.156289782037,1.0032729396902067,0.9766432779273284,1.0278488476797403,0.010848446918882005,6.851840569552991,-17.137016757739758,23.98885732729275,26.252722311492562,1.2165845919734741,222.231213880316,83.6164580046245,84.35831351834901,21.756911344096526
533,2181.4822694465092,213.8714804642731,1,1,2,32.0,2157.903567470544,439.43645132914617,2181.4822694465092,1.004212403300553,0.9781697379170201,1.0288982779979752,0.010908361873742493,19.960042158224894,-2.3191752029477755,22.27921736117267,23.578701975965032,1.0926670835251253,197.25200886276792,78.57851959358223,96.2244221803646,21.22542871612757
534,2179.7327708743355,214.95133880124877,1,4,5,32.0,2157.903567470544,439.43645132914617,2179.732770874335,1.0043758895393273,0.9783154203114972,1.0292885613947986,0.010816856063916361,-42.02967724136471,-63.1194856452818,21.08980840391709,21.829203403791325,1.0115930912232156,214.54327104401295,78.58216305218113,76.84649843116964,20.920531569806656
535,2179.3929117047355,234.21875346725898,1,1,2,33.0,2157.903567470544,439.43645132914617,2179.392911704736,1.0033198068467692,0.9775518744207643,1.0240385309844864,0.011694041518324434,-100.0746306275112,-122.5321314158807,22.4575007883695,21.48934423419132,0.9958435843998694,237.41190119001607,78.41310214047257,53.92289365620155,20.3396356482655
536,2178.204678175902,214.9183315626167,5,5,10,32.0,2157.903567470544,439.43645132914617,2178.204678175902,1.0042355218554695,0.9788515061478783,1.0288288022919438,0.010742875404986807,35.64570222165386,16.28861139286201,19.357090828791854,20.301110705357587,0.940779329131662,233.87827448231943,75.32161034312425,57.60738061218898,19.99854785789255
537,2180.0996942642014,236.2431377109832,1,1,2,33.0,2157.903567470544,439.43645132914617,2180.099694264202,1.0028144168497286,0.977585006669532,1.0237475860826657,0.010907406460421428,-127.0461819666445,-151.0708697603513,24.02468779370679,22.196126793657186,1.028596788487406,240.0318823662691,74.6723894812078,62.02798768403879,20.434426985565295
538,2223.133793913221,197.0030182211021,1,1,2,33.0,2203.810905802726,446.1782834979964,2223.133793913221,1.0051336266658406,0.9784192884559004,1.042281379489621,0.013522577347226453,85.65567936821134,65.46260283001243,20.19307653819891,19.32288811049466,0.8767942866430458,203.97152037979538,72.35167677554657,61.613858721585466,19.22313085845587
539,2229.290147715391,235.04345843727478,1,1,2,33.0,2203.810905802726,446.1782834979964,2229.2901477153905,1.0033181411921983,0.9753856178258293,1.0285896729735162,0.011433393185539915,23.559414750632044,-0.059009438892928756,23.618424189524973,25.479241912664747,1.1561446513208933,200.07659583710415,80.29449088052719,99.55802734127333,21.27958436447595
540,2229.7855125287742,239.80278681215697,1,1,2,33.0,2203.810905802726,446.1782834979964,2229.7855125287742,1.0028499269673896,0.9745911282858943,1.0275784667205226,0.011270623369461203,64.6857510635796,40.48390029770667,24.201850765872933,25.974606726048023,1.1786222972967326,207.64801619520964,78.90266607321034,99.39138171671928,21.11322494365244
541,2224.513229834292,228.8403212908364,1,1,2,33.0,2203.810905802726,446.1782834979964,2224.5132298342915,1.003016931630978,0.9761503594223234,1.0247748469550892,0.01211280101969,15.84851765071835,-4.159040182698732,20.00755783341708,20.702324031565695,0.9393874935937385,221.01720510919395,73.94321297200725,63.752977129746704,19.411511484980835
542,2223.951868301211,219.81722072542982,1,1,2,33.0,2203.810905802726,446.1782834979964,2223.951868301211,1.002052107079681,0.9721215039068063,1.0302290870231496,0.0141929971326875,14.198440690243956,-4.6619189273855,18.860359617629456,20.140962498484896,0.9139151841681562,250.83343398961694,68.8742276545518,70.25130339531391,18.251172282329694
543,2223.133793913221,197.0030182211021,1,1,2,33.0,2203.810905802726,446.1782834979964,2223.133793913221,1.0051336266658406,0.9784192884559004,1.042281379489621,0.013522577347226453,85.65567936821134,65.46260283001243,20.19307653819891,19.32288811049466,0.8767942866430458,203.97152037979538,72.35167677554657,61.613858721585466,19.22313085845587
544,2229.1368547308907,235.15877186761614,1,1,2,33.0,2203.810905802726,446.1782834979964,2229.1368547308907,1.0030962081143766,0.9770196848158486,1.0276966863071115,0.011067219872256553,9.14623717882742,-11.5578170798683,20.70405425869572,25.325948928164507,1.1491888374578882,211.77219812034537,78.32797001715869,99.901573676415,21.099103097261636
545,2224.36464304221,219.96087280256177,1,1,2,33.0,2203.810905802726,446.1782834979964,2224.36464304221,1.0041907592314816,0.9759956594906484,1.0289362499731487,0.011481048354579953,-93.26355044316573,-111.74084908632975,18.47729864316402,20.55373723948378,0.9326452276538305,219.64839337082077,71.00436217708908,68.37083308804856,18.94804158429563
546,2224.906136339652,220.47145165082628,1,1,2,32.0,2203.810905802726,446.1782834979964,2224.906136339652,1.00249277643805,0.9762273619521505,1.0279503659307194,0.010744692602739133,3.899063087276943,-14.26380895129168,18.162872038568622,21.09523053692601,0.9572159971339368,225.20803467057613,74.20500062761384,67.68399426489536,19.56604917850613
547,2224.5048195582613,220.3156780824628,2,1,3,32.0,2203.810905802726,446.1782834979964,2224.5048195582613,1.0036739686210665,0.9764384681345549,1.0285880931554092,0.011245888657291436,-18.138930909038123,-37.469070707951744,19.33013979891362,20.69391375553505,0.9390058693804949,216.44049650601085,72.42630459862771,64.12553505442122,19.21303522270975
548,2224.513229834292,228.8403212908364,1,1,2,33.0,2203.810905802726,446.1782834979964,2224.5132298342915,1.003016931630978,0.9761503594223234,1.0247748469550892,0.01211280101969,15.84851765071835,-4.159040182698732,20.00755783341708,20.702324031565695,0.9393874935937385,221.01720510919395,73.94321297200725,63.752977129746704,19.411511484980835
549,2231.2753963477494,272.7887741854684,1,1,2,33.0,2203.810905802726,446.1782834979964,2231.2753963477494,1.0009415752698116,0.9711516915707546,1.0235399116485666,0.011895547156622664,88.94583147343513,61.73938405530782,27.20644741812731,27.46449054502318,1.2462271818651969,239.53411046253552,83.96462902191006,99.75104413081868,21.962116876826773
550,2230.0502878610937,235.46370954721527,1,1,2,32.0,2203.810905802726,446.1782834979964,2230.050287861094,1.0029068473752882,0.9748960623939086,1.0273362924619402,0.011316818427544164,-51.79253789622595,-75.27257954665991,23.48004165043396,26.239382058367482,1.1906367279188106,203.83107666720494,79.09651776991078,99.73856512489087,21.159092066445996
551,2223.901067344741,215.46091288498775,1,1,2,33.0,2203.810905802726,446.1782834979964,2223.901067344741,1.004288563238654,0.9771219532580324,1.0306318445998295,0.011394097472178068,7.264858056201717,-11.927902478992479,19.192760535194196,20.090161542014812,0.9116100428179467,213.719492164749,72.48256823168462,63.61550471001406,19.339591322227196
552,2224.8821867478878,224.65754884340237,5,1,6,32.0,2203.810905802726,446.1782834979964,2224.882186747888,1.003552243132527,0.9760351666850543,1.0283956227182471,0.011294443131934956,18.649791805383018,-1.0425649599080202,19.692356765291038,21.07128094516156,0.9561292618019086,216.32058371762244,73.2492879100946,63.49622307624796,19.486371488229093
553,2231.7459291735404,255.9745749332405,1,1,2,33.0,2203.810905802726,446.1782834979964,2231.7459291735404,1.0012450062578837,0.9678063342228795,1.0294199887579956,0.014807921503234735,44.959174237996194,17.628211774665232,27.330962463330962,27.93502337081418,1.267578052965438,229.62092290270118,83.15324625181238,99.90609955302729,21.851768787387318
554,2224.4959672876385,220.8005930409171,5,1,6,32.0,2203.810905802726,446.1782834979964,2224.495967287638,1.0036653326771623,0.9763153913487884,1.028608302143789,0.01126215026146744,119.22836187909422,99.75198593049441,19.47637594859981,20.68506148491224,0.9386041892454388,215.53453769915302,72.58419368230527,63.2216408161564,19.244673616430322
555,2224.879778934528,224.7344897818671,5,7,12,32.0,2203.810905802726,446.1782834979964,2224.879778934528,1.0035493331403096,0.9760026691097726,1.0283954714372259,0.01129977283360934,7.535592220136124,-12.156326407485977,19.6919186276221,21.068873131801865,0.9560200049980079,216.19942096800148,73.01741508379763,63.37119462167389,19.33619484448041
556,2223.9746927869255,216.42476338923314,1,1,2,33.0,2203.810905802726,446.1782834979964,2223.9746927869255,1.0035942043446875,0.9706253683774237,1.029943253194076,0.012994442250923957,6.6708250713225254,-11.555490458139474,18.226315529462,20.163786984199305,0.9149508667511904,216.36014225676666,70.30266665825431,67.48257665784926,18.527853728096755
557,2224.1486610695465,207.88140882405852,1,1,2,33.0,2203.810905802726,446.1782834979964,2224.1486610695465,1.003983149042966,0.9710195973464604,1.0305655730824688,0.012610383737589334,168.11186944806468,146.61856544814918,21.493303999915497,20.337755266820295,0.9228448417815764,209.07422476209732,71.33944264385919,61.513386197241324,19.026628161709965
558,2250.960378692526,278.883680530546,1,1,2,33.0,2224.9876449087697,457.6926315407843,2250.960378692526,1.0014226056165492,0.9738339506652344,1.0221366319151093,0.011100664720483886,31.134009870078188,1.6814376118058476,29.45257225827234,25.972733783756212,1.1673203598764774,208.6921461014292,81.37652229332059,91.59400650959772,21.90960287499402
559,2251.594256103451,274.9124344633704,1,1,2,32.0,2224.9876449087697,457.6926315407843,2251.5942561034512,1.0021800045589517,0.973704619529313,1.0264625974539656,0.011001473963299892,30.479428385582963,2.779851119209269,27.699577266373694,26.606611194681136,1.195809390472911,257.1841575539564,87.22919735673293,87.02171240535142,22.401106089602997
560,2248.325127149212,256.7753012588699,1,1,2,33.0,2224.9876449087697,457.6926315407843,2248.3251271492127,1.002854156046581,0.9768442655589117,1.026851932631615,0.010678408873763869,58.25873836093055,32.84299659371544,25.41574176721511,23.33748224044257,1.048881430593268,201.5751499202908,78.66954379286763,75.7486948228632,20.638972114326286
561,2247.4265573302496,249.78745049298277,1,1,2,32.0,2224.9876449087697,457.6926315407843,2247.4265573302496,1.0026352331000474,0.9765049736676732,1.0265617558981586,0.010693506149781365,18.03000285330225,-6.256228162803922,24.28623101610617,22.438912421479927,1.00849604593647,209.45717714509064,80.82447345072823,58.10571435104856,20.902587388680477
562,2251.6605630543563,277.4339624229558,1,1,2,33.0,2224.9876449087697,457.6926315407843,2251.6605630543563,1.0024346756658928,0.9749118258865687,1.0267912791124887,0.010944448587379696,50.85051603997317,23.597804603700354,27.25271143627282,26.672918145586664,1.19878949470213,226.0845744099792,83.8733845436245,93.8305747017066,22.013252800547594
563,2250.948894483388,276.2026228791103,1,1,2,32.0,2224.9876449087697,457.6926315407843,2250.948894483388,1.002071474677839,0.9749071116951294,1.025868764468992,0.010934196796443502,8.383978043290625,-17.00163404738882,25.385612090679444,25.96124957461825,1.1668042127794704,232.02836510544637,85.41039704552405,72.64500874322347,21.93528560514163
564,2249.1200439355016,265.0051741885004,1,1,2,32.0,2224.9876449087697,457.6926315407843,2249.1200439355016,1.0011598671659674,0.9764164093010917,1.025129383808254,0.010308700507225156,51.51780219027711,30.363106754781256,21.154695435495853,24.132399026731946,1.0846082261154055,216.2740461836908,83.95791727490342,56.203443730179515,21.639075251314264
565,2249.6403406718823,255.3499256313796,1,1,2,32.0,2224.9876449087697,457.6926315407843,2249.640340671882,1.0026974242250242,0.976923365420393,1.0265877591088726,0.01067723631236026,18.77329824545214,-4.903114226790194,23.676412472242333,24.65269576311266,1.1079924789480566,204.1838729938391,80.4682937919889,87.62131797997652,21.277867417439314
566,2250.9930116428704,268.7028854947328,1,1,2,33.0,2224.9876449087697,457.6926315407843,2250.9930116428704,1.0014168301755608,0.971090620331101,1.0286318101075735,0.013477699538007676,-7.631417187374183,-35.21717487079812,27.585757683423935,26.00536673410079,1.168787017474296,207.50397421961387,81.2715205173124,99.69084134892753,21.3441204707634
567,2249.87310867499,273.3147455198776,1,1,2,32.0,2224.9876449087697,457.6926315407843,2249.87310867499,1.002152647237147,0.9755604938908056,1.0257430059496448,0.010865244920300967,-80.44343866159446,-105.31495825491446,24.871519593320002,24.885463766220255,1.1184540203251612,216.97644644111568,85.36622805734392,53.94711778838749,21.899036541455644
568,2253.3193521831718,307.39269858575403,1,1,2,33.0,2224.9876449087697,457.6926315407843,2253.3193521831718,1.0018518738007451,0.9744726838628376,1.02627225701613,0.010803021683207641,41.22744324904738,8.14265917489729,33.08478407415009,28.331707274402106,1.2733422290784802,243.93577413811727,82.4829955259634,71.79093037073935,21.275014946522802
569,2254.3184701538416,320.81203497928533,1,1,2,32.0,2224.9876449087697,457.6926315407843,2254.3184701538416,0.9996894418348751,0.9729406222938027,1.020945241695112,0.011546352646915302,-55.84971012793346,-84.29284555848176,28.443135430548296,29.330825245071992,1.3182466568831053,239.40957564173385,91.06005683238119,50.60227210842737,23.06511632044501
570,2250.6600884641884,261.5436415192428,1,1,2,33.0,2224.9876449087697,457.6926315407843,2250.660088464188,1.0023914785592747,0.9676418104039726,1.0287074436351888,0.013263941379650814,-73.51397116069853,-100.38615096622777,26.872179805529242,25.672443555418795,1.1538240948961058,228.45209170457173,82.23858005702077,99.18566363022603,21.69699836137676
571,2248.325127149212,256.7753012588699,1,1,2,33.0,2224.9876449087697,457.6926315407843,2248.3251271492127,1.002854156046581,0.9768442655589117,1.026851932631615,0.010678408873763869,58.25873836093055,32.84299659371544,25.41574176721511,23.33748224044257,1.048881430593268,201.5751499202908,78.66954379286763,75.7486948228632,20.638972114326286
572,2250.4513777460284,263.895627763335,1,1,2,32.0,2224.9876449087697,457.6926315407843,2250.451377746028,1.0024867923513145,0.976155375288805,1.0264253541593689,0.010776239794533982,7.181172263845269,-17.510352206332044,24.691524470177313,25.463732837258704,1.1444437858126975,211.52282182044044,83.33541152220499,86.25785220977097,21.74297878089563
573,2248.536461216577,249.00693506973485,1,1,2,32.0,2224.9876449087697,457.6926315407843,2248.536461216577,1.0033274777633994,0.9764182055079578,1.0276131532756314,0.010821649382375507,14.528837834846883,-10.449064951197272,24.977902786044154,23.548816307807556,1.0583796436664312,214.6468470243423,81.31507404814106,82.02433118755762,21.256528741595517
574,2250.533332206782,268.2933061132111,1,1,2,33.0,2224.9876449087697,457.6926315407843,2250.533332206782,1.0027420171521373,0.9757676687790883,1.026946064163246,0.010995738426398428,86.34928412367765,60.59952772983584,25.749756393841807,25.545687298012126,1.1481271528165977,244.24773799635565,82.02877237870307,99.59398729641637,21.821077604657045
575,2249.3458430332616,264.5954260089661,1,1,2,32.0,2224.9876449087697,457.6926315407843,2249.3458430332616,1.0006458733557946,0.9763416717813388,1.0255064217396226,0.010154339479518024,7.888695935360545,-13.220987360168891,21.109683295529436,24.35819812449199,1.0947565565241932,207.81046111094108,85.60403493806585,60.62898288005331,21.890992459414278
576,2248.751433026094,246.99023317403478,1,1,2,33.0,2224.9876449087697,457.6926315407843,2248.751433026094,1.0035329211794866,0.9782550596876468,1.0370067959349165,0.01269183745822617,19.46476027860669,-3.912734907149513,23.377495185756203,23.763788117324566,1.0680413516767615,190.69298634643962,82.65351545140255,70.92452082332868,21.57038980415632
577,2265.9653239053573,267.9461939921811,1,1,2,32.0,2237.1981292666296,455.48158534393804,2265.9653239053573,1.0024054183406639,0.9727072228389383,1.0251844575307185,0.010813801793304406,20.15673408682548,-6.511675298054428,26.668409384879908,28.767194638727688,1.2858581572369627,236.28900613126712,86.92533144160231,99.89390257492869,22.778641451772376
578,2258.5255109940263,227.97486822275573,11,7,18,32.0,2237.1981292666296,455.48158534393804,2258.5255109940263,1.0036901962655993,0.9767958336668411,1.0263702948497535,0.010610608230560394,27.14236082667236,8.715985656019996,18.426375170652364,21.32738172739664,0.9533076864492068,205.65243559734614,74.5627326343351,68.27845462925356,19.914294825625287
579,2266.3065321897825,279.1541256210187,1,1,2,33.0,2237.1981292666296,455.48158534393804,2266.3065321897825,1.0019396821204871,0.9717428297138888,1.0248746013793881,0.011015047250702566,3.403470711349769,-23.20858901154736,26.61205972289713,29.10840292315288,1.3011097471592663,246.02814896709182,87.46097652739485,99.89878675204092,22.96577046254513
580,2258.5857016409245,232.141801238511,1,1,2,33.0,2237.1981292666296,455.48158534393804,2258.5857016409245,1.0039956564006218,0.9756659597104846,1.0268371673757135,0.010854021201911522,-23.814146130443078,-42.99269097541628,19.178544844973203,21.387572374294905,0.9559981342066431,202.0256619492364,75.21781433076839,66.78327277254705,19.970974810606922
581,2264.266020840162,252.8493312792996,1,1,2,32.0,2237.1981292666296,455.48158534393804,2264.2660208401617,1.0027985122217096,0.9738303279832069,1.025429133951109,0.010732433115183827,16.40291362649134,-8.823854958436584,25.226768584927925,27.067891573532506,1.209901403878143,229.09804588788663,84.34741736304211,99.91250580692402,22.378343023339415
582,2258.5255109940263,227.97486822275573,11,7,18,32.0,2237.1981292666296,455.48158534393804,2258.5255109940263,1.0036901962655993,0.9767958336668411,1.0263702948497535,0.010610608230560394,27.14236082667236,8.715985656019996,18.426375170652364,21.32738172739664,0.9533076864492068,205.65243559734614,74.5627326343351,68.27845462925356,19.914294825625287
583,2265.5853718401895,267.88079667110554,1,1,2,33.0,2237.1981292666296,455.48158534393804,2265.5853718401895,1.0023760231356218,0.9748878263191,1.0238491059893495,0.01082508713532509,8.685762476487128,-15.271568715838185,23.957331192325313,28.387242573559888,1.2688747680504024,215.89488425030692,85.33198178207714,95.81940248187928,22.410993849056826
584,2265.048721992678,269.65243207652236,1,1,2,33.0,2237.1981292666296,455.48158534393804,2265.048721992678,1.0014844513516694,0.971466422535468,1.0235424359260057,0.011801367719473762,6.775918420810484,-18.56155667605512,25.337475096865603,27.85059272604849,1.244887181055266,222.63445899406017,85.67032569069265,99.69795674991325,22.977848680132066
585,2258.519741149337,227.9471549981576,11,7,18,32.0,2237.1981292666296,455.48158534393804,2258.519741149337,1.0036927127856234,0.9767867708088166,1.0263792154979634,0.010612244697132645,3.0400088479543967,-15.371781347121924,18.41179019507632,21.321611882707202,0.9530497815004247,205.67316306551993,74.3123527596412,68.29368497643988,19.772351546765563
586,2264.2995738549594,255.30484515397296,1,1,2,33.0,2237.1981292666296,455.48158534393804,2264.29957385496,1.0027587881140327,0.9742292358974214,1.025563843542107,0.010711751431215272,26.724152998137328,1.1653858062802556,25.558767191857072,27.10144458832974,1.2114011823000137,224.50640812404194,86.40667149118582,99.84233429681896,22.906938990345292
587,2259.9551505937516,277.593530254962,1,1,2,33.0,2237.1981292666296,455.48158534393804,2259.9551505937516,1.0026599954569955,0.9766177328316441,1.0253736056538052,0.010481486304040541,3.190395500169302,-17.681600907524853,20.871996407694155,22.757021327121947,1.0172108151450077,192.82635423777933,80.4548367516332,39.44859732921471,20.425925507416732
588,2262.2948384715623,259.32957722286795,10,1,11,33.0,2237.1981292666296,455.48158534393804,2262.294838471562,1.0017250071632755,0.9732208707495736,1.0218154064559797,0.011143732248222049,5.265571445043946,-16.04309571922147,21.308667164265415,25.096709204932722,1.1217919806306835,281.36418929764926,72.23008234802164,79.00141667759613,19.50057132189391
589,2267.378995175801,331.6231437678759,1,1,2,33.0,2237.1981292666296,455.48158534393804,2267.378995175801,1.000835985024408,0.972738044179326,1.0229615930248888,0.01095982702648158,3.202831424764412,-23.830449311082873,27.033280735847285,30.18086590917119,1.3490475212879203,213.26858796517953,92.47744318635466,52.850482698493536,23.42085313895924
590,2261.2422867492696,243.2895896600433,1,1,2,33.0,2237.1981292666296,455.48158534393804,2261.24228674927,1.0031871086733077,0.9757655907712336,1.026085465704108,0.010516152702579341,-73.90272041211574,-95.33116203293321,21.428441620817466,24.044157482640003,1.0747442154585503,186.05582806758085,79.62557048669126,86.79207992869955,21.019154510319037
591,2264.266020840162,252.8493312792996,1,1,2,32.0,2237.1981292666296,455.48158534393804,2264.2660208401617,1.0027985122217096,0.9738303279832069,1.025429133951109,0.010732433115183827,16.40291362649134,-8.823854958436584,25.226768584927925,27.067891573532506,1.209901403878143,229.09804588788663,84.34741736304211,99.91250580692402,22.378343023339415
592,2258.86394118251,221.64394268304338,1,1,2,32.0,2237.1981292666296,455.48158534393804,2258.86394118251,1.0038588980659284,0.9771084773298323,1.0264102019314065,0.010596445395362359,5.432552903853974,-13.026963070563141,18.459515974417116,21.665811915880568,0.9684350989057363,196.32546676428,73.90974546454511,82.09537877261697,19.868587421127955
593,2265.1390337824078,267.0956357986151,1,1,2,33.0,2237.1981292666296,455.48158534393804,2265.1390337824078,1.002243480536187,0.9728972924300119,1.0248611009098885,0.01096059725907546,63.88480638092807,39.07839012094183,24.806416259986236,27.94090451577813,1.2489240067859957,237.67143263909563,86.0390642325361,99.9876010556467,22.810863309773037
594,2264.3189945126464,288.11005758446777,1,1,2,33.0,2237.1981292666296,455.48158534393804,2264.3189945126464,1.0018311547028913,0.9694882536914952,1.025230948766918,0.011762514547410258,46.54211094861057,21.883695019346845,24.658415929263725,27.12086524601682,1.2122692617710726,223.68135902996568,88.92553274802826,52.917693439342905,22.69435897447465
595,2263.7330142301457,256.77405607708965,1,1,2,33.0,2237.1981292666296,455.48158534393804,2263.733014230146,1.0030239503118958,0.9739953841042992,1.0256442542568762,0.011017348871371449,-14.169841116773995,-37.657644271292014,23.48780315451802,26.534884963516106,1.18607666511032,220.0511623193789,83.5575896630257,99.90587101223193,22.210113689577426
596,2256.8613273287797,293.79599785424284,1,1,2,33.0,2229.5762052755626,456.94729945003763,2256.8613273287797,1.0021805986153465,0.9747873277592024,1.026826396990118,0.010779440829656142,121.75420937533636,94.47350057317817,27.280708802158188,27.285122053217037,1.2237806444406665,223.75130796731546,89.50324583945664,65.47753433271149,22.65058495488593
597,2253.149888195211,214.71321349503748,1,1,2,32.0,2229.5762052755626,456.94729945003763,2253.149888195211,1.0036684598529058,0.9791580330010888,1.0271553336905455,0.010834066168354382,16.45003118905879,0.5076794351494129,15.942351753909378,23.57368291964849,1.0573167610898018,232.18155252696678,77.12240978915645,99.54382922907779,20.96236093412635
598,2252.738067228035,246.016609158557,1,1,2,33.0,2229.5762052755626,456.94729945003763,2252.738067228035,1.003104644695674,0.9764804150056978,1.0272597247988768,0.011162613123861525,-55.94527016116308,-77.58809668894992,21.642826527786838,23.161861952472464,1.0388459429046424,216.9786406754944,80.04305696844777,62.1136565893429,20.823523257593568
599,2250.4130325484884,226.83115992585803,1,1,2,32.0,2229.5762052755626,456.94729945003763,2250.4130325484884,1.0036539432420821,0.9775287410923968,1.0282301241966099,0.010711572660793431,-1.6757737431431678,-21.09738631584827,19.4216125727051,20.836827272925802,0.9345644801744057,222.12206352742365,77.28040391417721,56.997874166690806,20.30687280394239
600,2251.000582915862,229.89201239778419,1,1,2,32.0,2229.5762052755626,456.94729945003763,2251.000582915862,1.0035750987314673,0.9783007293275199,1.0280237445987848,0.010549712174329682,-26.69613261239863,-45.75078405238048,19.054651439981853,21.424377640299554,0.9609170383862984,235.21949166698496,77.88126987847693,60.682900294783636,20.451419343130624
601,2253.2463345249225,247.5529354214659,1,1,2,33.0,2229.5762052755626,456.94729945003763,2253.246334524923,1.0023959221076084,0.9781444050068736,1.0238024717109035,0.011011497257083464,-54.42439199127523,-72.44858350371504,18.024191512439813,23.67012924935989,1.0616425306904635,228.9479365075362,82.71791136978845,73.36293809506984,21.31093952266183
602,2252.0375224116056,220.39570879276488,1,1,2,32.0,2229.5762052755626,456.94729945003763,2252.0375224116056,1.0040157212599599,0.9778901248526699,1.0283326235827959,0.010824038017549597,4.331833100262372,-15.967741002420127,20.2995741026825,22.461317136042908,1.00742540590878,200.99935685479707,76.67106330519358,83.86857442634208,20.34440856794936
603,2252.9415078011016,226.893893070231,1,1,2,33.0,2229.5762052755626,456.94729945003763,2252.9415078011016,1.00327518343698,0.9633968955304961,1.0296406189920502,0.012921681317125257,-35.75891232491864,-58.66694948814174,22.9080371632231,23.365302525538937,1.0479705726250843,224.2293545086878,80.45856557429046,75.12865576191334,21.198985054567434
604,2252.0375224116056,220.39570879276488,1,1,2,32.0,2229.5762052755626,456.94729945003763,2252.0375224116056,1.0040157212599599,0.9778901248526699,1.0283326235827959,0.010824038017549597,4.331833100262372,-15.967741002420127,20.2995741026825,22.461317136042908,1.00742540590878,200.99935685479707,76.67106330519358,83.86857442634208,20.34440856794936
605,2256.078980129991,281.94566359317247,1,1,2,32.0,2229.5762052755626,456.94729945003763,2256.078980129991,1.0019775854958528,0.9742727915169753,1.0261633369796042,0.011002833271941516,78.21649181537413,53.933965082091106,24.28252673328302,26.50277485442848,1.1886911419182864,222.45783812890383,89.46628694432296,56.379680269151464,22.68679314715847
606,2252.13825927455,235.94601591543534,1,1,2,33.0,2229.5762052755626,456.94729945003763,2252.13825927455,1.0021752910429198,0.9731630039906494,1.028785198004634,0.01341084304834618,-5.6581224724462515,-25.915909266956646,20.257786794510395,22.562053998987267,1.0119436126740835,183.85666361730816,76.85151027537756,79.79500460689363,20.08882497493567
607,2253.149888195211,214.71321349503748,1,1,2,32.0,2229.5762052755626,456.94729945003763,2253.149888195211,1.0036684598529058,0.9791580330010888,1.0271553336905455,0.010834066168354382,16.45003118905879,0.5076794351494129,15.942351753909378,23.57368291964849,1.0573167610898018,232.18155252696678,77.12240978915645,99.54382922907779,20.96236093412635
608,2255.129121194334,244.27431313012744,1,1,2,32.0,2229.5762052755626,456.94729945003763,2255.129121194334,1.0028884760788632,0.9784264682636955,1.0264444283096266,0.010725332118331484,-0.5336489140628089,-18.9507193519012,18.41707043783839,25.552915918771305,1.1460884744961257,236.228793927071,84.04490887045003,84.73831559562623,21.950682164265665
609,2256.922068879601,313.65656470908954,1,1,2,33.0,2229.5762052755626,456.94729945003763,2256.922068879601,1.0001664191170854,0.9716825422234038,1.0204222883126985,0.01158485843488276,10.251901084841137,-19.224586437946442,29.47648752278758,27.345863604038186,1.226504998543362,264.75669957223766,86.56466810799287,66.18917489305942,22.410253066167655
610,2254.393695284617,224.15636097920154,1,1,2,32.0,2229.5762052755626,456.94729945003763,2254.3936952846175,1.0033024073113268,0.9794924418514767,1.0265893427292128,0.01077452590830318,1.2332872825044774,-15.527275258701337,16.760562541205815,24.81749000905438,1.1131034655972696,246.40740494478152,79.59893155193477,99.81292237664601,21.597312709939988
611,2258.440364602322,255.76368785754255,1,1,2,32.0,2229.5762052755626,456.94729945003763,2258.4403646023225,1.0021071855265975,0.9795690243039656,1.0252650164424746,0.01061550623666498,73.75862625904469,55.88602367215762,17.87260258688707,28.864159326759363,1.2946029500342608,270.15786221417466,86.6639351553807,99.60995734639218,22.90287671407848
612,2254.393695284617,224.15636097920154,1,1,2,32.0,2229.5762052755626,456.94729945003763,2254.3936952846175,1.0033024073113268,0.9794924418514767,1.0265893427292128,0.01077452590830318,1.2332872825044774,-15.527275258701337,16.760562541205815,24.81749000905438,1.1131034655972696,246.40740494478152,79.59893155193477,99.81292237664601,21.597312709939988
613,2256.8613273287797,293.79599785424284,1,1,2,33.0,2229.5762052755626,456.94729945003763,2256.8613273287797,1.0021805986153465,0.9747873277592024,1.026826396990118,0.010779440829656142,121.75420937533636,94.47350057317817,27.280708802158188,27.285122053217037,1.2237806444406665,223.75130796731546,89.50324583945664,65.47753433271149,22.65058495488593
614,2254.5437924201833,275.8837462110795,1,1,2,33.0,2229.5762052755626,456.94729945003763,2254.5437924201833,1.0021102936041124,0.9753010574562646,1.0265630635316447,0.010897735037508858,128.6682688924484,105.94292983260857,22.725339059839825,24.967587144620666,1.1198355582349255,206.50763625105486,86.2249691072526,56.74393501359633,22.05334577146232
615,2251.2851856023235,228.47888228690354,10,7,17,32.0,2229.5762052755626,456.94729945003763,2251.2851856023235,1.00324869039852,0.9777969564756767,1.027790770632135,0.010680060407348283,-57.48432261487423,-74.963084803941,17.47876218906677,21.708980326760866,0.973681916563052,234.98415259608092,80.05691356511352,61.39452834470778,20.850295319825264
616,2234.4150580284813,226.10598274486188,1,1,2,32.0,2213.280171586534,451.73664523151365,2234.415058028482,1.0038034816969514,0.9761767861704851,1.0296500201077146,0.010815481400218688,1.7238516019673114,-20.15356049229686,21.877412094264173,21.1348864419474,0.954912383586638,196.3719332193639,79.21375830788342,77.44114471974545,20.817518578779424
617,2235.564907329644,224.94029809580633,1,1,2,32.0,2213.280171586534,451.73664523151365,2235.564907329644,1.0038103741401223,0.9769982012291112,1.0295601471397697,0.010759116375779995,3.176856649206144,-17.676329445529632,20.853186094735776,22.284735743110105,1.0068646540639206,198.13989179715395,80.34585989472156,94.97791851387618,21.51799684207643
618,2237.683870716843,263.6440094346383,1,1,2,32.0,2213.280171586534,451.73664523151365,2237.6838707168426,1.000849023105416,0.9750103839034581,1.026847614322641,0.01035805231380395,27.287298729458797,7.1362918529207775,20.15100687653802,24.403699130309178,1.1026032512104422,225.48227782306256,87.5320133703378,55.69737182949228,22.484120141352953
619,2241.221914448949,307.2076652836314,1,1,2,33.0,2213.280171586534,451.73664523151365,2241.221914448949,1.0007370749466062,0.9714760358139295,1.0247212115525886,0.011508667325229038,16.90705303816526,-9.281327487692636,26.188380525857895,27.94174286241514,1.262458464189186,245.01308010394638,91.62221291716371,52.17498389253586,23.08288018918648
620,2237.842321655822,282.45069314528143,1,1,2,33.0,2213.280171586534,451.73664523151365,2237.842321655822,1.0021157683511515,0.9741031898941324,1.0263987209302339,0.011220497403139353,-38.902384464572435,-61.28203724404652,22.379652779474085,24.562150069288236,1.109762351129793,211.95777616537282,88.0535826514674,54.300058283423624,22.47599950038785
621,2234.319778467513,221.03452776912627,1,1,2,32.0,2213.280171586534,451.73664523151365,2234.319778467513,1.0040718916702709,0.9765861948120168,1.029685336437317,0.010934570229344678,6.503385484026552,-13.644463625012747,20.1478491090393,21.039606880979136,0.9506074807464355,192.65191523877144,78.77733966612826,87.659321147475,20.96685820530779
622,2244.017561554124,304.89348199852094,1,1,2,33.0,2213.280171586534,451.73664523151365,2244.017561554124,0.9996468985594414,0.9650036387869618,1.024951080950543,0.0134785939103493,12.95047934900549,-13.602952745572878,26.55343209457837,30.737389967589934,1.388770855230525,248.19411394297285,92.65736643064436,89.9632516857675,24.02030992632264
623,2233.249534094552,222.09811096070013,1,1,2,32.0,2213.280171586534,451.73664523151365,2233.2495340945525,1.0042675785650448,0.9769676719644367,1.0297450377596404,0.010887188257898792,5.5750700938243085,-14.440731427516909,20.015801521341217,19.969362508018094,0.9022519048595443,215.02608309569888,75.86271180372415,66.2413437849728,20.07738936971243
624,2241.339321408392,310.900777215703,1,1,2,33.0,2213.280171586534,451.73664523151365,2241.339321408392,1.0006540278863065,0.9722795026950376,1.024227185626281,0.011424980508017988,-75.13585384261158,-100.0913127168583,24.955458874246716,28.059149821858227,1.2677631229011885,222.66120990299675,89.67238459462261,53.29101796474529,22.77690082188386
625,2233.249534094552,222.09811096070013,1,1,2,32.0,2213.280171586534,451.73664523151365,2233.2495340945525,1.0042675785650448,0.9769676719644367,1.0297450377596404,0.010887188257898792,5.5750700938243085,-14.440731427516909,20.015801521341217,19.969362508018094,0.9022519048595443,215.02608309569888,75.86271180372415,66.2413437849728,20.07738936971243
626,2233.968528049199,229.94623913902393,1,1,2,32.0,2213.280171586534,451.73664523151365,2233.9685280491994,1.0036779626595778,0.976427751655574,1.029057179152279,0.010840458109386128,16.37651851480132,-4.189179168881566,20.565697683682885,20.68835646266507,0.9347373517486105,210.9771740090025,78.4133121220295,61.306819414757285,20.58032644167629
627,2239.3647986763685,287.96511229237086,1,1,2,33.0,2213.280171586534,451.73664523151365,2239.3647986763685,1.0016490052482487,0.9735220080986376,1.0253993825384726,0.011597071772134173,-24.690803184822045,-47.9060101950742,23.215207010252158,26.084627089834612,1.1785506157196768,220.63538055931627,86.63270878631332,53.90404391899041,22.179367303898104
628,2238.438010235802,277.10113514092416,1,1,2,33.0,2213.280171586534,451.73664523151365,2238.438010235802,1.0010701624024703,0.9704326794578093,1.0241457543042698,0.011865979497850131,19.84634571499052,-5.420770365648536,25.267116080639056,25.157838649267887,1.136676638242059,272.06373127304084,85.74468927783099,99.61958679681862,22.404669553238996
629,2239.3647986763685,287.96511229237086,1,1,2,33.0,2213.280171586534,451.73664523151365,2239.3647986763685,1.0016490052482487,0.9735220080986376,1.0253993825384726,0.011597071772134173,-24.690803184822045,-47.9060101950742,23.215207010252158,26.084627089834612,1.1785506157196768,220.63538055931627,86.63270878631332,53.90404391899041,22.179367303898104
630,2240.9061626485823,300.9908902631951,1,1,2,32.0,2213.280171586534,451.73664523151365,2240.9061626485827,1.0012082149894774,0.9713109777239084,1.024804752093767,0.011668699759414992,2.82405525412247,-22.089840106161375,24.913895360283846,27.625991062048342,1.248192226935524,246.19159003319808,90.94598839492814,52.93644313318669,23.00311716585556
631,2233.248438763644,225.40284900966682,1,1,2,32.0,2213.280171586534,451.73664523151365,2233.248438763644,1.0035717401668556,0.9767259935226388,1.0288393286103985,0.010827924936576087,17.739003052181772,-2.1843017811377194,19.92330483331949,19.968267177110192,0.9022024158286497,218.68195924006716,76.49897120812585,57.97277804828607,20.17747795048732
632,2240.35084527993,294.4903097947008,1,1,2,32.0,2213.280171586534,451.73664523151365,2240.35084527993,1.0010865384611805,0.9712954001785694,1.025245811662993,0.011513739542732809,-9.587784298852938,-35.062616973904085,25.474832675051147,27.070673693396202,1.2231019841465112,249.05040198595287,91.28552324367938,52.572023229229515,23.042043135876785
633,2235.7840076466123,250.9140107398368,1,1,2,32.0,2213.280171586534,451.73664523151365,2235.7840076466123,1.0029184581894037,0.9753943947259333,1.0277997838256288,0.010942726612759097,7.66931698402027,-13.80988939974418,21.47920638376445,22.503836060078356,1.0167640025413978,216.44621626908273,82.58453541300099,54.90963716804704,21.403300055747742
634,2237.842321655822,282.45069314528143,1,1,2,33.0,2213.280171586534,451.73664523151365,2237.842321655822,1.0021157683511515,0.9741031898941324,1.0263987209302339,0.011220497403139353,-38.902384464572435,-61.28203724404652,22.379652779474085,24.562150069288236,1.109762351129793,211.95777616537282,88.0535826514674,54.300058283423624,22.47599950038785
635,2239.3575495102873,265.6313137946354,1,1,2,33.0,2213.280171586534,451.73664523151365,2239.3575495102873,1.0021222770935172,0.9699683052002561,1.0264470014269529,0.01179390034868875,9.000033198712572,-17.151505223740656,26.15153842245323,26.077377923753374,1.1782230852888573,280.7975128309688,75.66415609062312,99.31914420577664,20.482272082612585
636,2251.5856664259513,298.7284976123235,0,0,0,32.0,2223.126049237371,451.03888111889955,2251.5856664259513,0.9970959765380699,0.9746935515682023,1.0167604122091058,0.012231728844585432,20.358942028003383,-5.14160879119575,25.500550819199134,28.459617188580523,1.280162103194437,215.2949442054878,89.48701976692783,54.782358105804995,22.61697310695798
637,2250.901254740288,309.5647910566502,1,1,2,33.0,2223.126049237371,451.03888111889955,2250.901254740288,1.0016647005988055,0.975295720301381,1.0250197074278975,0.011044107830988534,-77.31947759273024,-104.14182183978649,26.82234424705625,27.775205502917288,1.2493760986897435,216.27947815058363,91.19795480153664,57.5321348670204,23.03326957242049
638,2247.3093446028215,231.39153004507074,1,1,2,33.0,2223.126049237371,451.03888111889955,2247.3093446028215,1.0032331441337223,0.9782558005690936,1.0282622292577457,0.010997815684635594,10.597757078853647,-10.177434451798632,20.77519153065228,24.183295365450704,1.0878058567010462,183.6755338898752,78.82475659367289,90.69921309981666,20.925427618586067
639,2249.862097718007,243.20152354765045,1,1,2,32.0,2223.126049237371,451.03888111889955,2249.862097718007,1.0030871803936223,0.9772428738305625,1.0272774986016335,0.011156715110092046,53.04544993726162,31.383295244329958,21.662154692931665,26.736048480636327,1.2026330441230697,217.29805840272826,84.5468636110092,95.52763908662925,22.143120069490966
640,2247.338972952703,240.54183099335708,1,1,2,33.0,2223.126049237371,451.03888111889955,2247.338972952703,1.0032440885382874,0.9772473669595247,1.028278237958544,0.01107014762951592,148.30083280710016,126.13706140124378,22.16377140585638,24.21292371533218,1.0891385903933908,201.92279568019552,81.61587855945514,83.16345716778216,21.21824577484801
641,2253.5025737085302,314.17981634907403,1,1,2,33.0,2223.126049237371,451.03888111889955,2253.5025737085307,1.0001793095259408,0.9704618126747679,1.0214025895757328,0.012040568109949095,20.87015106018572,-5.554221333325756,26.424372393511476,30.376524471159428,1.3663878609843063,271.9704793841255,83.48515677709206,55.13048459089324,21.800694060115536
642,2248.9079794038244,259.582323796702,1,1,2,32.0,2223.126049237371,451.03888111889955,2248.9079794038244,1.0028081572614855,0.9750592076529154,1.0268295192722467,0.011356379368644967,137.82804886247345,115.06300647658213,22.76504238589132,25.78193016645355,1.159715175632883,247.24118795603758,86.6199460683954,58.3444223588736,22.056574764282193
643,2250.575359629683,247.88906905801122,1,1,2,33.0,2223.126049237371,451.03888111889955,2250.575359629683,1.0033057011201052,0.9770093898683558,1.028984491910069,0.01128230055443279,18.161716610892142,-6.6104813042951776,24.77219791518732,27.449310392312327,1.2347167809818358,220.78901917491973,86.46666831188998,99.95819891549283,22.606686984307938
644,2252.894493106648,278.69922414743445,1,1,2,32.0,2223.126049237371,451.03888111889955,2252.8944931066476,1.001957531323747,0.9743893803215234,1.0253866561403342,0.011469904673999526,-64.6811146567072,-89.28839814080615,24.607283484098957,29.768443869277235,1.3390353587683033,247.4581846288929,86.22021429654501,84.71982026707786,22.55171282415028
645,2248.931831974738,232.68987911773448,1,1,2,32.0,2223.126049237371,451.03888111889955,2248.9318319747376,1.0033769599026034,0.9783572420108629,1.027734308852791,0.011093198905125706,17.042196690291462,-3.402209748653462,20.444406438944924,25.80578273736728,1.1607881049398792,182.5354842433485,82.02808933177681,99.39680665761131,21.823681168318586
646,2247.3093446028215,231.39153004507074,1,1,2,33.0,2223.126049237371,451.03888111889955,2247.3093446028215,1.0032331441337223,0.9782558005690936,1.0282622292577457,0.010997815684635594,10.597757078853647,-10.177434451798632,20.77519153065228,24.183295365450704,1.0878058567010462,183.6755338898752,78.82475659367289,90.69921309981666,20.925427618586067
647,2250.2827570210575,290.45003208747835,1,1,2,33.0,2223.126049237371,451.03888111889955,2250.2827570210575,1.0017409409177875,0.9748085337171568,1.025397521998595,0.011140280521868306,13.728923024028603,-10.056002597080834,23.784925621109437,27.15670778368667,1.221555016774807,251.66016535254164,87.9231223639646,56.370120110182064,22.3727181738078
648,2251.61525284794,286.2792440157706,1,1,2,33.0,2223.126049237371,451.03888111889955,2251.6152528479397,1.0013695762449717,0.9620889888466648,1.0256869134131412,0.013292801376505042,9.707110637230443,-17.433101813515435,27.140212450745878,28.489203610569348,1.2814929508986854,225.24337856601463,90.7952011355855,59.85442643111898,23.306212500533526
649,2251.589294588057,312.0534576974713,1,1,2,33.0,2223.126049237371,451.03888111889955,2251.5892945880564,0.9988780219407709,0.9698069816639268,1.0232897058170138,0.014350232534105526,-91.32620820879883,-117.44276758446709,26.11655937566826,28.463245350686066,1.2803253041117575,261.6030893296336,92.52439924641813,65.4007723324084,23.506752575764352
650,2251.580108437748,301.601624355558,1,1,2,33.0,2223.126049237371,451.03888111889955,2251.580108437748,1.0005221645856905,0.9739420205584501,1.0190425861134524,0.011578073246655185,75.99968057122561,49.578197625583414,26.421482945642197,28.454059200377287,1.279912095408997,281.28743228153206,86.2022791304739,70.32185807038302,22.092913713624803
651,2247.3093446028215,231.39153004507074,1,1,2,33.0,2223.126049237371,451.03888111889955,2247.3093446028215,1.0032331441337223,0.9782558005690936,1.0282622292577457,0.010997815684635594,10.597757078853647,-10.177434451798632,20.77519153065228,24.183295365450704,1.0878058567010462,183.6755338898752,78.82475659367289,90.69921309981666,20.925427618586067
652,2246.1678849433424,246.35547881337214,1,1,2,32.0,2223.126049237371,451.03888111889955,2246.1678849433424,1.0031105877640087,0.9769710582041864,1.0268267726687847,0.011092620159290021,9.37372812470241,-11.728171590765811,21.10189971546822,23.041835705971607,1.0364610550929383,210.14118733626984,81.98790196990316,56.53349987692371,21.123931510481167
653,2249.990454808049,244.14316006689452,1,1,2,32.0,2223.126049237371,451.03888111889955,2249.9904548080494,1.003088009255981,0.9764744018930627,1.0276916347051726,0.011191521116076247,24.642472260552836,0.8810440803122219,23.761428180240614,26.864405570678173,1.2084067648747958,230.89009257957082,84.61021967837642,95.73545331452604,22.171363492599443
654,2244.2606752540332,222.16094115916843,2,1,3,32.0,2223.126049237371,451.03888111889955,2244.2606752540332,1.002747260004372,0.9780573181316008,1.0276360044710875,0.010514273511019297,16.614929953735867,-1.449706223429672,18.06463617716554,21.134626016662423,0.950671511582194,197.0194745232094,77.86607133212127,60.34103888845812,20.34009050333315
655,2248.2877819857445,254.12361081203966,1,1,2,32.0,2223.126049237371,451.03888111889955,2248.287781985745,1.0025853100211657,0.9767971840981413,1.0267678170211945,0.011032640581657907,4.217190371470082,-16.303232870040887,20.52042324151097,25.16173274837365,1.1318176383658147,201.74283690160485,88.18946830320127,58.4217499823538,22.353439544187705
656,2255.609934166779,261.3784100959771,1,1,2,32.0,2228.5867315627665,453.13266439037767,2255.6099341667787,1.0021628629971349,0.981106959168475,1.0254201882754093,0.010462749799643104,-115.31168051398276,-134.53891072638055,19.227230212397785,27.023202604012567,1.212571277630416,252.12780279674524,84.31317298033716,99.61840269115635,22.456861694745022
657,2251.349056033432,244.16798540083147,8,1,9,32.0,2228.5867315627665,453.13266439037767,2251.349056033432,1.001456480961832,0.9771122295166118,1.0273482826761497,0.010304079864063438,27.560778856464907,5.944246903885471,21.616531952579436,22.76232447066559,1.0213793409199656,204.3465214820667,79.84839716663288,87.20579105291485,20.953994718587428
658,2253.3339463032435,267.14466095528053,1,1,2,33.0,2228.5867315627665,453.13266439037767,2253.3339463032435,1.0022341645715318,0.9664531890098185,1.0277929973026958,0.012404685248198407,-79.27953260903882,-105.30204955653772,26.0225169474989,24.74721474047692,1.1104443183650863,222.24824669531523,85.24467846020114,64.50518258374318,22.425111045020316
659,2255.2470058056933,297.88072580378196,1,1,2,33.0,2228.5867315627665,453.13266439037767,2255.247005805693,1.002095724707932,0.9742752542799258,1.0376667292526973,0.01367191196855306,-17.30616677850321,-46.248712112327695,28.942545333824484,26.66027424292679,1.1962861424841935,234.24987441792013,89.22158625779282,57.17279959879282,22.62277048242844
660,2249.7791553934494,222.93615273482473,0,0,0,32.0,2228.5867315627665,453.13266439037767,2249.77915539345,0.9997194103520557,0.9775941813041706,1.0219752804778561,0.01147693462138089,37.25095700593468,16.411737742695237,20.839219263239443,21.192423830682856,0.9509355651517297,181.49863284545663,73.01867878505396,99.80259175856371,19.81931352324157
661,2252.5709548706404,250.99451791436667,1,1,2,33.0,2228.5867315627665,453.13266439037767,2252.5709548706404,1.0020169415172797,0.9786628357223668,1.0224475343949402,0.010813173614736897,29.716090386061836,7.977553129167973,21.738537256893864,23.98422330787389,1.076207758405493,261.7212210540884,75.74951602661824,99.24266259698192,20.96787679321625
662,2253.8244641518795,292.4757651822851,1,1,2,32.0,2228.5867315627665,453.13266439037767,2253.8244641518795,1.0015875544847135,0.9752126864551606,1.0256959068058968,0.011114996574434658,34.81715209313296,9.471266104334376,25.345885988798585,25.237732589112966,1.1324545835115578,213.41379721052084,87.68711803271809,54.47830746171677,22.288682708614537
663,2255.6136623898656,273.84764467300715,1,1,2,33.0,2228.5867315627665,453.13266439037767,2255.6136623898656,0.9997018243929201,0.980079998015153,1.0186974969801492,0.011329537669544944,179.438803153484,-179.49980757640472,358.93861072988875,27.026930827099022,1.2127385685432466,335.293354332118,76.34647609110505,99.75381686127538,20.605343771828483
664,2249.755582697877,252.28754804675094,3,1,4,32.0,2228.5867315627665,453.13266439037767,2249.755582697877,1.002468214667509,0.9775385593139018,1.0264530503869147,0.01097742438431043,-151.43549559407265,-172.61331311618304,21.177817522110388,21.168851135110344,0.9498778232546494,227.66694326289016,77.21228868835625,54.08120546306853,20.17680931664734
665,2252.5273317022393,245.24377638935502,1,1,2,32.0,2228.5867315627665,453.13266439037767,2252.5273317022393,1.00320999185743,0.9792339826407055,1.0273840919381008,0.010626137260831123,-18.83512896220418,-40.90173405511507,22.06660509291089,23.940600139472735,1.07425032198252,215.3823871112647,77.33353499323167,99.81696796607473,20.85217165624135
666,2252.5709548706404,250.99451791436667,1,1,2,33.0,2228.5867315627665,453.13266439037767,2252.5709548706404,1.0020169415172797,0.9786628357223668,1.0224475343949402,0.010813173614736897,29.716090386061836,7.977553129167973,21.738537256893864,23.98422330787389,1.076207758405493,261.7212210540884,75.74951602661824,99.24266259698192,20.96787679321625
667,2249.755582697877,252.28754804675094,3,1,4,32.0,2228.5867315627665,453.13266439037767,2249.755582697877,1.002468214667509,0.9775385593139018,1.0264530503869147,0.01097742438431043,-151.43549559407265,-172.61331311618304,21.177817522110388,21.168851135110344,0.9498778232546494,227.66694326289016,77.21228868835625,54.08120546306853,20.17680931664734
668,2252.6338923556996,268.5110735817293,1,1,2,32.0,2228.5867315627665,453.13266439037767,2252.633892355699,1.0024714800318757,0.9776379514356246,1.0266591538127774,0.010822167914356268,38.639652904911486,16.099910530749867,22.53974237416162,24.047160792933028,1.0790318569325,223.11374370057942,84.3913064716339,65.65714864197282,21.671891337714584
669,2256.8571519487673,328.7271739901097,1,1,2,33.0,2228.5867315627665,453.13266439037767,2256.8571519487678,1.000148226198401,0.9766549744560252,1.0226542241763745,0.011174589613347318,119.47452869137726,94.54968141003093,24.92484728134633,28.27042038600075,1.268535793811197,237.9314953123802,87.49375355791476,54.85101285164898,22.27078093004474
670,2252.5709548706404,250.99451791436667,1,1,2,33.0,2228.5867315627665,453.13266439037767,2252.5709548706404,1.0020169415172797,0.9786628357223668,1.0224475343949402,0.010813173614736897,29.716090386061836,7.977553129167973,21.738537256893864,23.98422330787389,1.076207758405493,261.7212210540884,75.74951602661824,99.24266259698192,20.96787679321625
671,2255.2470058056933,297.88072580378196,1,1,2,33.0,2228.5867315627665,453.13266439037767,2255.247005805693,1.002095724707932,0.9742752542799258,1.0376667292526973,0.01367191196855306,-17.30616677850321,-46.248712112327695,28.942545333824484,26.66027424292679,1.1962861424841935,234.24987441792013,89.22158625779282,57.17279959879282,22.62277048242844
672,2250.3121826841807,229.9288602872581,1,1,2,33.0,2228.5867315627665,453.13266439037767,2250.3121826841802,1.0035279368085945,0.9839121069909088,1.0263959000560259,0.010074666541116302,-67.01412813411127,-79.2292554559772,12.215127321865921,21.725451121414153,0.974853292165994,220.38121557789387,69.13396205542385,90.08396130251877,19.115067312132606
673,2251.1801919693557,253.34246021936266,1,1,2,32.0,2228.5867315627665,453.13266439037767,2251.1801919693557,1.0023836840796534,0.9797295009222092,1.0261981240162965,0.01056748874933576,100.79356348210422,80.96773403731686,19.82582944478736,22.5934604065892,1.013802159305949,246.55178683542732,79.33644507434146,58.70240298197814,20.584442120944058
674,2252.5709548706404,250.99451791436667,1,1,2,33.0,2228.5867315627665,453.13266439037767,2252.5709548706404,1.0020169415172797,0.9786628357223668,1.0224475343949402,0.010813173614736897,29.716090386061836,7.977553129167973,21.738537256893864,23.98422330787389,1.076207758405493,261.7212210540884,75.74951602661824,99.24266259698192,20.96787679321625
675,2250.831346863936,226.7838784798223,1,1,2,32.0,2228.5867315627665,453.13266439037767,2250.831346863936,1.0034652541561122,0.9804218773364577,1.0271733856839662,0.010662987462139263,164.89903484829404,147.60745526754738,17.291579580746657,22.244615301169233,0.9981489607797537,224.88344562053874,73.27382700987295,98.96922029195501,20.07874682973403
676,2301.335496540672,241.60256478959957,1,1,2,33.0,2282.7537775145793,463.1507575007232,2301.3354965406716,1.003260468429785,0.9811513883124803,1.025925648293799,0.010441260440467007,45.85276479533894,31.710192521752504,14.142572273586438,18.581719026092742,0.8140045242340669,179.86298848112273,73.06394816619112,70.85655460179608,19.353743509955063
677,2305.931412090467,276.9266266234126,1,1,2,33.0,2282.7537775145793,463.1507575007232,2305.9314120904673,1.0010200716621322,0.9741738020279996,1.0193645507973839,0.012470961113539122,13.205228025530658,-8.954516715932442,22.1597447414631,23.177634575887623,1.0153365993384977,209.88041068161206,81.15248488837055,52.556351118444525,20.927322932054107
678,2305.9315832370366,270.3336963641434,1,1,2,33.0,2282.7537775145793,463.1507575007232,2305.9315832370366,1.002181165524395,0.9759959744792917,1.024386665254268,0.01133106803379519,-8.724404200365,-28.159212571980277,19.434808371615276,23.17780572245738,1.0153440967116896,202.0000126552062,82.78105335042632,56.89985411993198,21.390840608579794
679,2306.7550948006024,246.83938397392794,1,1,2,32.0,2282.7537775145793,463.1507575007232,2306.7550948006024,1.0023950285102543,0.9758619428059446,1.0257810431050751,0.011503328313062961,5.978376322274272,-13.595778988802437,19.57415531107671,24.001317286023095,1.0514194532252747,198.6655729695292,82.30418826712122,99.78922903223337,21.886775196864274
680,2303.564004286297,241.7611659144733,1,1,2,32.0,2282.7537775145793,463.1507575007232,2303.564004286297,1.0026915131008443,0.9773666008638818,1.0254787493224797,0.011113105841565654,128.95600896968972,110.35529182339087,18.600717146298848,20.81022677171768,0.9116281824479325,203.47848071754075,77.1413588366452,67.13939698866226,20.278622556054035
681,2302.724402753485,233.36120116302862,11,7,18,32.0,2282.7537775145793,463.1507575007232,2302.724402753485,1.0033002565931366,0.9780349350740655,1.026105395503502,0.011176120933544894,0.6953701421695655,-16.946177419150843,17.641547561320408,19.97062523890554,0.8748479768435294,206.5973320931374,74.03683924324407,70.03094004556459,19.672324948873378
682,2307.533655339992,261.1779095767008,1,1,2,33.0,2282.7537775145793,463.1507575007232,2307.533655339992,1.002219154094768,0.9744743496171654,1.025491800360803,0.011750743353370044,62.78966251777848,40.51839241220205,22.271270105576434,24.77987782541277,1.0855256519339833,230.8496511350062,81.62894421416289,98.93307230996585,21.69613488711092
683,2307.345548374945,247.64357425206083,1,1,2,32.0,2282.7537775145793,463.1507575007232,2307.3455483749453,1.0005507147832489,0.9759598708199884,1.0251768245431516,0.010776580964070151,-124.29376770504487,-144.3267564548253,20.03298874978043,24.591770860365614,1.0772852991241433,185.0224699793904,81.5383094065253,99.14115923659224,21.694959687006893
684,2302.5177020224232,231.04480425405845,13,7,20,32.0,2282.7537775145793,463.1507575007232,2302.5177020224232,1.0020081073661025,0.9771043055329354,1.025170159532917,0.011003711311593998,5.52254108936873,-12.877344558820312,18.39988564818904,19.763924507843967,0.8657930917701763,197.44169013108728,74.51416652373844,73.19845434064783,19.72535804711528
685,2308.06649367452,291.44996561302855,1,1,2,32.0,2282.7537775145793,463.1507575007232,2308.06649367452,1.0012249391733592,0.9749501716281561,1.0227585293532786,0.011415215513775003,32.61542954140606,12.110163273125778,20.50526626828028,25.31271615994092,1.1088675620329471,210.63757113285425,87.796657140622,56.21906464914067,22.38108152609799
686,2309.6738820961905,309.2679637018766,1,1,2,33.0,2282.7537775145793,463.1507575007232,2309.67388209619,1.000179772682104,0.9748778664609172,1.0219959079569685,0.011267450442270637,2.320015790644078,-18.870076402547,21.190092193191077,26.920104581611213,1.1792820078441106,253.43416728633832,86.3078490280614,56.05768896902939,22.0846126424595
687,2302.5177020224232,231.04480425405845,13,7,20,32.0,2282.7537775145793,463.1507575007232,2302.5177020224232,1.0020081073661025,0.9771043055329354,1.025170159532917,0.011003711311593998,5.52254108936873,-12.877344558820312,18.39988564818904,19.763924507843967,0.8657930917701763,197.44169013108728,74.51416652373844,73.19845434064783,19.72535804711528
688,2308.3836617556617,287.0083980974598,1,1,2,33.0,2282.7537775145793,463.1507575007232,2308.3836617556613,1.0016395513629954,0.9735752155494003,1.025275174551031,0.01153913939862588,13.196276141968212,-11.42445730066973,24.620733442637942,25.629884241082436,1.122761661530916,241.15210349616518,88.31094499856925,65.70628466293208,22.20509069650934
689,2307.973917694379,283.9378573158974,1,1,2,33.0,2282.7537775145793,463.1507575007232,2307.973917694379,1.001395654221116,0.974778753972865,1.024058025342201,0.011289045144370437,39.61754892013602,17.853566032162917,21.7639828879731,25.220140179799728,1.1048121101899548,215.62815414839602,85.11788187008003,67.33993823045117,21.82421740681237
690,2302.702589193028,239.1289947047573,13,7,20,32.0,2282.7537775145793,463.1507575007232,2302.702589193028,1.0025705798382087,0.9775460576841396,1.0251238336454005,0.011128731001453783,-121.87331494246018,-139.86003938117256,17.986724438712372,19.948811678448692,0.873892395883738,208.6692899733154,75.18558059493397,57.92762265558552,19.89179493957051
691,2304.5952393889843,238.15006382130494,0,0,0,32.0,2282.7537775145793,463.1507575007232,2304.5952393889847,0.9988094225342486,0.9760851006818224,1.0201305119933082,0.01176254558293949,5.8741287200903685,-12.669448604735294,18.543577324825662,21.841461874405013,0.9568032299210824,180.40742858971646,77.7775627818418,84.39391674085964,20.365232674691025
692,2302.724402753485,233.36120116302862,11,7,18,32.0,2282.7537775145793,463.1507575007232,2302.724402753485,1.0033002565931366,0.9780349350740655,1.026105395503502,0.011176120933544894,0.6953701421695655,-16.946177419150843,17.641547561320408,19.97062523890554,0.8748479768435294,206.5973320931374,74.03683924324407,70.03094004556459,19.672324948873378
693,2305.9315832370366,270.3336963641434,1,1,2,33.0,2282.7537775145793,463.1507575007232,2305.9315832370366,1.002181165524395,0.9759959744792917,1.024386665254268,0.01133106803379519,-8.724404200365,-28.159212571980277,19.434808371615276,23.17780572245738,1.0153440967116896,202.0000126552062,82.78105335042632,56.89985411993198,21.390840608579794
694,2310.666637479998,303.45917012534665,3,1,4,32.0,2282.7537775145793,463.1507575007232,2310.666637479998,1.0005071032951391,0.9703070056544786,1.0240081186083467,0.011723020966376509,16.737434793564944,-10.726581348345007,27.46401614190995,27.912859965418647,1.2227713842975068,279.5198481754017,91.97300726419296,57.888183309942164,23.371396026407833
695,2305.9312765640966,273.05149633767917,1,1,2,33.0,2282.7537775145793,463.1507575007232,2305.9312765640966,1.0019481743018215,0.9767416395934351,1.024198972103911,0.011329421227132227,92.84560455912379,73.86718483483037,18.978419724293417,23.177499049517337,1.0153306623701035,211.05820532611648,84.30193414718028,64.92244911705227,21.696186649406204
696,2356.460782102776,350.30196430946273,1,1,2,33.0,2325.2612185243424,472.9977744388726,2356.4607821027757,0.9989867044868962,0.973854589515432,1.0192136091183919,0.011080591840221506,17.349483809395963,-7.119882848753065,24.469366658149028,31.199563578433754,1.3417659628896932,261.8237943271839,92.3714159512417,56.2655258019192,23.474770513300633
697,2346.1840290109094,250.50900690335652,11,7,18,32.0,2325.2612185243424,472.9977744388726,2346.184029010909,1.0024637195669015,0.9793378142973617,1.0240537679062944,0.010348665235064657,9.791730496879154,-8.109074442047131,17.900804938926285,20.92281048656696,0.8998047324697995,221.60586815762719,74.71035712585399,71.33026014996608,19.7924923232169
698,2352.199387029689,298.50648945155325,1,1,2,33.0,2325.2612185243424,472.9977744388726,2352.199387029689,1.000509471478175,0.9769172472010222,1.0206682300665628,0.010596183528125523,11.344995621831174,-11.454206374328976,22.79920199616015,26.938168505346766,1.1585007435182817,214.56831262475967,87.63818554109119,72.16580393125204,22.460816367499124
699,2358.6756442275473,331.6963319298219,1,1,2,33.0,2325.2612185243424,472.9977744388726,2358.6756442275473,0.9976502160445287,0.9574298158897585,1.018915423421427,0.014122884738653339,32.760038560842816,5.361098927233854,27.39893963360896,33.41442570320487,1.4370181481980049,261.7156624832637,93.9357530792245,99.85074851096051,24.497962717494307
700,2352.199387029689,298.50648945155325,1,1,2,33.0,2325.2612185243424,472.9977744388726,2352.199387029689,1.000509471478175,0.9769172472010222,1.0206682300665628,0.010596183528125523,11.344995621831174,-11.454206374328976,22.79920199616015,26.938168505346766,1.1585007435182817,214.56831262475967,87.63818554109119,72.16580393125204,22.460816367499124
701,2346.324650168025,251.55177550633488,7,1,8,32.0,2325.2612185243424,472.9977744388726,2346.324650168025,1.0024213921309209,0.9792406389364837,1.024017955151874,0.010360981247016976,-25.364472530782223,-43.305720433592796,17.941247902810574,21.063431643682634,0.9058522748274239,221.90539056332508,75.19410330989076,71.34833081878247,19.889729916427985
702,2344.460418893511,246.88995334873957,1,1,2,33.0,2325.2612185243424,472.9977744388726,2344.460418893511,1.0030066258988548,0.9822448618698271,1.0233362044592513,0.009860637135327643,14.856774542997215,0.07841129992209517,14.77836324307512,19.199200369168466,0.8256792921249796,171.87219228751093,69.21258062735102,68.46972198692667,18.52431411280066
703,2356.451555167466,334.05836000840947,1,1,2,33.0,2325.2612185243424,472.9977744388726,2356.451555167466,0.9985439642602086,0.9710189155484391,1.0230576138993623,0.014675256650503692,11.767534658246547,-12.384260994619893,24.15179565286644,31.190336643123374,1.3413691500397271,191.0127919297374,91.5430756532451,89.19177456719001,23.885993220511896
704,2346.1840290109094,250.50900690335652,11,7,18,32.0,2325.2612185243424,472.9977744388726,2346.184029010909,1.0024637195669015,0.9793378142973617,1.0240537679062944,0.010348665235064657,9.791730496879154,-8.109074442047131,17.900804938926285,20.92281048656696,0.8998047324697995,221.60586815762719,74.71035712585399,71.33026014996608,19.7924923232169
705,2354.434487107991,287.0873425703924,1,1,2,32.0,2325.2612185243424,472.9977744388726,2354.434487107991,1.000559357734004,0.9747660136157894,1.022206834221888,0.010865487357805957,-1.7912681442772111,-25.468843558195346,23.677575413918134,29.173268583648678,1.2546232806550062,274.3907335089988,91.79646362727341,99.93936406745554,23.805353935303312
706,2346.4846156716517,252.1060532969099,1,1,2,32.0,2325.2612185243424,472.9977744388726,2346.484615671652,1.0024568085251395,0.979328401148954,1.0240266852940287,0.010353193993165796,-18.691863065411155,-37.02945291047388,18.337589845062723,21.223397147309242,0.9127317386206629,221.70369406156675,75.72959650994686,73.14168205483108,20.001119746304273
707,2346.342549931428,258.54062935138813,13,7,20,32.0,2325.2612185243424,472.9977744388726,2346.342549931428,1.001968654347981,0.9788555545728146,1.0232948226575107,0.010422293213694103,6.766749777332734,-11.645207221203407,18.41195699853614,21.0813314070856,0.9066220706361858,224.79392613404468,76.34080847045877,56.5002263550734,20.114126410455935
708,2346.784842678052,255.73192853808604,12,1,13,32.0,2325.2612185243424,472.9977744388726,2346.7848426780524,1.0011077123370213,0.9786157157743237,1.0233752198767925,0.00984041150311733,17.950358759168324,0.14594318875191448,17.80441557041641,21.523624153709534,0.9256432775053488,230.74537364501708,78.80252916354785,73.46829107207978,20.608064615473914
709,2350.966228221335,290.2360703716363,1,1,2,33.0,2325.2612185243424,472.9977744388726,2350.9662282213344,1.0017749852766997,0.9780028405631866,1.031701280564885,0.012052180606213015,12.570167497889287,-9.148245236701882,21.71841273459117,25.70500969699242,1.105467613367987,230.34921389054136,88.11965524139443,63.59796771793115,22.591455960815026
710,2346.1840286987667,250.50892509985798,11,7,18,32.0,2325.2612185243424,472.9977744388726,2346.1840286987663,1.0024637171990796,0.9793378677812664,1.0240537462473882,0.01034866100438176,9.919478038304874,-7.9813114311454285,17.900789469450302,20.922810174424285,0.8998047190458164,221.6060092461841,74.71090896059113,71.33039157130287,19.792826822307056
711,2352.9520090306382,321.38878412414766,1,1,2,33.0,2325.2612185243424,472.9977744388726,2352.9520090306382,1.0001863882609945,0.9755725773753842,1.0211277088970698,0.010710764324327294,123.85103859798392,100.23950517139633,23.611533426587584,27.690790506295798,1.1908679457471418,222.68282281162558,89.75970777475398,57.65032920342671,22.869000265169422
712,2353.077813556212,320.1980905622812,1,1,2,33.0,2325.2612185243424,472.9977744388726,2353.077813556212,0.9999022697840952,0.9763421115150659,1.0210999721621405,0.010660167310260335,74.16419363673049,51.715440480769985,22.448753155960503,27.816595031869383,1.1962782852208904,262.8864543620685,87.44230890659864,57.86599564313066,22.374017453044672
713,2347.250855078656,248.935820972125,2,1,3,32.0,2325.2612185243424,472.9977744388726,2347.2508550786556,1.002440709541715,0.9794427814742047,1.0239705361886833,0.010388428559309756,23.62061840009906,5.576784983781437,18.043833416317625,21.98963655431362,0.9456845699369933,216.38679723166163,74.61790779489388,89.0240909589857,20.001416248645555
714,2352.094706763522,311.4360009935443,1,1,2,33.0,2325.2612185243424,472.9977744388726,2352.0947067635216,1.0002895123290763,0.976025769856634,1.0214388927590317,0.010788041729990058,22.495197365709686,-0.34126097049124837,22.836458336200934,26.833488239179587,1.153998872273312,211.0703199227998,86.44461085584612,57.76655763949366,22.165448072463644
715,2353.8785699666987,328.55844746978136,1,1,2,33.0,2325.2612185243424,472.9977744388726,2353.878569966699,0.9996209942315444,0.9759737378194995,1.0205602403066947,0.010731681447020103,11.740022589176903,-11.049496561540167,22.78951915071707,28.617351442356266,1.2307155520581645,267.4598251410142,88.72992078773069,57.69763883867894,22.635223300263124
716,2350.914491482509,291.2271407974781,1,1,2,33.0,2328.1157979680347,472.80806698859055,2350.914491482509,1.0015167758002994,0.9798645975058954,1.0227258783503068,0.010451159197971599,11.659382633485961,-9.954354403746407,21.61373703723237,22.798693514474508,0.9792766122017241,192.4422398850121,78.89725864166704,38.48844797700242,20.546457069754418
717,2355.841014633166,299.1383005979342,1,1,2,33.0,2328.1157979680347,472.80806698859055,2355.841014633166,1.00104085683103,0.9739721732808057,1.024524842275824,0.011297943040574474,54.09167583921365,27.9333334182827,26.15834242093095,27.725216665131484,1.1908864966824195,232.8698612736389,83.52388499479457,99.39169911785793,22.365056475855916
718,2351.958234726745,284.5215413055326,1,1,2,33.0,2328.1157979680347,472.80806698859055,2351.958234726745,1.0016190619467975,0.9781924904358619,1.0241897323976603,0.010966469715735951,-57.46160561611852,-77.13405367261316,19.672448056494645,23.84243675871039,1.0241087139875056,248.51124608649263,83.44840844233137,71.8717551468831,21.576227455169384
719,2353.023540468502,280.3717568205369,1,1,2,33.0,2328.1157979680347,472.80806698859055,2353.023540468502,1.0015844096862951,0.9778590740221252,1.0241740433402895,0.011109535012992736,9.201797697224094,-12.755784129579638,21.957581826803732,24.907742500467066,1.0698669938242071,231.5476931147857,82.17513469515778,83.70209268043081,21.494417918919385
720,2351.831312731909,270.06631405201074,1,1,2,33.0,2328.1157979680347,472.80806698859055,2351.8313127319084,1.001239497990568,0.9778813199278575,1.0191856439462779,0.010393790555387025,16.109490225332735,-10.29913530692744,26.408625532260174,23.715514763874125,1.0186570094396887,208.7792072957746,76.58767405542746,99.79323479919992,20.93077696655389
721,2353.4950948429214,306.3851414981859,1,1,2,33.0,2328.1157979680347,472.80806698859055,2353.495094842921,1.0005445459194842,0.9761435985801963,1.0220166438647782,0.010883553621010547,9.03694012306039,-15.910608568173018,24.947548691233408,25.379296874886677,1.090121758421019,221.4683689491465,87.3784525187235,63.735980222615666,22.247215629744417
722,2353.58875929685,315.66899950076424,1,1,2,33.0,2328.1157979680347,472.80806698859055,2353.5887592968497,0.9994971579359245,0.9747262305513762,1.019580462494164,0.01166340426949518,12.892132234663961,-11.62377257150581,24.51590480616977,25.472961328815472,1.0941449454983347,225.68053467504058,86.39564251067618,61.0800447362168,21.972223269059356
723,2353.994585384022,310.39459834275766,1,1,2,33.0,2328.1157979680347,472.80806698859055,2353.994585384022,1.000340873391691,0.9763485784917937,1.0228132598258746,0.010966695518051954,43.97339884165467,21.016272382153204,22.957126459501467,25.878787415987063,1.1115764704905964,249.45774293507444,85.77420686310259,55.75201090096259,22.043356676385667
724,2350.926219526777,296.3003536187746,1,1,2,33.0,2328.1157979680347,472.80806698859055,2350.9262195267775,1.001199972138714,0.9764856673802379,1.0240555523820312,0.010861202875841962,5.195575366502453,-17.731971465084257,22.92754683158671,22.81042155874229,0.9797803691144181,211.31939936616106,81.30412428050384,60.890160003574444,21.099461456376286
725,2350.925749798471,279.88841914007236,1,1,2,33.0,2328.1157979680347,472.80806698859055,2350.925749798471,1.0015243369193445,0.973155976293511,1.0253225666707544,0.012023139081001824,8.752111009245084,-13.227441586150945,21.97955259539603,22.809951830436148,0.9797601927852788,229.1564106775137,81.57244115257643,55.531121503579875,21.010985157422787
726,2350.2376296391512,262.9576220937373,0,0,0,32.0,2328.1157979680347,472.80806698859055,2350.2376296391512,0.998368047628101,0.9773996830218166,1.0201377124432989,0.011728310386064577,20.99754735805908,1.8287924005333025,19.168754957525778,22.121831671116524,0.9502032369018897,237.89430276578986,79.67272760245521,69.95206458794371,20.715273671901425
727,2348.3989395583008,248.67135549434494,1,1,2,32.0,2328.1157979680347,472.80806698859055,2348.398939558301,1.0025646499772534,0.9789642919757054,1.0256083249649135,0.010692539583896501,13.497066327600379,-6.424591607249539,19.921657934849918,20.28314159026604,0.8712256326755329,235.60439253143878,75.61618809157689,70.76795587897549,19.965781200680123
728,2352.6951208488804,274.713833991591,1,1,2,33.0,2328.1157979680347,472.80806698859055,2352.6951208488804,1.0017492242945185,0.978718714346332,1.0239010698988564,0.010808511581483474,9.447917479311968,-10.847028591581534,20.294946070893502,24.579322880845666,1.055760323532805,201.82187366518613,82.37921537299034,85.20656066557689,21.511001124479513
729,2355.604023475706,315.6825345279373,1,1,2,33.0,2328.1157979680347,472.80806698859055,2355.6040234757056,1.000152294756455,0.9734388296066081,1.0197910174107334,0.012205081892363981,17.02778694551344,-11.143478393871987,28.171265339385428,27.48822550767136,1.1807069704893078,221.0753449053588,87.39228862716197,69.44106691057445,22.322302700822437
730,2347.978177699853,244.46724903919042,11,7,18,32.0,2328.1157979680347,472.80806698859055,2347.9781776998525,1.002717855561981,0.9792676920008363,1.025737384956879,0.01070415689030965,11.82112300796723,-7.202928873684357,19.024051881651587,19.862379731818237,0.8531525686632083,239.03477100120094,73.81523658747967,72.29489802209439,19.609337734665083
731,2354.1587239518176,293.6293557610164,1,1,2,33.0,2328.1157979680347,472.80806698859055,2354.1587239518176,1.0012520476481552,0.9749385754542194,1.0249370856936226,0.011071842947932026,11.775145523541141,-13.91037240321748,25.68551792675862,26.04292598378288,1.1186267455645027,228.7249291144812,87.04854927759884,97.27827691915284,22.736679837931906
732,2353.1494072927344,307.9151020179927,1,1,2,33.0,2328.1157979680347,472.80806698859055,2353.1494072927344,0.9988608116142093,0.9708877074056911,1.0233855888253887,0.014170104105615157,16.07157823401087,-6.434710626604584,22.506288860615456,25.033609324699682,1.0752733754286992,285.04017667659616,85.22725929886356,57.00803533531923,21.869481268346203
733,2348.1012965134487,252.83873236353008,13,7,20,32.0,2328.1157979680347,472.80806698859055,2348.1012965134487,1.0021492380910544,0.9787063360029579,1.0248303399029892,0.010796203812154015,20.883435056237573,1.3056002765212327,19.57783477971634,19.985498545413975,0.8584409144449429,242.53477826612792,75.41947442500317,56.860685350306895,19.916279897868744
734,2350.927003344104,276.83377056981584,1,1,2,33.0,2328.1157979680347,472.80806698859055,2350.9270033441035,1.0017891617634713,0.9773047901953035,1.0249422772231946,0.010759341880393855,7.385380338971288,-15.066910849352354,22.452291188323642,22.81120537606921,0.9798140365689152,220.26071571515536,81.64355806416313,69.63461295597958,21.19593523128972
735,2319.7086008189062,262.8124740323771,1,1,2,33.0,2297.6619111374207,467.0602796248809,2319.7086008189062,1.0016987874625072,0.9737949675666285,1.0258981103294362,0.011413279236153644,61.186794152071116,41.91997799622888,19.266816155842236,22.04668968148553,0.95952714255387,228.26693102958075,79.37329953419533,59.73359203329971,20.722504868321938
736,2322.08589764772,284.1828155478815,1,1,2,33.0,2297.6619111374207,467.0602796248809,2322.0858976477202,1.0015322844427932,0.9730058935211406,1.0251109713212143,0.011674869456176287,87.31359045840503,67.45230729061348,19.861283167791555,24.423986510299073,1.062993053586738,219.5596159994045,86.55693914626742,62.09680429105126,22.171612024569587
737,2317.89315210611,234.96721610220334,11,6,17,32.0,2297.6619111374207,467.0602796248809,2317.89315210611,1.0028295730068546,0.9749161734027897,1.026739499182371,0.011445549216747142,8.856629303171843,-8.381705306920566,17.23833461009241,20.231240968689235,0.8805142684666816,220.42641242119382,74.15722644801845,63.62846500008116,19.684356601362975
738,2322.0857184593924,290.24493526057427,1,1,2,33.0,2297.6619111374207,467.0602796248809,2322.085718459393,1.0013566281129593,0.9729311219352131,1.0248926106011127,0.011611493938138146,32.79300825412065,12.735259191844705,20.057749062275946,24.423807321971708,1.0629852548620216,222.82435294935485,87.86844116838479,58.44758752390209,22.416645257677185
739,2318.4295328919056,239.52296971208685,12,1,13,32.0,2297.6619111374207,467.0602796248809,2318.4295328919056,1.0014643146747195,0.9742199877158197,1.0261228868371493,0.01099154199064265,3.159102434370368,-14.44536903642657,17.604471470796938,20.767621754484935,0.9038589034278005,229.9307730793997,78.21931386306105,65.53073329958178,20.491076014573117
740,2325.5185399425636,292.0587407887511,1,1,2,33.0,2297.6619111374207,467.0602796248809,2325.5185399425636,0.9996926924036194,0.9703320242634018,1.0205744701946136,0.012422742244328079,16.589668095696254,-5.366926522461057,21.95659461815731,27.85662880514292,1.2123902420157604,260.54786617972184,86.5238586641929,96.563109474001,22.52975989570106
741,2318.056028423832,236.1988628326639,10,7,17,32.0,2297.6619111374207,467.0602796248809,2318.056028423832,1.0027280364394604,0.974834856015067,1.0266948186439695,0.011425197952333386,17.8881051632236,0.41245909555587446,17.475646067667725,20.394117286411074,0.8876030536762171,220.7782374057792,74.49781101128849,63.714332069949954,19.751971236143778
742,2325.2392730824267,298.40380245098345,1,1,2,33.0,2297.6619111374207,467.0602796248809,2325.2392730824267,1.0013655381503737,0.9706752808155117,1.025486530214819,0.011857237242845061,19.924404589397483,-6.904774351647092,26.829178941044574,27.577361945006032,1.2002358489441252,262.9041169688898,86.68131259576329,78.96980274057161,22.153037105587078
743,2325.386475433707,319.91640893693153,1,1,2,33.0,2297.6619111374207,467.0602796248809,2325.3864754337064,1.0010050420091925,0.9707210743203637,1.0253815967890596,0.011556564923356638,26.572727549109544,-1.4098865359353567,27.9826140850449,27.72456429628619,1.2066424638845838,247.73341667425709,91.46076739379568,68.85352162866259,23.066555410594024
744,2323.1154358049107,290.2537601419615,1,1,2,32.0,2297.6619111374207,467.0602796248809,2323.1154358049107,1.0014574260569333,0.9708959292548311,1.0251749857868009,0.011732906374321957,8.683402572913423,-14.876105750802225,23.559508323715647,25.45352466749,1.1078011322775352,245.9549641800589,89.2374893300913,56.9552623475454,22.636922354902186
745,2322.061956754947,283.8886114289681,1,1,2,33.0,2297.6619111374207,467.0602796248809,2322.0619567549466,1.0004244727408007,0.968336181120104,1.0244132471548137,0.012901160422440293,15.664007645236637,-6.963958361770523,22.62796600700716,24.400045617526303,1.0619510859823347,233.93075384485775,84.54468519380248,60.35588324488178,21.535981035346413
746,2317.9189468703007,239.8352206023533,13,7,20,32.0,2297.6619111374207,467.0602796248809,2317.9189468703007,1.0023763246341768,0.9745598463631414,1.026183011810475,0.011453460501743788,11.747029949469521,-5.945237709491693,17.692267658961214,20.257035732880013,0.8816369211975182,221.69119728312631,75.07611958620937,56.35845987109131,19.858442117786332
747,2317.9189468703007,239.8352206023533,13,7,20,32.0,2297.6619111374207,467.0602796248809,2317.9189468703007,1.0023763246341768,0.9745598463631414,1.026183011810475,0.011453460501743788,11.747029949469521,-5.945237709491693,17.692267658961214,20.257035732880013,0.8816369211975182,221.69119728312631,75.07611958620937,56.35845987109131,19.858442117786332
748,2317.930755500031,235.25067898978324,11,7,18,32.0,2297.6619111374207,467.0602796248809,2317.930755500031,1.0027517528299492,0.9748686450428281,1.0267208593695951,0.011416287081148993,38.067885522738635,20.611827967029768,17.456057555708867,20.268844362610253,0.8821508623336357,220.39361541892512,74.2876603681152,63.660167594274895,19.709836637030428
749,2319.6975504493803,251.01824463195973,1,1,2,33.0,2297.6619111374207,467.0602796248809,2319.6975504493803,1.0023469496567565,0.9752063688599709,1.026757656717451,0.01138282647511444,7.535212215535694,-11.290200315874813,18.825412531410507,22.035639311959585,0.9590462028006198,217.16754552006105,80.34687701214554,69.30932352440054,20.89389841842915
750,2323.4692605338073,286.8051370988161,1,1,2,33.0,2297.6619111374207,467.0602796248809,2323.4692605338073,1.001241978002039,0.9715735134603949,1.0252297935861145,0.01156764060724295,14.388513864150212,-8.246425812553355,22.634939676703567,25.8073493963866,1.123200470499643,247.5461719099864,87.06416534215508,70.17808389680275,22.207423612106794
751,2322.08589764772,284.1828155478815,1,1,2,33.0,2297.6619111374207,467.0602796248809,2322.0858976477202,1.0015322844427932,0.9730058935211406,1.0251109713212143,0.011674869456176287,87.31359045840503,67.45230729061348,19.861283167791555,24.423986510299073,1.062993053586738,219.5596159994045,86.55693914626742,62.09680429105126,22.171612024569587
752,2323.1021222432923,258.8832142734255,1,1,2,33.0,2297.6619111374207,467.0602796248809,2323.102122243293,1.0024852066912358,0.9725946216045657,1.0358993325142134,0.013789963774053008,11.316639805027904,-12.547053288541548,23.863693093569452,25.44021110587164,1.1072216927371126,244.24985967342246,83.60649129622054,81.19476417462911,21.526019034236764
753,2262.3505912225187,222.26367852500516,11,7,18,32.0,2242.2281904065467,459.9447420968043,2262.3505912225187,1.0035989916866468,0.9766914029065852,1.0253410396215088,0.010693832767255893,-90.94174632383083,-108.95511678952309,18.01337046569226,20.122400815972014,0.8974287676011935,219.50775417470805,72.27720641144431,69.40970240610345,19.268684951839965
754,2267.8178105872066,259.52029874023265,1,1,2,32.0,2242.2281904065467,459.9447420968043,2267.8178105872066,1.0024702513690427,0.9735063934190015,1.0244850692278398,0.010796157493661352,114.0460242460315,89.50955664782362,24.536467598207878,25.58962018065995,1.141258516423353,225.01419956327683,82.14326392525554,91.7764044587954,21.612065624217983
755,2267.7547563816106,280.5267901527366,1,1,2,32.0,2242.2281904065467,459.9447420968043,2267.7547563816106,1.0016102758838972,0.9712160862141647,1.023699937369418,0.011249780448326724,14.736607228669556,-11.190012975491754,25.92662020416131,25.52656597506393,1.1384463938273657,234.4447521595796,86.86931141076337,53.806492051927435,22.120601925654256
756,2262.8230475555124,226.68049235129524,11,7,18,32.0,2242.2281904065467,459.9447420968043,2262.8230475555124,1.0034801994622666,0.9764020469969734,1.0251086883469709,0.010731578312335935,36.40576018431875,18.142105387993524,18.263654796325227,20.59485714896573,0.9184996084288638,220.37371555936343,72.80976576738244,69.87178917384881,19.35177675676779
757,2265.857345194653,233.76009150632143,1,1,2,32.0,2242.2281904065467,459.9447420968043,2265.857345194653,1.0027197022991425,0.9762126062794714,1.0243351796335065,0.010607300679713366,121.97812414212314,102.86272913297557,19.115395009147562,23.62915478810646,1.0538247128104377,202.43176459634955,80.41530508363365,98.77624626135825,21.52302308702905
758,2268.427489262411,288.04246057423785,1,1,2,32.0,2242.2281904065467,459.9447420968043,2268.4274892624117,1.0015237951729996,0.9713391397785843,1.0232784952016414,0.011281459989681577,16.726808159258354,-8.238743265283489,24.965551424541843,26.199298855864527,1.1684492670263964,232.23464152444242,87.79395999398756,54.33399436167131,22.347488006396404
759,2269.644216590371,305.7014676233171,1,1,2,33.0,2242.2281904065467,459.9447420968043,2269.644216590371,1.0009466552070843,0.9712647237120567,1.0222993845098793,0.011244640070682389,28.849223485186258,3.9811934586750795,24.868030026511178,27.416026183824215,1.2227134731926332,227.9686497604124,88.49697451301606,55.19769005842604,22.581151585778432
760,2266.3931805954976,255.5755007272953,1,1,2,33.0,2242.2281904065467,459.9447420968043,2266.393180595497,1.002596431494936,0.9668965150988034,1.0265475587278339,0.01281094661854051,-21.884216188951882,-45.573910007113966,23.689693818162084,24.164990188950924,1.0777221646013415,214.45591226860384,83.10408973506321,81.06855679630523,21.36874558925545
761,2262.9608904548163,245.19305993042656,1,1,2,33.0,2242.2281904065467,459.9447420968043,2262.960890454816,1.0019738550874793,0.974491254225106,1.0215480597433308,0.011259173484194925,179.29096181570458,159.47272967309323,19.81823214261135,20.732700048269635,0.9246471941158902,226.8618955511239,73.40901133518767,75.29345312500708,19.430796502853184
762,2262.747672749738,247.06651156707926,1,1,2,33.0,2242.2281904065467,459.9447420968043,2262.747672749738,1.0029941642603475,0.9755570244319415,1.024827079963988,0.010720267264680367,6.137123050290825,-13.461205647393513,19.598328697684337,20.519482343191157,0.915138005622465,198.38239203631824,74.07758659659792,68.17140570587465,19.612065624952447
763,2266.8848549535155,257.3259220147532,1,1,2,33.0,2242.2281904065467,459.9447420968043,2266.884854953516,1.001612705377889,0.9719711002422657,1.0230953953866746,0.01182179487962763,5.338683632181613,-17.217860416111392,22.556544048293006,24.65666454696884,1.0996501003984902,199.59152052545406,80.02121849353442,90.72053921577117,21.08196858373772
764,2268.636674950324,296.3382748900242,1,1,2,33.0,2242.2281904065467,459.9447420968043,2268.636674950324,1.0006598144287906,0.969415203133938,1.018358622657094,0.012708216274349777,19.50447073088023,-7.169196071990456,26.673666802870684,26.408484543777377,1.1777786336273453,216.50324826452322,83.09578175289519,50.57153600584724,21.399601920572273
765,2269.567413779947,301.2624130828188,1,1,2,33.0,2242.2281904065467,459.9447420968043,2269.567413779947,1.0008722919494368,0.9718654261854713,1.022530909787381,0.011187360996962502,-154.12390100783233,-178.3814555797327,24.257554571900357,27.339223373400273,1.2192881835297635,233.74009960553144,87.41120436115533,54.467797392133285,22.286891109102317
766,2269.3608103134457,305.3491671063525,1,1,2,33.0,2242.2281904065467,459.9447420968043,2269.360810313445,0.998485810881809,0.9705731033877599,1.0148971264289337,0.012482744210752924,18.908364825769183,-5.077448286198489,23.985813111967673,27.13261990689898,1.210073980114373,281.07491192858095,81.71668540618485,56.2149823857162,20.965125388312984
767,2262.4108799171304,227.73446585240166,13,7,20,32.0,2242.2281904065467,459.9447420968043,2262.41087991713,1.0032082519419383,0.9762208070022926,1.0248723115411342,0.010764679078050116,18.13406498152827,-0.3461223249225043,18.480187306450773,20.182689510583714,0.900117552572752,221.6535626840978,73.64336797843853,57.513047951382944,19.544306994405847
768,2263.0632723523345,230.1961607632211,1,1,2,32.0,2242.2281904065467,459.9447420968043,2263.063272352334,1.003698584192242,0.9760747309112318,1.025513029700035,0.01082701948349742,15.293463472390698,-4.2304008372476005,19.5238643096383,20.835081945787806,0.9292132725353934,211.8650832709799,75.21174300325632,66.08667664637544,19.88325258111037
769,2264.5621650117137,240.83579563321743,1,1,2,33.0,2242.2281904065467,459.9447420968043,2264.5621650117137,1.0029284016554936,0.9756982076402915,1.0248129589223034,0.010714232590422366,16.29509611487154,-3.9102302813822405,20.20532639625378,22.333974605166986,0.996061627479473,195.69757077390304,76.96597643588993,87.97593275078137,20.427155506229482
770,2262.7340877960837,233.97168620361262,1,1,2,33.0,2242.2281904065467,459.9447420968043,2262.7340877960833,1.0015573832368745,0.9707219088435005,1.026561123156774,0.013763886546716578,9.682180208502302,-9.746669932253695,19.428850140755998,20.50589738953704,0.9145321371514396,243.30537659758272,72.69039293576522,68.2520583820726,19.15326597287233
771,2271.6321626342706,290.36206578428335,1,1,2,33.0,2242.2281904065467,459.9447420968043,2271.6321626342697,1.0015259227146724,0.97157046645122,1.0226568499832043,0.01094844789243375,7.640850709936842,-19.746351119402192,27.387201829339034,29.403972227723898,1.311372872463643,250.01523175968327,89.15546671808222,99.78807875954884,23.23191923417154
772,2262.7109138123333,232.71316307792512,1,1,2,33.0,2242.2281904065467,459.9447420968043,2262.7109138123333,1.0035208520470602,0.9763444487923084,1.0258734007747512,0.010754645627924964,-125.7057480874339,-145.95107767697436,20.24532958954046,20.4827234057866,0.9134986123813207,205.0955615954425,75.51822721030105,63.798957764884065,19.82011170230948
773,2225.088105509855,255.6280689380101,1,1,2,33.0,2203.1651438043205,446.34338167315116,2225.0881055098544,1.003680943272797,0.9801398767427418,1.0288588337496236,0.010372308772472614,9.750196518122266,-8.286012694579966,18.036209212702232,21.922961705534362,0.9950666552248933,192.50799688987007,81.40452960784536,50.589157109457986,20.854899972195774
774,2232.641681795909,294.3084375488329,1,1,2,32.0,2203.1651438043205,446.34338167315116,2232.641681795909,1.0010773633944203,0.9732671362606116,1.0238566625971357,0.011446779253921659,-83.08375967153219,-108.66910390836398,25.585344236831787,29.47653799158843,1.3379177713700459,240.22859767943135,91.45532065782442,53.37549011599325,23.15845586172063
775,2232.1367005507595,285.27287480823725,1,1,2,32.0,2203.1651438043205,446.34338167315116,2232.1367005507595,1.002111643590611,0.9725150418699607,1.0259472285561595,0.011565037435258298,16.870193440149677,-9.779268599793312,26.64946203994299,28.97155674643909,1.314997054483732,257.1615818647106,91.81859352337554,53.50643425021199,23.20967602413422
776,2232.6012672150114,293.91135897890206,1,1,2,32.0,2203.1651438043205,446.34338167315116,2232.601267215012,1.0014290189050752,0.9732608077842626,1.024493446724493,0.011367256552057564,16.363535964458038,-8.72578188126269,25.08931784572073,29.436123410690925,1.3360833841017488,239.13806826865058,91.84674580227399,53.829326547831826,23.252600907917117
777,2231.1732922435976,280.7486692959777,1,1,2,32.0,2203.1651438043205,446.34338167315116,2231.1732922435976,1.0018905032725758,0.9738279922885614,1.0253775115609571,0.01128873558113789,58.389872293496666,33.87062090227133,24.51925139122534,28.008148439277193,1.27126867988271,233.63195865734775,90.10468263500017,54.26037473973038,22.923824713118687
778,2229.2955209555503,227.5850218145,1,1,2,32.0,2203.1651438043205,446.34338167315116,2229.2955209555507,1.0033566642208234,0.976576269716941,1.0278986844463114,0.011145321384194806,19.548083289243323,-3.107440452647552,22.655523741890875,26.130377151229823,1.1860380609557546,192.32446446674828,82.12061871774976,97.10907256612457,21.953023638625556
779,2229.2955209555503,227.5850218145,1,1,2,32.0,2203.1651438043205,446.34338167315116,2229.2955209555507,1.0033566642208234,0.976576269716941,1.0278986844463114,0.011145321384194806,19.548083289243323,-3.107440452647552,22.655523741890875,26.130377151229823,1.1860380609557546,192.32446446674828,82.12061871774976,97.10907256612457,21.953023638625556
780,2231.9192221767435,254.0270864081968,1,1,2,33.0,2203.1651438043205,446.34338167315116,2231.9192221767435,1.0029562748959353,0.973498508893691,1.0272790125725726,0.011580360955227024,2.5862375321981688,-21.795244187933918,24.381481720132086,28.75407837242301,1.3051258755288693,236.2316765869906,86.82489612495729,98.4883068021404,22.827102206307423
781,2234.959745825231,270.20858915630816,1,1,2,33.0,2203.1651438043205,446.34338167315116,2234.959745825231,1.0026111955862504,0.9731581675721104,1.0353690536825946,0.013747067348413891,81.15763411244541,55.17786278648086,25.97977132596455,31.794602020910588,1.4431329449053096,268.5968471405306,90.77661399954182,97.52595097836803,23.780757262858334
782,2233.2339647757367,299.2376684370613,1,1,2,32.0,2203.1651438043205,446.34338167315116,2233.2339647757367,1.0008898702074096,0.9730244786436016,1.0235113970737055,0.011493473346510087,-17.632066940699843,-43.706439792355695,26.074372851655852,30.068820971416244,1.3648010479820336,243.00894220392584,92.08264471406187,53.171102725864074,23.277539593317528
783,2228.756052354921,245.52160792535312,1,1,2,33.0,2203.1651438043205,446.34338167315116,2228.7560523549214,1.0033629269948894,0.9745424451979653,1.028013751861855,0.011801676474312708,116.75660789302401,91.7850778001798,24.971530092844205,25.59090855060049,1.1615519890810968,202.78462629492134,81.17456947022684,72.44060852284365,21.181638165717892
784,2232.181575638193,253.5913118051467,1,1,2,33.0,2203.1651438043205,446.34338167315116,2232.181575638193,1.0018667976270519,0.9728238183918163,1.0263139580392513,0.012115512740752687,21.649232916558134,-4.553289030086688,26.202521946644822,29.016431833872502,1.317033900770975,239.59778807681414,87.59898986452156,99.61808643786468,23.00613755769707
785,2231.6248216664885,289.06682220063914,1,1,2,33.0,2203.1651438043205,446.34338167315116,2231.6248216664885,1.0014700170071171,0.9672704251930958,1.0262540230672452,0.013205158104450816,13.43804847721188,-10.911875157993194,24.349923635205073,28.459677862168064,1.2917632589731902,233.70946603779802,89.98638891932866,54.19994783192802,22.715772487009957
786,2228.9254825823655,226.23991487001817,1,1,2,32.0,2203.1651438043205,446.34338167315116,2228.925482582366,1.002263052661025,0.9754254095273638,1.0274283067637264,0.010826562567081442,10.760639678690097,-12.11304055755113,22.873680236241228,25.760338778045025,1.1692422989936788,213.54595475459712,80.3291185135884,98.86490536449688,21.562971137541325
787,2224.5965872081047,223.70648215695644,1,1,2,33.0,2203.1651438043205,446.34338167315116,2224.5965872081047,1.0031966988470187,0.9768275614523113,1.0241502694597329,0.011723761224418944,9.842305839133331,-10.777110180193688,20.61941601932702,21.431443403784215,0.9727570111597454,230.62946380768722,75.17612473565192,61.42669899723968,19.7444561378045
788,2231.203220997536,244.4729866022334,1,1,2,32.0,2203.1651438043205,446.34338167315116,2231.2032209975364,1.002727941292816,0.9748516711428562,1.0266499098379174,0.011411027660758669,4.468712442862397,-19.818268669315074,24.28698111217747,28.038077193215486,1.2726271233939672,227.91553746043886,84.5051848018615,99.5372105590296,22.66910686313305
789,2236.660440812034,282.4791649496283,6,1,7,32.0,2203.1651438043205,446.34338167315116,2236.6604408120334,1.0018120078666632,0.9721938228652152,1.026659649083215,0.011573365452830733,76.01843833907657,47.38906080200621,28.629377537070354,33.49529700771336,1.520326204411317,255.95396198121955,95.25008766077612,99.80121317249385,24.480773107598214
790,2231.399929329305,247.0533350979938,1,1,2,32.0,2203.1651438043205,446.34338167315116,2231.399929329305,1.0025072649689915,0.9741556309192684,1.0260731150221434,0.011602476328355442,62.726991766522815,39.40893762923375,23.318054137289067,28.234785524984545,1.2815555658360709,244.66952926664308,85.16985859205782,99.56079454728557,22.747493222833583
791,2170.5786933110926,208.13665026662855,1,1,2,33.0,2147.904531774937,434.2972276841063,2170.5786933110926,1.0053224389911577,0.9816712480458396,1.0329207362038406,0.010528335388587749,-7.924008692434967,-29.01584041644506,21.091831724010092,22.67416153615568,1.0556410306289878,212.0857496699846,77.56882599878891,86.25699795901886,20.538263937798558
792,2178.49076437925,301.55766942383167,1,1,2,33.0,2147.904531774937,434.2972276841063,2178.49076437925,1.0011477349454572,0.9752270192722347,1.0218267573927653,0.011102309351933846,15.237824534612997,-14.56910064105503,29.806925175668027,30.586232604312954,1.4240033554488474,247.99725343176215,86.48793867594158,61.99931335794054,22.3628747667103
793,2174.9603855262876,245.56550685074728,1,1,2,33.0,2147.904531774937,434.2972276841063,2174.960385526287,1.004124161092277,0.9792957053856771,1.030474852563448,0.01048784767145548,16.622022732291896,-7.735596414446803,24.3576191467387,27.055853751350696,1.259639492868563,184.60184957460288,87.0185570414004,96.20169977500717,22.914209025882617
794,2181.3923602839595,322.26171767502393,1,1,2,33.0,2147.904531774937,434.2972276841063,2181.3923602839595,1.0003962378402047,0.9708717006845866,1.0231311038714028,0.01185318455922227,-53.623500400483465,-83.16880128238596,29.54530088190249,33.48782850902262,1.5590929677563323,302.08621772597695,84.64410416114387,60.41724354519539,22.027809324494523
795,2178.229307999457,296.1904943140796,1,1,2,33.0,2147.904531774937,434.2972276841063,2178.2293079994574,1.0020289061154255,0.9759677627050793,1.0264947505355004,0.010857082902809555,-53.985655100849186,-81.29049965327341,27.30484455242423,30.324776224520065,1.4118307297140884,237.68817218748973,90.84183470217089,50.50374046600689,23.009913541508915
796,2176.3553499579634,276.23698951613653,1,1,2,33.0,2147.904531774937,434.2972276841063,2176.3553499579634,1.0029229817014802,0.9768144545300433,1.0284735352738774,0.010916405595381156,29.438418692169478,2.9801673800524213,26.458251312117056,28.450818183026513,1.3245848575735333,236.43258139219478,89.25467937813448,47.55852426358562,22.663244745528335
797,2178.5769461466634,296.7642810786291,1,1,2,33.0,2147.904531774937,434.2972276841063,2178.576946146663,1.0017745419253508,0.9735991902109079,1.0262707516800036,0.011629580012970566,14.15278724620893,-13.823953232677269,27.9767404788862,30.672414371726518,1.4280157203439643,238.20511689772837,90.93651245062944,49.697897761205795,22.947746795533305
798,2178.229307999457,296.1904943140796,1,1,2,33.0,2147.904531774937,434.2972276841063,2178.2293079994574,1.0020289061154255,0.9759677627050793,1.0264947505355004,0.010857082902809555,-53.985655100849186,-81.29049965327341,27.30484455242423,30.324776224520065,1.4118307297140884,237.68817218748973,90.84183470217089,50.50374046600689,23.009913541508915
799,2170.5786933110926,208.13665026662855,1,1,2,33.0,2147.904531774937,434.2972276841063,2170.5786933110926,1.0053224389911577,0.9816712480458396,1.0329207362038406,0.010528335388587749,-7.924008692434967,-29.01584041644506,21.091831724010092,22.67416153615568,1.0556410306289878,212.0857496699846,77.56882599878891,86.25699795901886,20.538263937798558
800,2178.2372776664192,291.5205881132897,1,1,2,32.0,2147.904531774937,434.2972276841063,2178.2372776664192,1.0021087558901145,0.9759316699166081,1.0263474234946344,0.010969852033063844,-9.988664196939965,-37.29469366392408,27.306029466984114,30.33274589148232,1.4122017735311834,237.20636898493893,91.18061784505261,51.0349859594436,23.042203329464044
801,2178.941002612099,312.4008039797528,1,1,2,33.0,2147.904531774937,434.2972276841063,2178.941002612099,1.0006395043388034,0.9746893840087548,1.0233219819885044,0.01146617853519751,-31.730717530356088,-58.32311573950095,26.59239820914486,31.036470837162142,1.4449650986822455,251.75649999230737,94.79686908160889,50.35129999846147,23.761597215255364
802,2182.9884640458567,302.83202418413987,1,1,2,32.0,2147.904531774937,434.2972276841063,2182.9884640458567,1.0021223282840104,0.9723934917905391,1.028262817684136,0.011408918935905702,16.726545572459656,-13.271338301989545,29.9978838744492,35.08393227091983,1.6334027770744524,297.7654805710199,95.0697101382322,76.31880821978105,24.44993493289827
803,2171.528712849323,226.17032953030895,1,1,2,32.0,2147.904531774937,434.2972276841063,2171.5287128493223,1.004491997564054,0.9797797549262375,1.0304722277445382,0.010444146104507456,14.802410047239874,-7.248739520161735,22.05114956740161,23.624181074385888,1.0998710941246477,204.53550919015538,81.21134206402631,59.80289969613881,21.27269901042734
804,2178.2372776664192,291.5205881132897,1,1,2,32.0,2147.904531774937,434.2972276841063,2178.2372776664192,1.0021087558901145,0.9759316699166081,1.0263474234946344,0.010969852033063844,-9.988664196939965,-37.29469366392408,27.306029466984114,30.33274589148232,1.4122017735311834,237.20636898493893,91.18061784505261,51.0349859594436,23.042203329464044
805,2179.8303223135003,271.25528915203563,1,1,2,33.0,2147.904531774937,434.2972276841063,2179.8303223135003,1.0028108999641663,0.9770717400775942,1.0288142606563786,0.010566074949339336,24.56505180088479,-1.9640505203419423,26.52910232122673,31.925790538563433,1.4863691596283992,245.00994755863798,87.89667683382523,97.79260692512172,23.012013859500005
806,2178.49076437925,301.55766942383167,1,1,2,33.0,2147.904531774937,434.2972276841063,2178.49076437925,1.0011477349454572,0.9752270192722347,1.0218267573927653,0.011102309351933846,15.237824534612997,-14.56910064105503,29.806925175668027,30.586232604312954,1.4240033554488474,247.99725343176215,86.48793867594158,61.99931335794054,22.3628747667103
807,2178.941002612099,312.4008039797528,1,1,2,33.0,2147.904531774937,434.2972276841063,2178.941002612099,1.0006395043388034,0.9746893840087548,1.0233219819885044,0.01146617853519751,-31.730717530356088,-58.32311573950095,26.59239820914486,31.036470837162142,1.4449650986822455,251.75649999230737,94.79686908160889,50.35129999846147,23.761597215255364
808,2182.882009349807,326.85554751904596,1,1,2,32.0,2147.904531774937,434.2972276841063,2182.882009349807,1.0008257024455505,0.9744858120848512,1.0234014545661652,0.011470006656353327,20.979714447033018,-8.230626409870098,29.210340856903116,34.977477574870136,1.6284465653585747,262.3760700459676,94.86706475642379,52.475214009193515,24.05303679277685
809,2128.9117572816044,277.907129653621,1,1,2,32.0,2092.160543983736,426.8270540921907,2128.911757281605,1.0024260048136953,0.9715662251074931,1.0268661528592178,0.011156974940268927,31.42753739026307,2.2459808842622806,29.18155650600079,36.75121329786862,1.7566153517019159,313.4741437603999,97.61704509086353,96.53028657662132,25.165196147236863
810,2121.605800716882,219.06964406830244,2,8,10,32.0,2092.160543983736,426.8270540921907,2121.605800716882,1.00426292029913,0.9768499001189997,1.0279361560873086,0.010672715898611792,11.196735085953037,-11.442053098231469,22.638788184184506,29.44525673314638,1.4074090450572652,258.2655833553368,83.26058605304945,99.8814025515261,22.421043236029966
811,2126.47988015411,262.8528117750962,1,1,2,32.0,2092.160543983736,426.8270540921907,2126.47988015411,1.0030545984914614,0.9728003515392253,1.0276897769631368,0.011014281734496308,10.505477118523572,-17.934417680763318,28.43989479928689,34.3193361703743,1.6403777553813335,296.8434400688347,94.34907516338154,91.82060022482949,24.294822159207087
812,2129.453627078798,279.7152258158712,1,1,2,32.0,2092.160543983736,426.8270540921907,2129.4536270787976,1.0023189805534027,0.9714163252995447,1.0266690241837828,0.01118088875518228,-40.533721683069444,-69.75723071407093,29.223509031001484,37.29308309506223,1.7825153620405978,318.38153952048845,98.08563650963212,99.36447924805253,25.34086502311625
813,2126.1304694385576,269.44562505203714,1,9,10,33.0,2092.160543983736,426.8270540921907,2126.1304694385576,1.0032053226342486,0.971966841218623,1.0271450402495508,0.011600417744594435,59.92299112693655,30.589163620095178,29.333827506841374,33.969925454821805,1.6236768039865053,272.14958907725213,86.6843959142891,96.78526398791088,22.954613818916005
814,2130.1193789303907,285.2559612984507,1,1,2,32.0,2092.160543983736,426.8270540921907,2130.1193789303907,1.0022552736343495,0.97160556983022,1.0267160899410066,0.01106835441238824,-120.61527167538014,-151.24923040464722,30.63395872926708,37.95883494665486,1.814336622292689,302.31306088965687,98.7220872092178,99.641248357573,25.46947261726907
815,2125.560412880804,254.56218779993134,7,12,19,32.0,2092.160543983736,426.8270540921907,2125.5604128808036,1.0015734992117384,0.9761966347531694,1.0267161449738427,0.009910121107540337,58.44873215001499,34.11349826181103,24.33523388820396,33.399868897068245,1.5964295375473772,229.9348459580981,92.17512007292677,99.90256408641473,23.97302833946108
816,2128.015742615615,295.02734612845035,1,9,10,32.0,2092.160543983736,426.8270540921907,2128.015742615615,1.0021115761535433,0.970279477409623,1.0271908986186362,0.011337841949340788,0.9168013309276546,-29.133876596416826,30.05067792734448,35.855198631879375,1.7137881093774279,322.1203171032533,98.9438903739538,64.42406342065065,24.8636253774512
817,2119.676144647033,263.085538011542,1,1,2,33.0,2092.160543983736,426.8270540921907,2119.676144647033,1.002326154374278,0.9709616272796239,1.029856781777747,0.013275010330890544,15.61185371875763,-10.39608508348465,26.00793880224228,27.51560066329739,1.3151763492730935,204.29108863402502,88.36945189242478,54.22913618682067,22.691701491118874
818,2123.2430719890967,266.20106856237413,1,1,2,33.0,2092.160543983736,426.8270540921907,2123.2430719890963,1.0032829233077127,0.968145467166657,1.030190160872641,0.012647932478166984,52.00994925726974,21.350977679460954,30.658971577808785,31.082528005360928,1.4856664845698648,255.53624920295755,93.73250451888177,56.3830884402306,24.10500839072778
819,2111.9568389790484,214.66701699183812,1,1,2,33.0,2092.160543983736,426.8270540921907,2111.9568389790484,1.0055414159405853,0.981148700906586,1.0303555674493825,0.009740956333627445,8.445358419155554,-11.711324438973037,20.15668285812859,19.796294995312564,0.9462129974795308,185.91133485977704,76.79441392275344,46.83385411732714,19.511164530074424
820,2126.447036505146,256.02271509547853,9,12,21,32.0,2092.160543983736,426.8270540921907,2126.447036505146,1.003132124371822,0.9729218209721727,1.0270466320521674,0.011150888948238798,123.2188227789236,97.0206573252388,26.198165453684794,34.28649252141031,1.6388079117544456,300.44364101573643,92.89556023143325,99.91449362590772,24.317637461011348
821,2126.500539553536,283.1981204016232,1,1,2,33.0,2092.160543983736,426.8270540921907,2126.500539553536,1.00197761946834,0.9728706828091096,1.0252009474803212,0.010918393304646733,29.125675415335422,1.1389388315286055,27.986736583806817,34.33999556980007,1.6413652225948403,318.84064135399564,85.92437242585103,99.8824664239979,22.83957028943919
822,2120.908605141802,224.59796134960328,1,1,2,33.0,2092.160543983736,426.8270540921907,2120.9086051418026,1.0034333100411859,0.9835678409845663,1.0257944353421966,0.010168602625109994,13.28831448522999,-8.081285764471943,21.369600249701932,28.74806115806632,1.3740848540870774,308.16168073276845,77.80988259678698,99.80762176768559,21.494099969537633
823,2108.097189714336,303.944266696912,7,15,22,33.0,2065.249153942392,419.3232554769222,2108.0971897143354,1.0019514956822408,0.9693149629618643,1.0286748459745603,0.011602523957330517,-88.29173343302483,-119.23525274145186,30.943519308427028,42.84803577194407,2.0747150865623487,468.96422970616254,101.62869673701239,99.80177193355546,26.42996714106269
824,2097.1896760971813,236.82325984095021,1,1,2,32.0,2065.249153942392,419.3232554769222,2097.1896760971813,1.003926688942731,0.9841601467213473,1.0285307755137059,0.009709239805532894,-11.671313379169732,-30.995421085223825,19.324107706054093,31.940522154789505,1.5465699183954469,254.5752654234396,91.98055014868521,97.97526702004359,24.597539755815788
825,2096.1948983846196,272.67106137941715,1,1,2,33.0,2065.249153942392,419.3232554769222,2096.1948983846196,1.0023826517769499,0.9831607069858451,1.023790960729692,0.01012954817100265,14.837688208727286,-11.20579338258824,26.043481591315526,30.945744442227806,1.498402475224595,313.393907305321,81.69940389210393,62.678781461064204,21.255543420689797
826,2094.298944220808,229.37915244369304,4,9,13,33.0,2065.249153942392,419.3232554769222,2094.298944220808,1.0035273389390464,0.9828980857808237,1.0262294769999478,0.010048784357338253,111.50440539257704,90.97519337812736,20.529212014449683,29.049790278416367,1.4065997907788845,250.1791779084607,84.54012214074999,99.98720629294921,22.612473527899716
827,2090.8291308169705,215.29731937050656,5,8,13,32.0,2065.249153942392,419.3232554769222,2090.82913081697,1.0049745558229162,0.9815292484715896,1.0293606053815225,0.010187227307259272,51.13375473872554,31.266426711887362,19.86732802683818,25.579976874578733,1.2385903572820087,227.6906419108153,83.64558216339685,54.255706907873794,21.778097158470427
828,2103.453446704061,279.17447122378275,1,5,6,32.0,2065.249153942392,419.3232554769222,2103.4534467040617,1.0018022467040715,0.9734857672261437,1.0279291257680745,0.010930055238246075,-83.62271073179181,-113.15823223590178,29.535521504109965,38.20429276166942,1.8498636200257266,337.0837940404198,99.2563481667182,97.17837284445974,25.59959031113265
829,2094.4577091094707,248.6034361588341,0,0,0,32.0,2065.249153942392,419.3232554769222,2094.4577091094707,1.0003743972994428,0.9769538804947027,1.0237113816809986,0.011356179815878654,-105.94452226534486,-131.1466215532273,25.202099287882447,29.208555167078885,1.4142872355774674,236.12052444228522,89.68717528929646,49.61512511796507,22.645795853740925
830,2092.3355740437914,240.1090703250108,1,1,2,33.0,2065.249153942392,419.3232554769222,2092.335574043791,1.0031159612075211,0.9759099650108096,1.0309683277734651,0.011916700393196353,-18.655600486091004,-41.2646217774907,22.6090212913997,27.086420101399654,1.3115328022139068,220.54955778475542,90.85818551581457,55.58978660034754,22.83117950986959
831,2092.3355740437914,240.1090703250108,1,1,2,33.0,2065.249153942392,419.3232554769222,2092.335574043791,1.0031159612075211,0.9759099650108096,1.0309683277734651,0.011916700393196353,-18.655600486091004,-41.2646217774907,22.6090212913997,27.086420101399654,1.3115328022139068,220.54955778475542,90.85818551581457,55.58978660034754,22.83117950986959
832,2092.3355740437914,240.1090703250108,1,1,2,33.0,2065.249153942392,419.3232554769222,2092.335574043791,1.0031159612075211,0.9759099650108096,1.0309683277734651,0.011916700393196353,-18.655600486091004,-41.2646217774907,22.6090212913997,27.086420101399654,1.3115328022139068,220.54955778475542,90.85818551581457,55.58978660034754,22.83117950986959
833,2081.911413666052,257.26556430922255,1,9,10,33.0,2050.0469623401964,413.7536033094039,2081.911413666052,1.0023437470511436,0.9729339001031031,1.0247884286343651,0.011141182878446784,17.330161263371195,-10.652276785132614,27.98243804850381,31.864451325855498,1.5543278720542661,233.67800797064743,91.54630206298334,99.98456215933126,23.76498965717395
834,2084.8815119457518,306.37134771603326,1,1,2,32.0,2050.0469623401964,413.7536033094039,2084.881511945752,1.0016318654076755,0.9691895594752897,1.0275681392184983,0.012305185490806114,20.855481862375115,-10.227942163889253,31.083424026264368,34.83454960555537,1.699207395999874,288.4047583413213,96.76188970218573,57.68095166826427,24.488886708071366
835,2083.028424075983,248.0378593506391,1,5,6,33.0,2050.0469623401964,413.7536033094039,2083.028424075983,1.0028677294468646,0.9736953867007809,1.0250571951909737,0.010730998747845551,20.76705661234186,-9.675377002885313,30.442433615227174,32.981461735786525,1.6088149365191662,256.35875974630534,86.12407209603792,99.92865160122658,23.301979231126477
836,2081.891779102845,255.20936443513318,1,1,2,33.0,2050.0469623401964,413.7536033094039,2081.8917791028443,1.0017516588537851,0.9721546514291676,1.0241767069016428,0.011282354650602216,-36.64718278636016,-65.21052758186823,28.563344795508073,31.844816762648406,1.5533701104240312,294.08628872559524,91.2822727057282,93.7707359615239,23.570103150963504
837,2079.5834681405317,273.41053488196593,1,1,2,33.0,2050.0469623401964,413.7536033094039,2079.5834681405317,1.0021402874889116,0.9694887401623502,1.0253235953906474,0.012090716845322178,13.10420883925508,-19.016768605699212,32.12097744495429,29.536505800335362,1.4407721551226547,225.6852498201772,87.5265666751128,56.4213124550443,22.61802431109158
838,2075.222889895043,181.6043640419059,1,5,6,33.0,2050.0469623401964,413.7536033094039,2075.2228898950434,1.0052584249277332,0.9655691614513843,1.0313789301044431,0.013105464142424927,-100.85764729949157,-128.79864282214507,27.940995522653495,25.175927554846567,1.2280658939689564,209.6050206647288,78.29426271329608,99.85708721348,21.66920150894501
839,2071.305452898782,352.5362302859114,1,1,2,33.0,2032.4244412098556,415.4396216487691,2071.305452898782,1.0007542914259755,0.9673236548475547,1.0253341474617557,0.01241973820955121,132.61805683283546,97.28115887940095,35.336897953434516,38.881011688926264,1.9130360224255762,288.66768029201546,86.4683314005698,57.73353605840309,22.581112531556766
840,2072.92394368639,348.5000335115322,1,1,2,32.0,2032.4244412098556,415.4396216487691,2072.92394368639,1.0010045446777147,0.9744848510173726,1.0265966816284,0.011096498257394328,177.56974958541423,-179.38689614540442,356.95664573081865,40.49950247653442,1.9926695258804306,272.0881115586946,101.70628263898656,54.417622311738924,25.51796412487286
841,2066.674017502341,299.4710033904364,1,9,10,32.0,2032.4244412098556,415.4396216487691,2066.6740175023406,1.0018077048410516,0.9814792920691581,1.0256100443665732,0.010837782188578914,91.05745053846465,62.12350540369721,28.93394513476744,34.24957629248547,1.6851586508228313,290.09085590577774,94.25164101161602,58.01817118115555,24.486341768466986
842,2071.305452898782,352.5362302859114,1,1,2,33.0,2032.4244412098556,415.4396216487691,2071.305452898782,1.0007542914259755,0.9673236548475547,1.0253341474617557,0.01241973820955121,132.61805683283546,97.28115887940095,35.336897953434516,38.881011688926264,1.9130360224255762,288.66768029201546,86.4683314005698,57.73353605840309,22.581112531556766
843,2072.92394368639,348.5000335115322,1,1,2,32.0,2032.4244412098556,415.4396216487691,2072.92394368639,1.0010045446777147,0.9744848510173726,1.0265966816284,0.011096498257394328,177.56974958541423,-179.38689614540442,356.95664573081865,40.49950247653442,1.9926695258804306,272.0881115586946,101.70628263898656,54.417622311738924,25.51796412487286
844,2069.473136069237,223.3088481922398,1,1,2,33.0,2040.7793730139738,413.7503745802644,2069.473136069237,1.0031603997881033,0.9794505840608108,1.0307168700097964,0.013072050692578295,13.45006262116496,-6.044850848410192,19.494913469575152,28.69376305526339,1.406019848823066,230.87375507313425,87.57554107626716,90.17375018729156,22.998047820460915
845,2074.2722346515093,288.019049345806,1,1,2,33.0,2040.7793730139738,413.7503745802644,2074.2722346515093,1.0011005546242366,0.9806162768814125,1.0223376592942894,0.01062217869643542,46.86686389342566,19.96985075808658,26.89701313533908,33.4928616375355,1.6411799374506009,373.61419200426326,81.87937965930057,74.72283840085265,21.507517985086547
846,2075.459738173726,278.89223226573944,1,1,2,33.0,2040.7793730139738,413.7503745802644,2075.459738173726,1.0022816420793728,0.970883334972287,1.0260436354594602,0.012191428962725468,-28.68058078070979,-57.660999065596414,28.980418284886625,34.680365159752,1.6993686636754601,248.17585016400713,76.84192066570331,96.75656334539114,20.94530900297321
847,2098.283417603528,222.94208038396795,1,1,2,33.0,2066.308423724853,418.69913852042004,2098.283417603528,1.0025715700593163,0.9826588889427978,1.0255171980434796,0.010740233412091049,-107.07602668215128,-128.41816446983267,21.342137787681395,31.974993878674923,1.5474453625386115,346.02878385637104,75.90649204759839,99.56961425523258,21.04719339253634
848,2096.0600768422337,236.08919157445598,1,1,2,33.0,2066.308423724853,418.69913852042004,2096.0600768422337,1.0025657077425112,0.9749025031373275,1.0265612443863803,0.011456102657133357,-107.89793813356148,-131.71392269213484,23.815984558573362,29.751653117380556,1.439845706274014,213.9050360132888,85.0310833657504,98.8950188610838,22.372605160798816
849,2099.2748426605804,231.26763079181885,1,5,6,33.0,2066.308423724853,418.69913852042004,2099.2748426605804,1.003396092645567,0.9815136245449768,1.0295435713809853,0.010635461110776337,42.52153648471605,23.78822912272352,18.73330736199253,32.96641893572723,1.5954258598191244,301.93286771789076,91.26772348493694,98.66861134639588,24.05674872751153
850,2088.6599027045822,155.75858626739515,0,8,8,32.0,2066.308423724853,418.69913852042004,2088.6599027045822,1.0020566558252215,0.9798369487167763,1.026450513700617,0.011139846785307477,75.63612595689483,60.4104781136848,15.225647843210027,22.35147897972911,1.0817106838018389,255.27529312328912,67.06368482083768,94.2339633339897,18.851237955060363
851,2088.493480125937,178.68048022326704,1,5,6,33.0,2066.308423724853,418.69913852042004,2088.493480125937,1.0055234473580963,0.9680910211076249,1.0342972206517969,0.013043564898406924,-98.00395232020777,-123.54368010404217,25.539727783834394,22.185056401083784,1.073656582258502,216.7278015638586,76.47611174513196,61.849156973616324,20.692048198062828
852,2169.7099490266987,222.45869898378098,1,1,2,32.0,2141.447299364146,431.8813637796275,2169.709949026699,1.0037281518393932,0.9767118925968882,1.0268880254943837,0.010918199710928415,10.896171601206134,-10.788309065752685,21.68448066695882,28.262649662552576,1.3197919776472913,232.40996838123732,83.30455706132972,89.41363206578231,21.851977297297324
853,2172.879811475018,250.74551013460274,1,1,2,32.0,2141.447299364146,431.8813637796275,2172.879811475018,1.0029569736427046,0.9742680638674737,1.0263485566061152,0.011282344752464256,-93.32991774378706,-117.66843092406509,24.338513180278028,31.432512110871812,1.4678162810826574,258.2088015179101,89.39635209911602,78.9334527398204,22.842082744726305
854,2163.8216757766477,200.4194217372303,7,9,16,33.0,2141.447299364146,431.8813637796275,2163.821675776647,1.004844974507036,0.9797934020189286,1.0281791645179332,0.010717466326601177,8.077917598612999,-8.049447433173071,16.12736503178607,22.374376412501533,1.0448249844460376,207.5063524215083,72.9241671919095,94.12831412487479,20.124483237383256
855,2175.286255730544,254.3404540782682,1,1,2,32.0,2141.447299364146,431.8813637796275,2175.286255730544,1.0026366058817677,0.9736017585358323,1.0262141363733388,0.011073662150149398,179.27739344165968,-179.5840043905138,358.86139783217345,33.838956366397724,1.5801909473301272,267.042289419891,89.75226336961877,99.85113022317998,23.44234414290162
856,2174.2316347761507,275.8705807342687,1,1,2,32.0,2141.447299364146,431.8813637796275,2174.2316347761507,1.0023897314047296,0.9728139837007058,1.0262608744677537,0.011780902529373232,-19.918975731791164,-44.389140235839704,24.47016450404854,32.784335412004566,1.5309429011743192,279.06123099109175,92.58285610972484,55.812246198218354,23.232527453290743
857,2161.4187883061736,219.3981780231097,1,1,2,33.0,2141.447299364146,431.8813637796275,2161.4187883061736,1.0051667352336187,0.9801732506920464,1.0304609030156133,0.010476699949258624,36.29669171828942,17.28653935762378,19.010152360665643,19.971488942027463,0.9326164107777736,199.53074798997605,75.64992915622126,40.936160244779295,19.358119160973693
858,2174.2316347761507,275.8705807342687,1,1,2,32.0,2141.447299364146,431.8813637796275,2174.2316347761507,1.0023897314047296,0.9728139837007058,1.0262608744677537,0.011780902529373232,-19.918975731791164,-44.389140235839704,24.47016450404854,32.784335412004566,1.5309429011743192,279.06123099109175,92.58285610972484,55.812246198218354,23.232527453290743
859,2170.4619188698884,237.9651812960333,1,1,2,32.0,2141.447299364146,431.8813637796275,2170.4619188698884,1.0034727159672985,0.9755008818805982,1.0268500096434612,0.011237475611661623,-10.203155125642382,-31.927256968768177,21.724101843125794,29.014619505742303,1.3549070067873037,257.82164195106316,84.86032563360637,66.08691398833238,21.674945938311975
860,2170.1038053623706,240.42077476147819,1,1,2,33.0,2141.447299364146,431.8813637796275,2170.10380536237,1.002822086510058,0.9750972847272504,1.022665710167339,0.010951873374842934,7.442495256413196,-18.67228329757708,26.114778553990277,28.656505998224475,1.338184040612784,221.94119579705136,82.98607820165827,82.81332297028901,22.30405844971691
861,2173.194250022797,260.69656361153505,1,1,2,33.0,2141.447299364146,431.8813637796275,2173.194250022797,1.002638001564794,0.9737112741734864,1.0264315380925484,0.011534788952247025,8.356782248514435,-17.158046328655416,25.51482857716985,31.746950658650803,1.4824997406229579,274.0327833103359,90.26101189446888,70.0381474318239,22.74021190309466
862,2166.4739712879273,212.10658060625062,1,1,2,32.0,2141.447299364146,431.8813637796275,2166.4739712879273,1.0026825372331754,0.9782729018222894,1.0275678567442526,0.010132026421540584,-6.804210074155861,-24.807358188204063,18.0031481140482,25.026671923781123,1.1686802626995407,188.77756486893176,83.32410420363692,84.99400681981245,21.815530741033363
863,2163.8216757766477,200.4194217372303,7,9,16,33.0,2141.447299364146,431.8813637796275,2163.821675776647,1.004844974507036,0.9797934020189286,1.0281791645179332,0.010717466326601177,8.077917598612999,-8.049447433173071,16.12736503178607,22.374376412501533,1.0448249844460376,207.5063524215083,72.9241671919095,94.12831412487479,20.124483237383256
864,2175.3082299827893,288.93761144788806,1,1,2,32.0,2141.447299364146,431.8813637796275,2175.3082299827897,1.0014695926517267,0.9730019107311006,1.0255116430778568,0.011574936249184625,5.441865765946005,-19.771840508072614,25.21370627401862,33.860930618643124,1.581217087560238,250.68504073682058,96.88239119402624,53.63362099989612,24.069851946381622
865,2171.618591409923,277.2235408672392,1,1,2,33.0,2141.447299364146,431.8813637796275,2171.618591409923,1.001739250985526,0.9703530226237127,1.0223299224307951,0.012775410399851177,16.55873189478376,-11.048225064483177,27.606956959266938,30.17129204577668,1.4089205956520787,198.42997034040545,84.90127813952485,51.016459051649996,21.801636788220502
866,2176.8102071322137,296.6920572328876,1,1,2,32.0,2141.447299364146,431.8813637796275,2176.8102071322137,1.0014761349070913,0.9720107846474135,1.025057813841465,0.011892515004330284,96.31150950984397,69.32231050128166,26.98919900856231,35.362907768067544,1.6513555004864118,278.2064327943836,94.75822155739873,55.64128655887672,23.738461631767645
867,2168.974656399027,247.48700900373473,1,1,2,32.0,2141.447299364146,431.8813637796275,2168.974656399027,1.0033929019452636,0.9756120927106513,1.0274638201350283,0.0113410319491092,40.15210567437157,18.376746179256145,21.775359495115424,27.52735703488088,1.2854557309467527,234.42741868083075,87.12109995386095,55.20704488655864,22.192036350995238
868,2168.974656399027,247.48700900373473,1,1,2,32.0,2141.447299364146,431.8813637796275,2168.974656399027,1.0033929019452636,0.9756120927106513,1.0274638201350283,0.0113410319491092,40.15210567437157,18.376746179256145,21.775359495115424,27.52735703488088,1.2854557309467527,234.42741868083075,87.12109995386095,55.20704488655864,22.192036350995238
869,2171.7137232648047,253.4913563311583,1,1,2,33.0,2141.447299364146,431.8813637796275,2171.7137232648047,1.000923834981173,0.9767197558053017,1.0206293817854024,0.01102648284973404,59.13856266993719,37.95451638047615,21.184046289461037,30.266423900658538,1.4133630049941206,254.82576052603287,85.97806417016263,99.2454150080865,22.527596703020823
870,2175.4308942575262,261.01957407533183,1,1,2,33.0,2141.447299364146,431.8813637796275,2175.430894257526,1.002834815625622,0.9715295365262099,1.0261214364105467,0.012090614468343842,141.2654675710461,113.49312504392736,27.772342527118724,33.983594893380086,1.5869451890537178,298.42407929146157,84.0900379513319,99.9569718079803,22.155491820039497
871,2279.3263772362184,319.6523848435431,1,1,2,33.0,2250.1335921464406,458.2584271821596,2279.326377236219,0.9994104101346456,0.9730816079908825,1.0158347886045282,0.011906431059314415,-20.557968532118764,-48.44615562531692,27.888187093198155,29.19278508977777,1.2973800840833756,258.6195445773081,87.71410751501679,64.65488614432702,22.719458081876542
872,2271.31192736368,231.40203410963497,13,7,20,32.0,2250.1335921464406,458.2584271821596,2271.3119273636803,1.0031562968284968,0.9787226512885273,1.0258304167516308,0.010813542025940584,36.75285986450899,18.57738459128072,18.175475273228272,21.178335217239237,0.9412034597037798,222.681214809404,76.19577991000386,58.48266841002982,20.084703556094077
873,2278.479397267879,303.4011453518817,1,1,2,33.0,2250.1335921464406,458.2584271821596,2278.479397267879,1.0010852088820814,0.9749089823447327,1.023044782702244,0.011135549830438761,-9.895908423377705,-34.416965504423274,24.52105708104557,28.34580512143839,1.2597387648614606,230.0740802356052,91.53887780745016,55.626933001583936,23.131937082257416
874,2278.8481497658618,301.6423036021296,1,1,2,32.0,2250.1335921464406,458.2584271821596,2278.8481497658613,1.0011449163181774,0.974596327868839,1.0230871721464445,0.011288644742266414,13.518825128057472,-10.71657213916481,24.235397267222282,28.714557619421157,1.2761267917443895,233.22307648520257,92.89462857006511,57.21560382247414,23.466914445751097
875,2276.8374133942343,252.38016985610207,1,1,2,32.0,2250.1335921464406,458.2584271821596,2276.8374133942343,1.0025639739199266,0.9764430084275764,1.0254688309825162,0.011199903446463594,16.87272376325791,-3.9413369448332958,20.814060708091205,26.703821247793712,1.1867660365143247,201.1855284779673,86.00273390167084,99.91420901662673,22.918994454664556
876,2280.667411452943,316.16226851727754,1,1,2,32.0,2250.1335921464406,458.2584271821596,2280.667411452943,1.0000244721421787,0.9741526422605087,1.0208422182574013,0.01157380431616689,12.746347997112423,-14.01323162433647,26.759579621448893,30.53381930650221,1.3569780662389685,235.8321381435805,93.55011806681104,54.057742408081666,23.499961372386384
877,2277.2392480243234,258.35236079659046,1,1,2,33.0,2250.1335921464406,458.2584271821596,2277.2392480243234,1.0026299000747076,0.9743689960463675,1.032577486528885,0.013261640192787685,72.54997130324188,49.918650280287295,22.63132102295458,27.105655877882782,1.2046242930859157,236.15990821347478,86.56935294365458,99.280620773713,22.938293309038645
878,2277.785880894127,282.37466410521296,1,1,2,33.0,2250.1335921464406,458.2584271821596,2277.785880894127,1.0023276988533547,0.9756192939219525,1.0342216276487612,0.012881776058027232,43.191090636386434,17.722240844384288,25.468849792002146,27.65228874768627,1.2289176448989538,230.25827140619958,90.8031696403541,60.76406043202851,23.031337971746037
879,2273.916249650556,256.03674227970504,0,0,0,32.0,2250.1335921464406,458.2584271821596,2273.916249650556,0.9990751770199493,0.9767954935187194,1.0205287912858576,0.01147429113996556,-66.19898414611816,-84.95834541320801,18.759361267089844,23.782657504115377,1.0569442448716433,235.07946177802012,84.51576739709121,57.70961840189729,21.830696875092865
880,2273.916249650556,256.03674227970504,0,0,0,32.0,2250.1335921464406,458.2584271821596,2273.916249650556,0.9990751770199493,0.9767954935187194,1.0205287912858576,0.01147429113996556,-66.19898414611816,-84.95834541320801,18.759361267089844,23.782657504115377,1.0569442448716433,235.07946177802012,84.51576739709121,57.70961840189729,21.830696875092865
881,2277.785880894127,282.37466410521296,1,1,2,33.0,2250.1335921464406,458.2584271821596,2277.785880894127,1.0023276988533547,0.9756192939219525,1.0342216276487612,0.012881776058027232,43.191090636386434,17.722240844384288,25.468849792002146,27.65228874768627,1.2289176448989538,230.25827140619958,90.8031696403541,60.76406043202851,23.031337971746037
882,2278.6492194612183,299.87004149456857,1,1,2,32.0,2250.1335921464406,458.2584271821596,2278.6492194612183,1.0012034485266945,0.975121255175659,1.0226205298375501,0.011360801371539019,54.794005497064234,31.232366907281857,23.561638589782376,28.515627314777703,1.2672859697888499,229.5029413202994,91.89665736385615,55.54330642182439,23.207430782543874
883,2272.630833493103,240.08228103715751,1,1,2,32.0,2250.1335921464406,458.2584271821596,2272.6308334931027,1.0031130440238851,0.978181811825194,1.0259632447805038,0.010807708794438133,21.324373259616294,1.769648725795605,19.55472453382069,22.497241346662577,0.9998180297020532,215.22892297064558,80.39361057243048,63.095928832893456,20.948176493983276
884,2274.468486619967,258.2418267841015,1,1,2,33.0,2250.1335921464406,458.2584271821596,2274.468486619967,1.002638340382582,0.9770438395466794,1.0258208047373747,0.010832075722859288,1.037058008627298,-20.932706928948278,21.969764937575576,24.33489447352622,1.081486652990801,215.47340578414978,83.29110762427548,92.23343894836003,21.89727887694898
885,2274.1522714387916,238.671497776748,1,1,2,33.0,2250.1335921464406,458.2584271821596,2274.1522714387916,1.0033959288580065,0.9782507682245981,1.0272059391834385,0.01096091379775485,-59.83305501093707,-79.93905019511874,20.105995184181666,24.018679292350953,1.067433479335737,205.20692634468924,82.65599276045613,90.87249432044499,21.79494285494631
886,2274.9831333630127,246.40052320684651,1,1,2,33.0,2250.1335921464406,458.2584271821596,2274.9831333630127,1.003095139154649,0.977365399905354,1.0260855532058926,0.011062267262428375,-43.195497347399254,-64.32187688536771,21.12637953796846,24.849541216572106,1.104358483571978,199.27706345605927,82.89659759915436,99.34301783944971,22.035172606546652
887,2274.973688479483,240.53411988113402,1,1,2,33.0,2250.1335921464406,458.2584271821596,2274.973688479483,1.0030178927551667,0.978264340532417,1.0253873441546735,0.011259503944838078,-5.905348792125665,-25.68620464130848,19.780855849182814,24.84009633304231,1.103938735892873,192.0072465228993,78.72859884339765,99.74209638949667,21.19881892021357
888,2276.9417726483484,282.5485392087293,1,1,2,33.0,2250.1335921464406,458.2584271821596,2276.9417726483484,1.0006297364926997,0.9749244193718464,1.0204773123739777,0.011667311001290858,8.646864805419227,-13.973051595226195,22.619916400645423,26.808180501907827,1.1914039502132427,234.27985227303907,87.06583698072997,69.15989634031922,22.052054164051793
889,2271.31192736368,231.40203410963497,13,7,20,32.0,2250.1335921464406,458.2584271821596,2271.3119273636803,1.0031562968284968,0.9787226512885273,1.0258304167516308,0.010813542025940584,36.75285986450899,18.57738459128072,18.175475273228272,21.178335217239237,0.9412034597037798,222.681214809404,76.19577991000386,58.48266841002982,20.084703556094077
890,2273.992814854637,234.39781865847436,1,1,2,33.0,2250.1335921464406,458.2584271821596,2273.9928148546364,1.0030045862673858,0.977838503650244,1.0264651978809898,0.01093589449530522,21.685201573522903,1.0254576299135465,20.659743943609357,23.859222708196285,1.0603469407981492,214.11209319002643,79.90165054124614,96.61291734223553,21.35674451275466
891,2330.9882504874863,271.19238595789767,1,1,2,32.0,2304.59424023816,469.9024709865846,2330.988250487486,1.001745125978869,0.9764860335567194,1.0232440999477397,0.010678747710033501,25.678533556816376,0.5898089896125498,25.088724567203826,26.39401024932613,1.1452779751197562,240.0296503003585,83.66556146674756,96.92766263468994,21.965266147224195
892,2326.31983587243,243.33651805412705,1,1,2,33.0,2304.59424023816,469.9024709865846,2326.31983587243,1.0023223077074312,0.9667605251711461,1.0257230669026605,0.012302512561699593,-14.27048040542698,-35.895858072149736,21.625377666722756,21.725595634269666,0.9427080591863543,193.46367569981965,76.3113185209258,61.175367035612396,20.26860590458882
893,2326.3538969499427,258.76556569245054,1,1,2,33.0,2304.59424023816,469.9024709865846,2326.3538969499427,1.002022812764822,0.97904854177632,1.0236480512919108,0.010503170339307446,139.87617947924093,120.10316052282013,19.7730189564208,21.759656711782554,0.9441860233727686,205.04526996188096,76.34106190399943,67.24683594787433,20.144017251861698
894,2330.303588742666,286.70486251267965,1,1,2,33.0,2304.59424023816,469.9024709865846,2330.3035887426654,0.9999828949186064,0.9759067108614206,1.0185437795967365,0.011319990797445292,19.10433146569153,-4.691353481041574,23.795684946733104,25.70934850450567,1.1155694158920066,238.69842489590224,83.27249782903226,87.50073949750737,21.64977786503358
895,2326.6201660041093,251.90233342848143,1,1,2,33.0,2304.59424023816,469.9024709865846,2326.6201660041093,1.002749756226855,0.9781366217791196,1.0242578800475428,0.01064841801914167,19.40697278053875,-0.899002400205319,20.30597518074407,22.02592576594907,0.9557398600316244,194.4736160957265,77.11246096944029,77.66380043020885,20.456422799065717
896,2326.4483414987167,255.44023090728172,1,1,2,33.0,2304.59424023816,469.9024709865846,2326.4483414987167,1.0021641288464116,0.979475179500904,1.0232690515003249,0.010823721799426192,8.023578604991599,-11.272404545315993,19.295983150307592,21.85410126055649,0.9482841221671219,216.00616459798192,75.07902449713261,69.596208993454,19.89618213289391
897,2329.3610881972454,265.50069313937206,1,1,2,33.0,2304.59424023816,469.9024709865846,2329.361088197245,1.0016493250755383,0.9780963939015881,1.0233172100643124,0.0104767864711773,13.429676693310824,-8.814467117688253,22.244143810999077,24.766847959085226,1.0746728220810697,211.49563444727605,81.39176831242708,93.48851549735673,21.61417874711619
898,2331.335566857292,309.7978706162115,1,1,2,32.0,2304.59424023816,469.9024709865846,2331.3355668572926,1.0001184687901006,0.9757844373809061,1.0206006769639793,0.01095870349443461,15.874400436747521,-8.551174424374125,24.425574861121646,26.741326619131996,1.1603485833744211,225.68447609503815,89.0107654941439,52.54950428652512,22.716449527095666
899,2325.7645328811423,246.27198853939032,11,7,18,32.0,2304.59424023816,469.9024709865846,2325.764532881142,1.0025033173812774,0.979633262867854,1.0238523262990311,0.010476420987521813,-15.424906702113049,-34.107424318051244,18.682517615938195,21.170292642982076,0.9186125814839452,210.56816223807772,73.87810598492034,69.01854155350097,19.65083358658337
900,2333.0199600728874,285.1265140950445,1,1,2,32.0,2304.59424023816,469.9024709865846,2333.0199600728874,1.0013342914040793,0.9757245405049101,1.0232532282648812,0.010582213874693212,-30.781424842972882,-57.93599325683053,27.154568413857646,28.42571983472726,1.2334370770530827,238.81178872578678,86.76128342366599,99.8160413452029,22.782625823575618
901,2329.3610881972454,265.50069313937206,1,1,2,33.0,2304.59424023816,469.9024709865846,2329.361088197245,1.0016493250755383,0.9780963939015881,1.0233172100643124,0.0104767864711773,13.429676693310824,-8.814467117688253,22.244143810999077,24.766847959085226,1.0746728220810697,211.49563444727605,81.39176831242708,93.48851549735673,21.61417874711619
902,2326.6201660041093,251.90233342848143,1,1,2,33.0,2304.59424023816,469.9024709865846,2326.6201660041093,1.002749756226855,0.9781366217791196,1.0242578800475428,0.01064841801914167,19.40697278053875,-0.899002400205319,20.30597518074407,22.02592576594907,0.9557398600316244,194.4736160957265,77.11246096944029,77.66380043020885,20.456422799065717
903,2330.0204279272452,285.62701323614493,1,1,2,33.0,2304.59424023816,469.9024709865846,2330.0204279272452,1.0006885638118692,0.9748039971213619,1.0187417705244546,0.01171780209256813,14.638353439402977,-12.330852680891354,26.96920612029433,25.426187689085054,1.1032826189159213,180.48783276318466,79.75759478109929,82.42999180748687,20.839054961931964
904,2328.4559547437084,281.3850800661429,1,1,2,33.0,2304.59424023816,469.9024709865846,2328.4559547437084,1.0012498113834385,0.9785892791802459,1.0224868699485283,0.010615553243293753,-39.33750850416553,-60.396284369201794,21.058775865036267,23.861714505548207,1.035397645664614,204.4544025256386,82.10631667808906,59.365609459986565,21.3244334890467
905,2326.4036482812103,258.9986564896562,1,1,2,33.0,2304.59424023816,469.9024709865846,2326.40364828121,1.0023450627152162,0.9789347219368065,1.0236415365953682,0.010741480171314837,31.35720131532034,12.363278369040984,18.993922946279355,21.809408043050098,0.946344812559988,211.51317567097846,75.95334188883805,69.19867589895266,20.08143581257028
906,2329.1405388655276,279.75280724564226,1,1,2,32.0,2304.59424023816,469.9024709865846,2329.1405388655276,1.0014614027952067,0.9779980304754595,1.0224544641673117,0.010749038730938505,12.235722565249489,-8.187976927648066,20.423699492897555,24.546298627367378,1.0651028367071995,220.21840646389163,83.388228491742,64.73844525321651,21.902943179488993
907,2326.813879295975,264.1616790794161,1,1,2,33.0,2304.59424023816,469.9024709865846,2326.813879295975,1.0019145038267052,0.9782034295011011,1.023210056480294,0.010548184153607412,19.501599299312403,-3.4731749492413826,22.974774248553786,22.219639057814675,0.9641453870646862,219.4862101526745,80.61613623175528,61.768874872698554,20.95439411465815
908,2334.1916847905877,347.40412180745426,1,1,2,33.0,2304.59424023816,469.9024709865846,2334.1916847905877,0.998192260555023,0.9703749995197345,1.0161363997701258,0.012107343634504462,-120.97237458442288,-148.91946252683326,27.947087942410377,29.597444552427532,1.2842800713312938,298.17983146261525,82.81655170311682,59.635966292523044,21.47277666401405
909,2326.4036482812103,258.9986564896562,1,1,2,33.0,2304.59424023816,469.9024709865846,2326.40364828121,1.0023450627152162,0.9789347219368065,1.0236415365953682,0.010741480171314837,31.35720131532034,12.363278369040984,18.993922946279355,21.809408043050098,0.946344812559988,211.51317567097846,75.95334188883805,69.19867589895266,20.08143581257028
910,2331.124324493557,326.84303118797203,1,1,2,33.0,2304.59424023816,469.9024709865846,2331.124324493557,1.0000691957368824,0.9748583613445801,1.0212177008582712,0.010884717158269667,73.03826712281784,48.02601860943179,25.012248513386055,26.530084255397014,1.151182442105529,249.44911182979587,88.7349156048077,52.86478401448987,22.642264972929325
911,2332.025721750981,249.08353412055536,7,7,14,32.0,2309.6643387665304,471.6461278082538,2332.025721750981,1.001741953948586,0.9768819825977288,1.0217680744899198,0.01097520792233444,-0.46624602545776384,-19.387080811523816,18.920834786066052,22.361382984450756,0.9681659195722262,242.896752076869,74.72142875945812,66.60513354184306,19.90567544389949
912,2337.333014997902,311.4190051702928,1,1,2,33.0,2309.6643387665304,471.6461278082538,2337.3330149979015,0.9988134515290548,0.9720545205197896,1.0182911963746086,0.012547474943817399,9.235737336312837,-13.394127845136865,22.629865181449702,27.66867623137159,1.1979522637539604,243.5564446643885,85.21011636378208,58.71360141049833,21.757572662847988
913,2336.5691898111104,299.05084148804895,1,1,2,33.0,2309.6643387665304,471.6461278082538,2336.5691898111104,1.0003929046547027,0.9753610270712554,1.019838734158466,0.011179449783190331,26.338699383420305,4.878871504678557,21.45982787874175,26.904851044580028,1.1648814328989678,248.50603855645562,85.08351668338923,54.78159785047948,22.004550696011258
914,2338.2422221724846,278.1756312399614,1,1,2,32.0,2309.6643387665304,471.6461278082538,2338.242222172485,1.0008076408815956,0.9726664559208332,1.0210423185799826,0.011306609893262116,11.87060018304976,-13.702651026659254,25.573251209709014,28.577883405954253,1.2373176017956007,235.6338353588546,85.84561747054887,99.91255701513627,22.604814402349838
915,2332.322784215939,252.67543409218564,11,7,18,32.0,2309.6643387665304,471.6461278082538,2332.322784215939,1.0016787385186985,0.976701883391775,1.0216305290116385,0.011015010853886977,135.63910640462763,116.47138626716833,19.1677201374593,22.658445449408646,0.9810276354489381,243.67574406334018,75.08121601038766,66.82334271112308,19.955821682873033
916,2337.0525689723586,275.80837575713497,1,1,2,33.0,2309.6643387665304,471.6461278082538,2337.052568972358,0.9985648185823189,0.9552278056192824,1.0179531522590834,0.014615048236419457,-53.44715491663578,-73.78247099568868,20.3353160790529,27.388230205828222,1.185809978797821,231.80937737391133,79.1194337781446,99.9507882379245,21.542504256276008
917,2336.9523055475493,295.05856821640043,1,1,2,33.0,2309.6643387665304,471.6461278082538,2336.9523055475493,1.000390726654737,0.9739948411509936,1.0197282839615534,0.011316738742370408,10.180364656966589,-13.865141238152518,24.045505895119106,27.287966781018895,1.181468940010216,209.7139775404413,84.42086023453535,75.8578961499779,21.875646613188874
918,2336.9544682313076,307.61566686792844,1,1,2,33.0,2309.6643387665304,471.6461278082538,2336.9544682313076,0.9999686486928945,0.9742811913615195,1.019669486264008,0.011186318381569957,34.38995653525424,11.923092341775941,22.4668641934783,27.290129464777237,1.181562576289828,236.29843027226428,85.86302615142297,54.22589934190211,22.158924795240846
919,2336.948949631383,328.5111886670168,1,1,2,33.0,2309.6643387665304,471.6461278082538,2336.948949631383,0.9994187154142434,0.9731506751068827,1.0192207329749134,0.011263166020909,-18.709533220632693,-42.782564699749,24.07303147911631,27.284610864852766,1.1813236411410342,220.51666979820627,87.33869933119888,59.34619928930015,22.489520050046657
920,2336.9544527798553,307.7098607655173,1,1,2,33.0,2309.6643387665304,471.6461278082538,2336.9544527798553,0.9999661855982375,0.9742755586170644,1.0196655056899073,0.011187427625266158,33.57641204773239,11.109051008046038,22.467361039686352,27.29011401332491,1.1815619072985781,236.34839017462562,85.82191471545406,54.22717866196257,22.15081225100314
921,2337.0611102210346,279.27561611292765,1,1,2,33.0,2309.6643387665304,471.6461278082538,2337.0611102210346,0.9993689759300196,0.9734173553649077,1.0166535003833976,0.011948570889463266,-142.85983272385783,-164.71312790131196,21.85329517745413,27.396771454504233,1.186179783558307,324.1861228659201,73.41663093001897,77.66144975004556,19.660085285191627
922,2331.842233799598,247.7828113845103,11,6,17,32.0,2309.6643387665304,471.6461278082538,2331.842233799598,1.0018746917212518,0.9770704369826748,1.0218191198989328,0.010994319010281467,9.354992813695503,-9.330339874286352,18.685332687981855,22.17789503306767,0.9602215638360556,242.60572217595077,74.33729258446252,66.54762854226274,19.83033712759834
923,2337.018385256301,308.7978484065226,1,1,2,33.0,2309.6643387665304,471.6461278082538,2337.018385256301,0.9975873048890204,0.973010803952318,1.0140698627665103,0.012373203993215419,14.282037122717497,-8.07381822461221,22.355855347329708,27.354046489770553,1.1843299491898855,275.0132187587782,83.40152827945529,88.17969018199399,21.56068153465489
924,2332.322784215939,252.67543409218564,11,7,18,32.0,2309.6643387665304,471.6461278082538,2332.322784215939,1.0016787385186985,0.976701883391775,1.0216305290116385,0.011015010853886977,135.63910640462763,116.47138626716833,19.1677201374593,22.658445449408646,0.9810276354489381,243.67574406334018,75.08121601038766,66.82334271112308,19.955821682873033
925,2331.7763693362003,246.04202825670512,13,7,20,32.0,2309.6643387665304,471.6461278082538,2331.7763693362003,1.0008213422004009,0.9762659060754043,1.0211074503718196,0.010840676751328313,11.541110034094828,-8.04221289329837,19.583322927393198,22.11203056966997,0.95736987399125,232.61463046706282,75.04826103210561,69.4992792706775,19.94151929797864
926,2331.7763693362003,246.04202825670512,13,7,20,32.0,2309.6643387665304,471.6461278082538,2331.7763693362003,1.0008213422004009,0.9762659060754043,1.0211074503718196,0.010840676751328313,11.541110034094828,-8.04221289329837,19.583322927393198,22.11203056966997,0.95736987399125,232.61463046706282,75.04826103210561,69.4992792706775,19.94151929797864
927,2336.9568658643357,305.68238098896376,1,1,2,33.0,2309.6643387665304,471.6461278082538,2336.9568658643357,0.9998741722027696,0.9749931134792286,1.0195796546620053,0.011222708115315196,-57.91550643591029,-79.39265105748814,21.47714462157785,27.292527097805305,1.1816663850116333,244.4201059296521,83.37875331914088,54.262085068710874,21.651317583261527
928,2331.919245082143,253.996953184453,13,7,20,32.0,2309.6643387665304,471.6461278082538,2331.919245082143,1.001385602264935,0.9766181697180746,1.021276034294527,0.011022850908548142,-13.60899308106491,-32.89640534844969,19.28741226738478,22.254906315612516,0.9635558700922613,244.90225475358275,75.67032786768456,55.839575260074234,20.094240444497235
929,2331.919245082143,253.996953184453,13,7,20,32.0,2309.6643387665304,471.6461278082538,2331.919245082143,1.001385602264935,0.9766181697180746,1.021276034294527,0.011022850908548142,-13.60899308106491,-32.89640534844969,19.28741226738478,22.254906315612516,0.9635558700922613,244.90225475358275,75.67032786768456,55.839575260074234,20.094240444497235
930,2336.709298624805,283.76361342368716,1,1,2,33.0,2309.6643387665304,471.6461278082538,2336.7092986248044,1.000595445935723,0.9759076176515379,1.019876816565653,0.011468429490087115,-150.50435843440653,-171.03754492779245,20.533186493385926,27.044959858274524,1.1709476309755817,235.00272685407904,81.96571978947924,80.06181277295072,21.466145799936253
931,2363.3378732487913,309.75900229698726,1,1,2,33.0,2337.2482932494104,476.61149843258704,2363.3378732487918,1.00085978716713,0.9728835193745901,1.0227867071008163,0.011099531739929128,17.821516414169793,-8.389610008065404,26.211126422235196,26.08957999938093,1.1162519649595861,204.52842254791136,83.75555516325369,80.57628407273351,21.663121813962253
932,2364.2597287742096,317.52284786725147,1,1,2,33.0,2337.2482932494104,476.61149843258704,2364.2597287742096,0.9999210198370455,0.9713203426845706,1.0210951609569119,0.011457298879145124,17.52754729441196,-6.525711911846429,24.05325920625839,27.011435524799253,1.1556938816819506,212.39465806354315,87.48870434505916,54.9516887158446,22.381553380721098
933,2357.886737452392,244.04046074615385,11,7,18,32.0,2337.2482932494104,476.61149843258704,2357.8867374523916,1.002268779765294,0.9756697760631111,1.0241549396058445,0.011027656599951073,15.45759009980054,-3.044427511038009,18.50201761083855,20.638444202981646,0.8830231799758252,213.2227310185439,72.88528429004303,72.02372516284427,19.353737793632558
934,2361.600933176316,295.54497457956296,1,1,2,33.0,2337.2482932494104,476.61149843258704,2361.600933176316,1.001222895421891,0.9735993715165309,1.022984274007212,0.011234497034944441,9.36103986645145,-15.965441955763396,25.326481822214845,24.352639926905795,1.0419363658214083,198.6461437910696,80.11558506280187,61.880554078539575,20.860271089777115
935,2361.5960953246076,271.85825860771695,1,1,2,33.0,2337.2482932494104,476.61149843258704,2361.596095324607,1.0021445680819074,0.9738934092399077,1.0333887032455609,0.012697831201371532,72.43719314659643,49.72470668447221,22.712486462124218,24.34780207519725,1.0417293766143771,196.82661460003027,82.9031584917693,63.12096866870834,21.447612820511296
936,2363.2184021300777,307.0845474721442,1,1,2,33.0,2337.2482932494104,476.61149843258704,2363.2184021300777,1.0002880451161589,0.9726995402256267,1.0214857350167932,0.011241492103451729,44.33165908258064,21.778319827291654,22.55333925528899,25.97010888066734,1.1111403506283806,206.58362765381167,84.78651600635874,76.60482975149462,21.811035260076054
937,2358.3309126656486,248.75570451316705,11,7,18,32.0,2337.2482932494104,476.61149843258704,2358.3309126656486,1.002141408645831,0.9753217493946198,1.0239088500774691,0.011089881487208473,10.878702898268529,-7.900316935561193,18.77901983382972,21.08261941623823,0.9020273745468291,214.13291625364556,73.76668210459295,72.35395840014476,19.618779156952986
938,2362.6811876940014,291.9264683301886,1,1,2,33.0,2337.2482932494104,476.61149843258704,2362.6811876940014,1.0008839866159607,0.9725455388688933,1.022449977388938,0.011619746672908875,13.018565305711121,-10.895941789285814,23.914507094996935,25.432894444591057,1.0881554397985,196.99941919362377,83.76784523133904,70.5238918140428,21.599052357601952
939,2362.174341730341,281.9568261882655,1,1,2,33.0,2337.2482932494104,476.61149843258704,2362.1743417303405,0.9999964777991138,0.9709106671923223,1.019583976918023,0.011827470810388903,13.031733785593474,-9.177901105869324,22.209634891462798,24.926048480930604,1.0664698548683769,292.6654246866124,71.89396895645878,81.37175389013767,19.093559369047213
940,2357.886740814087,244.0406036422247,11,7,18,32.0,2337.2482932494104,476.61149843258704,2357.8867408140864,1.0022687629227727,0.9756697996966811,1.0241549167365724,0.011027642773106113,5.9092920286077515,-12.592705990814892,18.501998019422643,20.638447564676426,0.8830233238071328,213.22340770249687,72.88534774260792,72.02361634276984,19.35367437286517
941,2360.884779310706,281.81607652054123,1,1,2,33.0,2337.2482932494104,476.61149843258704,2360.884779310706,0.9998123612280958,0.9696245311673877,1.022862791852062,0.014271555084037716,8.607531646479913,-12.0362942618805,20.643825908360412,23.636486061295727,1.0112954678184656,193.0506322998896,80.08880481927939,79.34411137705511,20.726305357759543
942,2363.2184021300777,307.0845474721442,1,1,2,33.0,2337.2482932494104,476.61149843258704,2363.2184021300777,1.0002880451161589,0.9726995402256267,1.0214857350167932,0.011241492103451729,44.33165908258064,21.778319827291654,22.55333925528899,25.97010888066734,1.1111403506283806,206.58362765381167,84.78651600635874,76.60482975149462,21.811035260076054
943,2364.7196564863307,302.42115789815716,1,1,2,33.0,2337.2482932494104,476.61149843258704,2364.7196564863307,0.9978683378334364,0.973303307918032,1.0134316723353327,0.012316752472896169,0.3538280542902328,-20.365967176064316,20.71979523035455,27.471363236920297,1.1753720525228253,295.99223238109516,78.53624467566802,85.6379805400255,20.57512763695404
944,2357.967526494472,244.6367260470152,11,7,18,32.0,2337.2482932494104,476.61149843258704,2357.967526494472,1.00256298610154,0.9757229246989828,1.0244226035216106,0.0111256596141611,10.7632813031654,-7.789966502546349,18.55324780571175,20.719233245061787,0.8864797678922003,213.40842839042614,73.03965039534387,72.01504467962371,19.39179915570802
945,2357.967526494472,244.6367260470152,11,7,18,32.0,2337.2482932494104,476.61149843258704,2357.967526494472,1.00256298610154,0.9757229246989828,1.0244226035216106,0.0111256596141611,10.7632813031654,-7.789966502546349,18.55324780571175,20.719233245061787,0.8864797678922003,213.40842839042614,73.03965039534387,72.01504467962371,19.39179915570802
946,2363.677513345983,298.9905123214198,3,1,4,32.0,2337.2482932494104,476.61149843258704,2363.677513345983,1.000411077592766,0.9699770564800854,1.0230617162489595,0.011508801641637806,23.626443364526068,-4.245356353677778,27.871799718203846,26.429220096572408,1.1307835873880823,241.48408679383886,87.24191096171052,55.64631494872605,22.155236812460846
947,2364.197202913336,293.89962972122106,1,1,2,33.0,2337.2482932494104,476.61149843258704,2364.197202913336,1.000589727944417,0.9718794497789601,1.0223361277009606,0.011474400584884165,15.955596282815122,-7.798572852471381,23.754169135286503,26.948909663925406,1.1530186904729363,217.43780304433966,84.8502984554211,90.71065961471643,21.992438208547558
948,2359.8123649285944,257.42599534934953,11,7,18,32.0,2337.2482932494104,476.61149843258704,2359.8123649285944,1.0015066668538248,0.975223696796514,1.0235271611346106,0.011001244050902125,41.79748257965295,23.319635705104275,18.477846874548675,22.564071679184053,0.965411836832015,220.52085768946324,79.58137980059767,73.35308907896362,20.676137434290602
949,2366.106903513935,285.0690664761049,1,1,2,33.0,2340.0256162158453,476.7959253028173,2366.1069035139353,1.0010291722265205,0.9748993226727151,1.0223689659344832,0.011031479905089956,17.80116593964894,-3.8321191579374556,21.633285097586395,26.081287298089592,1.114572725928819,212.23784704742963,82.89724670874458,71.929851164269,21.568307103812828
950,2367.9302870952024,314.99796706207275,1,1,2,33.0,2340.0256162158453,476.7959253028173,2367.930287095203,1.000263260374859,0.9745175035876966,1.0209199542298293,0.011027645749331542,13.328906451381272,-8.564227091245812,21.893133542627083,27.904670879357127,1.1924942481819047,228.48003776242572,89.16827006222114,57.324839754613585,22.842155064103952
951,2361.0445676394925,237.45508081092368,10,1,11,32.0,2340.0256162158453,476.7959253028173,2361.0445676394925,1.0027397276724506,0.9780752993195202,1.0242557334972362,0.010710727794740355,-149.51940676845928,-166.44017914586675,16.920772377407474,21.018951423647195,0.898235954255827,240.6476590212173,74.88783326413763,71.17324934294341,19.97000213508436
952,2367.8026357704885,305.2679892210403,1,1,2,32.0,2340.0256162158453,476.7959253028173,2367.8026357704885,1.0005682063586956,0.9745159997204857,1.021280434181831,0.01094741596361072,21.261741029591093,-0.9469409502397355,22.20868197983083,27.777019554643175,1.1870391230828734,224.3977022906211,91.14554238948907,57.691504807827656,23.233248976476002
953,2361.012610752396,237.1194482207504,11,7,18,32.0,2340.0256162158453,476.7959253028173,2361.012610752396,1.0030630164319227,0.9781839322575525,1.0245693285286133,0.01078779251751952,7.152548130337436,-9.798491503282605,16.95103963362004,20.98699453655081,0.8968702902701454,240.52063942250322,74.83425333690137,71.15185758748167,19.968292645828146
954,2368.459419207042,300.12333519478454,1,1,2,32.0,2340.0256162158453,476.7959253028173,2368.459419207042,1.0007555900286587,0.9736970852052146,1.0217703415134125,0.011205250480028968,14.569446908720181,-8.630684442582321,23.200131351302502,28.4338029911969,1.2151064840554355,227.7374064088587,90.71361824713762,71.9066815102214,23.21174973784108
955,2365.085692614021,288.8842037735218,1,1,2,33.0,2340.0256162158453,476.7959253028173,2365.085692614021,1.0014815053893589,0.9757207288863258,1.0224838946960741,0.011098912755513064,11.914853592152156,-8.165099154023437,20.079952746175593,25.060076398175624,1.0709317122220798,231.63158764796538,87.09835639281751,56.4254038631707,22.373257174377933
956,2362.5349964611414,241.9125377099161,0,0,0,32.0,2340.0256162158453,476.7959253028173,2362.534996461141,0.9989260679483988,0.9764317676577027,1.0191936942635362,0.011387860548152457,14.826466226094368,-3.1675398491619546,17.994006075256323,22.509380245296143,0.9619287963905718,225.6122249780853,77.1756210228453,87.51753907385327,20.530439684022774
957,2368.8005517644915,287.70010820275337,1,1,2,33.0,2340.0256162158453,476.7959253028173,2368.8005517644915,1.000401120978917,0.9801990986846202,1.0199399778835632,0.010813362617313943,17.2612690481603,-3.7184159702600255,20.979685018420327,28.774935548646226,1.2296846388878169,299.2798035170888,81.20398915693129,86.77629151905468,21.74709700642394
958,2370.0541922162383,333.8234680604669,1,1,2,33.0,2340.0256162158453,476.7959253028173,2370.054192216238,1.000506416557496,0.9751862016189872,1.0215048041937427,0.010820156711954448,21.712189808686702,-7.4227846510524955,29.134974459739198,30.02857600039306,1.2832584306898975,219.6276085914592,86.75357536790236,58.125126854201135,22.364090640868387
959,2367.998600550748,287.94261554755167,1,1,2,32.0,2340.0256162158453,476.7959253028173,2367.998600550748,1.0011706593124796,0.9735414121646686,1.0222267168116979,0.011348532613190363,12.26085570839777,-10.273310024073453,22.534165732471223,27.972984334902776,1.1954135946656463,245.29365257098624,89.25927382489972,83.2321118662351,22.926178849979635
960,2360.99898917506,237.51395882929248,1,1,2,32.0,2340.0256162158453,476.7959253028173,2360.9989891750597,1.002735423136365,0.9780452037928876,1.0242599225783018,0.0106983227853593,11.02894793700699,-6.115005054831585,17.143952991838574,20.973372959214885,0.8962881779530182,239.79597936081643,75.18634094540171,70.44472415598678,20.03023164148562
961,2369.4039681815866,316.19742481920184,1,1,2,33.0,2340.0256162158453,476.7959253028173,2369.4039681815866,1.0006031357103768,0.9732895967815334,1.0267862953213318,0.01262671275741797,18.529602257204175,-6.785952403436141,25.315554660640316,29.37835196574133,1.255471382969316,230.44132720698283,91.20629005627043,60.748180263004905,23.245735283722937
962,2360.9143798974446,236.4589336569344,11,7,18,32.0,2340.0256162158453,476.7959253028173,2360.914379897444,1.002768817174295,0.9781173965373002,1.0242848529777444,0.010702692755932894,16.845763363718078,-0.057226313584891386,16.90298967730297,20.888763681599357,0.8926724364402242,240.18391433155637,74.66743012157103,71.14919164187015,19.925248406148405
963,2362.613165477561,249.83160670989,12,1,13,32.0,2340.0256162158453,476.7959253028173,2362.613165477561,1.0006560122421715,0.9774385247286238,1.0234544277658872,0.010003557082841251,14.336504008927164,-2.1403230485511813,16.476827057478346,22.587549261715594,0.9652693160788076,252.01616498553955,80.01775775682214,73.08199755400354,20.995097939188387
964,2366.190923957072,291.92737394834603,1,1,2,33.0,2340.0256162158453,476.7959253028173,2366.1909239570714,1.001135521181341,0.9751886262767934,1.0221455310323562,0.011212242110950468,13.01750222215756,-9.465663881303925,22.483166103461485,26.16530774122657,1.1181633038504766,233.8798127290582,85.68659721923795,66.08285636282802,22.132160644926586
965,2367.8026357704885,305.2679892210403,1,1,2,32.0,2340.0256162158453,476.7959253028173,2367.8026357704885,1.0005682063586956,0.9745159997204857,1.021280434181831,0.01094741596361072,21.261741029591093,-0.9469409502397355,22.20868197983083,27.777019554643175,1.1870391230828734,224.3977022906211,91.14554238948907,57.691504807827656,23.233248976476002
966,2360.9143798974446,236.4589336569344,11,7,18,32.0,2340.0256162158453,476.7959253028173,2360.914379897444,1.002768817174295,0.9781173965373002,1.0242848529777444,0.010702692755932894,16.845763363718078,-0.057226313584891386,16.90298967730297,20.888763681599357,0.8926724364402242,240.18391433155637,74.66743012157103,71.14919164187015,19.925248406148405
967,2369.395237817556,293.6675962867838,1,1,2,33.0,2340.0256162158453,476.7959253028173,2369.395237817556,1.0012183340666458,0.9756498569425168,1.030217306795887,0.012656428682569132,12.434483817693064,-12.490081877658497,24.92456569535156,29.369621601710605,1.2550982945736067,202.21395877769868,90.40815573855193,81.87428517543451,23.666368069913524
968,2374.9572890878344,257.56324543991377,13,7,20,32.0,2353.4000023767603,476.40529259660946,2374.957289087835,1.0011630581263955,0.9776206978838404,1.0225560991560283,0.011044715340539996,13.496440965880367,-5.543860492912671,19.04030145879304,21.557286711074084,0.9160060631130627,223.0611661582353,75.88623306988075,54.38525323269143,20.070728854153938
969,2377.0006977638623,261.1477393284589,10,7,17,32.0,2353.4000023767603,476.40529259660946,2377.000697763862,1.001129475327974,0.9773052554677898,1.022754923762465,0.011153600855001522,-120.17065005690601,-138.3222877081332,18.151637651227176,23.60069538710195,1.0028340003087868,226.78079605903716,79.36395890023002,73.7394436042219,20.74639264276151
970,2374.7841918293525,248.7283831102337,11,7,18,32.0,2353.4000023767603,476.40529259660946,2374.784191829353,1.0016375051228927,0.9781354179910681,1.0232519105096616,0.010989237779996412,15.273412611794527,-3.255709647976005,18.52912225977053,21.38418945259218,0.9086508638988582,219.8433444139189,74.17313203311645,69.3243145116808,19.72421406630919
971,2374.7435904442536,248.41295552950132,11,6,17,32.0,2353.4000023767603,476.40529259660946,2374.7435904442536,1.0017191744255542,0.9781978078086756,1.023270203726899,0.011024303269921196,6.799599047049128,-11.518793402287145,18.318392449336272,21.34358806749333,0.9069256414522767,219.91975659766422,74.00156067599964,69.34411030738005,19.690425552539804
972,2380.3986199096034,301.35880342649034,1,1,2,33.0,2353.4000023767603,476.40529259660946,2380.3986199096034,1.0004462100731255,0.9765489847361941,1.0219693159714291,0.011052996301790081,17.780656485965608,-6.188415195911574,23.969071681877182,26.998617532843127,1.1472175365673714,194.2112109677513,84.92147346326223,89.11177733302095,22.079189195965036
973,2374.8532149363873,249.24049100024794,11,7,18,32.0,2353.4000023767603,476.40529259660946,2374.8532149363873,1.0019193090922778,0.9781986003114053,1.0235106464335832,0.011064751429860674,54.28001995140113,35.70183262817389,18.57818732322724,21.45321255962699,0.9115837740273999,220.04758492260459,74.31450207746792,69.34510004835968,19.76006358972564
974,2380.4048946306425,298.31174662460376,1,1,2,32.0,2353.4000023767603,476.40529259660946,2380.404894630643,1.0000354723956892,0.9760051454262726,1.0208627959294763,0.011204280995977626,8.598213377354654,-12.817510510152488,21.41572388750714,27.00489225388219,1.14748416021965,215.77288823110163,87.45611182865328,59.73496594839956,22.433031489204865
975,2380.4048946306425,298.31174662460376,1,1,2,32.0,2353.4000023767603,476.40529259660946,2380.404894630643,1.0000354723956892,0.9760051454262726,1.0208627959294763,0.011204280995977626,8.598213377354654,-12.817510510152488,21.41572388750714,27.00489225388219,1.14748416021965,215.77288823110163,87.45611182865328,59.73496594839956,22.433031489204865
976,2381.2250440960215,313.3553928042263,1,1,2,33.0,2353.4000023767603,476.40529259660946,2381.2250440960215,0.9995517383604148,0.9758498134934882,1.020358720166907,0.011303268561531438,24.586958780136257,3.045193500044519,21.541765280091738,27.825041719261208,1.1823337167995227,214.73661434549953,84.9642530882525,54.721964179134716,21.912210804546078
977,2374.9589892162544,257.57821099131604,13,7,20,32.0,2353.4000023767603,476.40529259660946,2374.958989216255,1.0011624516520656,0.9776197362365177,1.0225554658282394,0.011044680510353375,11.305417506477994,-7.737928061039014,19.043345567517008,21.558986839494082,0.9160783044837723,223.05658778847786,75.89457876375923,54.380691858298526,20.072419962772333
978,2380.5760939635998,294.3264444465547,1,1,2,33.0,2353.4000023767603,476.40529259660946,2380.5760939635998,0.9999064776138767,0.9763539342716453,1.0212543754618246,0.011116239482855813,13.403691417982259,-7.974938850690222,21.37863026867248,27.176091586839448,1.1547587133251296,263.9319065479215,83.07147164942049,73.96178424140409,21.47000833492041
979,2374.7367563275716,247.0319749806347,13,7,20,32.0,2353.4000023767603,476.40529259660946,2374.736756327571,1.0006080738378973,0.9773067693008903,1.0225176547516825,0.01089488113690702,-2.001659230729416,-21.27575044159613,19.274091210866715,21.33675395081127,0.9066352481202823,209.46645296625496,74.91776201545503,72.57680497543164,19.841715817906703
980,2374.750761740322,248.47771991643776,11,1,12,32.0,2353.4000023767603,476.40529259660946,2374.750761740322,1.0017167321657379,0.978193096185101,1.0232677707045856,0.011024252263087519,8.80466678486303,-9.528738018194645,18.333404803057675,21.350759363561792,0.9072303621143495,219.88263780619312,74.03678865028303,69.32756038653814,19.697581184401358
981,2380.98081601909,310.99817290006865,1,1,2,33.0,2353.4000023767603,476.40529259660946,2380.9808160190896,0.9990884515486295,0.9726042096780697,1.0155572133786437,0.013113859523299553,15.684224060481341,-10.03948966896698,25.72371372944832,27.58081364232976,1.1719560471859936,223.06413277863496,84.23216763237184,59.02585913570273,21.76814035027317
982,2377.1100859818416,273.54014138703116,1,1,2,33.0,2353.4000023767603,476.40529259660946,2377.1100859818416,0.9995802261843755,0.9724667435964897,1.0245662115867762,0.01476215689979284,11.63463690380749,-8.572266009895174,20.206902913702663,23.71008360508131,1.0074820931901025,174.80682342201,78.27857134683119,69.92689372148165,20.30076038658161
983,2374.7841775013003,248.72823180171017,11,7,18,32.0,2353.4000023767603,476.40529259660946,2374.7841775013003,1.0016375080551267,0.9781354155495441,1.023251916051022,0.01098923847671637,26.494307397423142,7.9651907662057795,18.529116631217363,21.38417512453998,0.9086502550753608,219.84325216773078,74.17325342665477,69.32440288531976,19.724238291050685
984,2380.673999537132,290.28453063806836,1,1,2,33.0,2353.4000023767603,476.40529259660946,2380.673999537132,0.9980636483512315,0.9748475204595235,1.0151655153160415,0.012551155526438991,5.276067475225489,-15.681926347423541,20.95799382264903,27.27399716037189,1.158918888961807,257.3704534496495,78.33078994175081,78.41376918289502,20.44522057440987
985,2378.80873309401,272.3194337773822,1,1,2,33.0,2353.4000023767603,476.40529259660946,2378.80873309401,1.0008646025430887,0.977773951986579,1.021831556633825,0.011365465638626806,12.079671952230996,-6.8306654206213295,18.910337372852325,25.40873071724991,1.079660520591016,218.99340131144686,81.10595788146041,90.33878180777005,21.32215550382161
986,2374.9233609850794,249.62826633218305,10,7,17,32.0,2353.4000023767603,476.40529259660946,2374.9233609850794,1.001589657500902,0.978017831612953,1.02321433073219,0.011005028998118964,11.779789611510495,-6.7613102531366565,18.54109986464715,21.523358608319086,0.9145643998717635,220.21751681938238,74.3694049254142,69.39742392248512,19.762705450739936
987,2380.4048946306425,298.31174662460376,1,1,2,32.0,2353.4000023767603,476.40529259660946,2380.404894630643,1.0000354723956892,0.9760051454262726,1.0208627959294763,0.011204280995977626,8.598213377354654,-12.817510510152488,21.41572388750714,27.00489225388219,1.14748416021965,215.77288823110163,87.45611182865328,59.73496594839956,22.433031489204865
988,2359.2411729383125,288.1694680327172,1,1,2,33.0,2334.5819799754236,476.2507104033455,2359.2411729383125,1.0009189497345716,0.9752573484552511,1.0232962607808482,0.011230896842727447,9.695097401280577,-11.866202866179123,21.5613002674597,24.659192962888937,1.0562573160591486,227.4160755314881,84.03499467132856,66.13237635975526,21.809462937872684
989,2355.4622799114445,251.93804509069727,11,7,18,32.0,2334.5819799754236,476.2507104033455,2355.4622799114445,1.0021535805602853,0.9760301024033106,1.0254136646613339,0.011023050224784382,13.258156275086407,-5.850970887148179,19.109127162234586,20.880299936020947,0.8943913777763656,231.1591834122148,75.49971536283459,68.1732316596517,20.01706319842317
990,2359.0268707461623,295.40822869057666,1,1,2,33.0,2334.5819799754236,476.2507104033455,2359.026870746162,1.000032258997534,0.9734319722673191,1.0182205684945234,0.01134613596989804,25.527938875222247,-0.2214849213019363,25.749423796524184,24.444890770738766,1.047077848643212,232.69288485191376,78.3857305972425,59.04610196345078,20.867682739617713
991,2364.455184365309,349.1781419091916,1,1,2,33.0,2334.5819799754236,476.2507104033455,2364.455184365309,0.9978970579360911,0.9699993707248995,1.0174903152562416,0.012306167206780932,15.46521065297327,-10.345534026633146,25.810744679606415,29.87320438988536,1.2795954327635064,236.73818571149664,93.66398949711892,53.78041100620329,23.88797700701187
992,2357.084243140558,259.91337671124853,12,1,13,32.0,2334.5819799754236,476.2507104033455,2357.084243140558,1.0001060015068886,0.9755361766886784,1.0247510741281107,0.010369813846730086,9.134722996841418,-9.102496171243843,18.23721916808526,22.502263165134536,0.9638669088575514,245.0125602630992,80.60656024275072,70.37309193798818,21.035558377236615
993,2361.107224076971,314.4989730618725,1,1,2,33.0,2334.5819799754236,476.2507104033455,2361.107224076971,1.0001668902788112,0.9728685522554394,1.0226643088681617,0.011218476657736383,27.61804856778096,3.9935092708292643,23.624539296951696,26.525244101547287,1.1361881625517611,216.13809512820325,88.0247939011693,52.3591863809158,22.573455043371865
994,2355.099097859673,247.807272391305,11,7,18,32.0,2334.5819799754236,476.2507104033455,2355.099097859673,1.002555810766648,0.9763813979943892,1.0259136391843693,0.011056282273794914,13.60352266595379,-5.2777192982467795,18.88124196420057,20.517117884249274,0.8788347575811092,230.26555114402933,75.06094742255803,67.87517546905379,19.95933529127191
995,2358.9633287819524,284.22370741458747,1,1,2,33.0,2334.5819799754236,476.2507104033455,2358.963328781952,1.001211907104557,0.975259610327195,1.024097161736379,0.011236603881451519,-46.017491924354346,-65.91371711615035,19.896225191796006,24.381348806528877,1.0443560781183423,232.34051493836327,83.39399853994783,77.33334344240454,21.723004083978324
996,2359.0249970456507,276.57744207072693,1,1,2,33.0,2334.5819799754236,476.2507104033455,2359.0249970456507,1.0012207786664609,0.9733226848830915,1.0253617305208715,0.011340522253545354,7.917168152323512,-15.661477470960108,23.57864562328362,24.443017070227143,1.0469975901417887,232.71979332887804,84.40795090764666,79.27683697418739,21.90436952455143
997,2360.6515041778607,302.74646781505965,1,1,2,33.0,2334.5819799754236,476.2507104033455,2360.651504177861,0.9984261388987284,0.9583566451702006,1.0212515221548308,0.01429733382934545,30.381451768292095,7.700923630665983,22.680528137626112,26.06952420243715,1.1166677557714888,227.95927065195994,84.80905975515488,68.92914123041959,22.090605057051338
998,2355.1626611482343,248.1343743150159,10,7,17,32.0,2334.5819799754236,476.2507104033455,2355.162661148234,1.0022394988016374,0.9762392977533324,1.0256291618474493,0.01099571717702558,8.719466623454537,-10.119934023387088,18.839400646841625,20.580681172810728,0.8815574415179621,230.53486327957597,75.14154353951116,67.94983441740314,19.967200554363806
999,2354.986247017133,246.95149255022946,11,6,17,32.0,2334.5819799754236,476.2507104033455,2354.986247017133,1.0023518081604046,0.9763740905707039,1.0256738071887725,0.011012770641120356,13.548846718077584,-5.050253582129528,18.599100300207112,20.404267041709318,0.8740008796745752,230.14601425549105,74.7776338870221,67.89458684191382,19.895557459541635
1000,2358.9633287819524,284.22370741458747,1,1,2,33.0,2334.5819799754236,476.2507104033455,2358.963328781952,1.001211907104557,0.975259610327195,1.024097161736379,0.011236603881451519,-46.017491924354346,-65.91371711615035,19.896225191796006,24.381348806528877,1.0443560781183423,232.34051493836327,83.39399853994783,77.33334344240454,21.723004083978324
1001,2355.4588074225867,251.88626261530595,11,7,18,32.0,2334.5819799754236,476.2507104033455,2355.4588074225862,1.002157521693225,0.9760481990886039,1.0254217901572897,0.01102115422244204,14.568387767110721,-4.551276207155496,19.119663974266217,20.876827447163123,0.8942426364219129,231.13729478677953,75.79294643366389,68.16167473700158,20.188944798574294
1002,2355.4622818034436,251.93852654280641,11,7,18,32.0,2334.5819799754236,476.2507104033455,2355.462281803444,1.0021536015408083,0.9760300093767825,1.0254136964285778,0.011023073178409141,179.96766024846124,-178.6514271952808,358.61908744374205,20.880301828020038,0.8943914588186724,231.1576262442039,75.5016136749581,68.17311388718196,20.01744347657629
1003,2359.023502557894,290.660935585947,1,1,2,33.0,2334.5819799754236,476.2507104033455,2359.023502557894,1.0008152516104347,0.9698484969865029,1.0246255324570355,0.012167442136702502,34.98808674492551,12.66182285831178,22.32626388661373,24.441522582470498,1.0469335749232416,216.36441392559829,84.21404860330023,52.16125924811487,21.675234966597383
1004,2355.1626695048944,248.13452038598507,10,7,17,32.0,2334.5819799754236,476.2507104033455,2355.1626695048944,1.0022395019521049,0.9762392668596062,1.0256291717360397,0.010995722269804734,3.461721493591682,-15.377721188238723,18.839442681830405,20.580689529470874,0.8815577994689879,230.5344041561993,75.14186151354711,67.94980752040675,19.96726427797016
1005,2360.73526813448,296.62873200787584,1,1,2,32.0,2334.5819799754236,476.2507104033455,2360.73526813448,1.0008265626638302,0.9721286637024201,1.0240478668068693,0.0114140115977786,30.74803377998171,5.745613887240978,25.002419892740733,26.1532881590565,1.1202557195841896,238.044626102776,88.02674967232922,66.09363894190307,22.635533800103147
1006,2359.0272664921504,302.1380444340505,1,1,2,33.0,2334.5819799754236,476.2507104033455,2359.0272664921504,1.0006134286983632,0.9734752414886086,1.0237556247645114,0.011159709985428971,20.25093194152558,-2.3337638867070893,22.584695828232668,24.44528651672681,1.0470948001142435,232.76201771752704,83.28978391238422,63.487804386062365,21.571239770922862
1007,2359.0268707461623,295.40822869057666,1,1,2,33.0,2334.5819799754236,476.2507104033455,2359.026870746162,1.000032258997534,0.9734319722673191,1.0182205684945234,0.01134613596989804,25.527938875222247,-0.2214849213019363,25.749423796524184,24.444890770738766,1.047077848643212,232.69288485191376,78.3857305972425,59.04610196345078,20.867682739617713
1008,2371.278405094191,247.14141910051427,1,1,2,32.0,2350.296125735965,476.40478363589114,2371.278405094191,1.0021314679384983,0.9761630046738162,1.0239077946206903,0.010681488439721576,9.88779812889419,-8.28515603128426,18.17295416017845,20.98227935822615,0.892750455079605,218.90007221734308,77.85354119756398,66.93767927886424,20.44146862502141
1009,2374.603587218519,284.23046318685067,1,1,2,33.0,2350.296125735965,476.40478363589114,2374.603587218519,0.9988274929318176,0.9732724138307896,1.0155805515919512,0.011968919426428042,10.96220761874406,-9.716027556229562,20.678235174973622,24.307461482554118,1.0342297388139783,281.64881500110306,76.82610282524143,67.12633855053987,20.01845850633014
1010,2377.5539339014294,314.2765240257648,1,1,2,33.0,2350.296125735965,476.40478363589114,2377.55393390143,0.9999458559637215,0.974153089649338,1.0205892218342278,0.011054339825674692,9.994332675608177,-11.544232588147224,21.5385652637554,27.257808165464667,1.15976058791014,226.8318350457489,88.72067326926926,57.166507531494645,22.759754191352688
1011,2374.82423757791,281.3197006362624,4,1,5,33.0,2350.296125735965,476.40478363589114,2374.82423757791,1.000125985359025,0.9717092609849718,1.01924882050132,0.011526504564461608,4.61724898912351,-16.835388722635003,21.452637711758513,24.528111841945247,1.0436179327940893,311.10657932064515,73.39338707282862,79.91622651969725,19.435303405950936
1012,2370.571175115771,239.64827942296506,13,7,20,32.0,2350.296125735965,476.40478363589114,2370.5711751157714,1.001389065804332,0.9756246465691872,1.023361136630822,0.0105842668540438,17.093312159803247,-1.1790431393625056,18.272355299165753,20.275049379806205,0.8626593541891381,207.77870939223234,76.16053637786506,72.65139573645948,20.065017674893408
1013,2376.897871687936,305.1572723854143,1,1,2,33.0,2350.296125735965,476.40478363589114,2376.8978716879355,1.0004486577873914,0.9732823875137496,1.0217302141499947,0.010932513956550668,12.574238219672736,-9.211835301504664,21.7860735211774,26.601745951971225,1.131846564383083,230.7303011667392,89.22926105371232,57.49139381922232,22.80036696036135
1014,2377.056166091125,324.81131019716014,1,1,2,33.0,2350.296125735965,476.40478363589114,2377.056166091125,0.9997901370940235,0.9727512708632939,1.02064459609952,0.01102225723660305,8.974800548917017,-13.094607905914614,22.06940845483163,26.760040355160072,1.1385816477394104,242.63463337421922,90.4932666538956,55.85789220597176,23.055780816492423
1015,2375.9246341791645,289.9243567509831,1,1,2,32.0,2350.296125735965,476.40478363589114,2375.9246341791645,1.0005167905767436,0.9747253448907263,1.0214519826030373,0.010819959667512891,13.53213304065838,-6.643944358912364,20.176077399570744,25.628508443199735,1.0904374203133445,220.1097798761908,89.43434800184617,53.30454511271074,22.8343898537346
1016,2376.6570582548766,289.2243211866918,1,1,2,33.0,2350.296125735965,476.40478363589114,2376.6570582548766,1.0006515896998351,0.9669139586533162,1.0233940329558815,0.012454178178559575,8.82755966389226,-14.322502969071849,23.150062632964108,26.360932518911795,1.1216004753723197,219.71725884748957,89.20508950117154,60.56968959740774,23.19573652787169
1017,2379.249706658801,317.12728889147803,1,1,2,33.0,2350.296125735965,476.40478363589114,2379.249706658801,0.9992235003983039,0.9689380215791021,1.0213841125529037,0.012155183943010454,14.769416541036037,-11.12326093020286,25.892677471238898,28.95358092283641,1.2319120389040326,241.46779634117058,90.85520054099173,63.15662481229334,22.900578246845384
1018,2370.567479249798,240.56290700596873,11,6,17,32.0,2350.296125735965,476.40478363589114,2370.567479249798,1.0024625366405424,0.9764783001780519,1.0241610888406705,0.010749018439211005,8.90268327754211,-8.294824126709585,17.197507404251695,20.27135351383322,0.8625021031120284,219.28500150739626,75.08172204588804,69.44975257911486,19.885147370723757
1019,2373.796353894721,279.1440943502874,1,1,2,32.0,2350.296125735965,476.40478363589114,2373.796353894721,1.0009298091465457,0.9752075282870121,1.0219764499336819,0.010882942353382856,14.160679854526876,-5.250782878805438,19.411462733332314,23.500228158756272,0.999883712585259,233.5460408184726,85.35582124964108,53.67737039366056,22.094909554008716
1020,2376.1274841321883,304.5611478279187,1,1,2,33.0,2350.296125735965,476.40478363589114,2376.1274841321883,1.0002087331201628,0.9735497485876243,1.021412077253671,0.011022426386568066,16.664543902854433,-4.653782807781795,21.318326710636228,25.83135839622355,1.099068245629465,231.22252898026025,86.07057169939141,56.37797795376282,22.172913283519712
1021,2371.278405094191,247.14141910051427,1,1,2,32.0,2350.296125735965,476.40478363589114,2371.278405094191,1.0021314679384983,0.9761630046738162,1.0239077946206903,0.010681488439721576,9.88779812889419,-8.28515603128426,18.17295416017845,20.98227935822615,0.892750455079605,218.90007221734308,77.85354119756398,66.93767927886424,20.44146862502141
1022,2370.6146288062605,240.88839694921427,11,7,18,32.0,2350.296125735965,476.40478363589114,2370.6146288062605,1.002379174039349,0.9764221244018414,1.0241415347144869,0.010713792600145702,2.999950374283827,-14.414303964295414,17.41425433857924,20.31850307029572,0.8645082144248203,219.21326217797753,75.2717768397439,69.43135624471505,19.92259713232888
1023,2375.9246341791645,289.9243567509831,1,1,2,32.0,2350.296125735965,476.40478363589114,2375.9246341791645,1.0005167905767436,0.9747253448907263,1.0214519826030373,0.010819959667512891,13.53213304065838,-6.643944358912364,20.176077399570744,25.628508443199735,1.0904374203133445,220.1097798761908,89.43434800184617,53.30454511271074,22.8343898537346
1024,2373.4175970546203,278.78297171360776,1,1,2,33.0,2350.296125735965,476.40478363589114,2373.4175970546203,1.00058986532838,0.9726810237611145,1.0185717240085255,0.011948061316460054,17.449020553246413,-5.329379918149044,22.778400471395457,23.121471318655495,0.9837684309425182,227.41901468361564,81.25606912729137,65.83465881584044,21.05505279532712
1025,2370.613997334377,240.88247407379032,11,7,18,32.0,2350.296125735965,476.40478363589114,2370.6139973343766,1.0023794192053792,0.9764223248348878,1.0241417634457768,0.010713844836457658,-16.957578679566524,-34.37087157374668,17.41329289418016,20.31787159841224,0.8644813466664742,219.21314233406335,75.26813230619743,69.43294588737965,19.921795532808307
1026,2375.9246341791645,289.9243567509831,1,1,2,32.0,2350.296125735965,476.40478363589114,2375.9246341791645,1.0005167905767436,0.9747253448907263,1.0214519826030373,0.010819959667512891,13.53213304065838,-6.643944358912364,20.176077399570744,25.628508443199735,1.0904374203133445,220.1097798761908,89.43434800184617,53.30454511271074,22.8343898537346
1027,2376.1274841321883,304.5611478279187,1,1,2,33.0,2350.296125735965,476.40478363589114,2376.1274841321883,1.0002087331201628,0.9735497485876243,1.021412077253671,0.011022426386568066,16.664543902854433,-4.653782807781795,21.318326710636228,25.83135839622355,1.099068245629465,231.22252898026025,86.07057169939141,56.37797795376282,22.172913283519712
1028,2380.23457713856,309.47818871058536,1,1,2,33.0,2354.454002683925,479.43895535161323,2380.23457713856,0.9998800087629283,0.9748437175204063,1.0206865169401758,0.011065185215054198,15.011243190550687,-6.815701839202887,21.826945029753574,25.780574454634916,1.0949704018531146,268.0362350749294,83.22007722821044,62.96202710290041,21.57657294382872
1029,2378.882397856941,273.2588209579941,1,1,2,32.0,2354.454002683925,479.43895535161323,2378.882397856941,1.0010973134155374,0.9749125509408593,1.0215630965553133,0.011102768077789638,11.555806933084966,-10.349075174192194,21.90488210727716,24.42839517301627,1.0375397075147563,201.65463723871366,80.88663667010218,88.75123862892954,21.305334572083655
1030,2382.150821519696,322.9048658296842,1,1,2,33.0,2354.454002683925,479.43895535161323,2382.150821519696,1.000356861681455,0.9729416341565943,1.0212509223307218,0.011227697658933562,14.268324654554931,-15.042145246369188,29.31046990092412,27.696818835770955,1.176358459506891,226.5955656589166,83.4720699377637,80.17940125630415,21.73553484809591
1031,2379.905883668721,302.7060822132823,1,1,2,32.0,2354.454002683925,479.43895535161323,2379.905883668721,1.000509190416403,0.9745047762874657,1.021046746001806,0.011204622734107075,35.14268951277586,13.210614867112895,21.932074645662965,25.451880984795935,1.0810099053021396,201.4939819561002,87.27618205990726,55.28359213718992,22.35025504866997
1032,2382.335615167878,323.38447663912,1,1,2,33.0,2354.454002683925,479.43895535161323,2382.3356151678786,0.9973504723970338,0.9733009899552615,1.0136717366658998,0.012551575512722724,15.899834308341951,-6.107897817568073,22.007732125910024,27.881612483953177,1.18420714323448,293.29381226654465,80.92495392129791,82.72241392934524,21.084604678956666
1033,2380.2617074402924,302.65825759303425,1,1,2,33.0,2354.454002683925,479.43895535161323,2380.261707440293,0.9994882669001401,0.9735814687802228,1.014464694818605,0.011274576760383532,12.744429312590626,-13.7002247955067,26.444654108097325,25.807704756367457,1.0961226988061072,228.85417851983823,81.58821476225047,75.77344140102758,21.693313888736146
1034,2375.183547263279,253.36264207453158,11,6,17,32.0,2354.454002683925,479.43895535161323,2375.183547263279,1.0019053777569644,0.976924388761641,1.0225021914632562,0.010946935555784236,19.722568705229094,1.3888537499863673,18.333714955242726,20.729544579353842,0.8804395649999323,219.81876625041835,73.51986270231437,68.81101240209571,19.5611340485817
1035,2383.658670678666,313.8977210882141,1,1,2,33.0,2354.454002683925,479.43895535161323,2383.6586706786666,0.998296520875567,0.9624530880676544,1.0190313037918262,0.013967466775374098,-109.55536514156991,-135.58350878858064,26.028143647010737,29.204667994741158,1.2404008726205622,251.19348753031906,89.11980645710747,99.95470965612986,23.427826977294355
1036,2380.339138645498,296.7987335284167,1,1,2,32.0,2354.454002683925,479.43895535161323,2380.339138645498,1.0005055031066372,0.9745333910020847,1.0209846054840104,0.011205438900323194,27.829847589107715,5.486282071195944,22.34356551791177,25.88513596157327,1.0994114105463897,198.98137892165147,85.41278805822697,75.14915863541587,22.24575261691803
1037,2383.855306026145,349.1517258571958,1,1,2,33.0,2354.454002683925,479.43895535161323,2383.8553060261456,0.9976589233338152,0.9682878896952624,1.0149400540754447,0.012431470279849782,18.78920514391669,-8.196607869689217,26.985813013605906,29.401303342220217,1.2487525051967308,294.04971567557584,82.18737209403608,63.4209317875669,21.27042317983288
1038,2382.335615167878,323.38447663912,1,1,2,33.0,2354.454002683925,479.43895535161323,2382.3356151678786,0.9973504723970338,0.9733009899552615,1.0136717366658998,0.012551575512722724,15.899834308341951,-6.107897817568073,22.007732125910024,27.881612483953177,1.18420714323448,293.29381226654465,80.92495392129791,82.72241392934524,21.084604678956666
1039,2382.263236166919,304.60490674743806,1,1,2,32.0,2354.454002683925,479.43895535161323,2382.263236166919,1.0003230606418478,0.9721514650382588,1.0207294387528418,0.01150910231964691,25.428348814604362,0.31826366777127646,25.110085146833086,27.809233482993932,1.1811330122097612,233.73660829101027,87.79561397923385,89.52965283974078,22.721656415359615
1040,2375.293681026956,254.25444628807287,11,7,18,32.0,2354.454002683925,479.43895535161323,2375.2936810269566,1.0020789317240626,0.9769270109238973,1.022728415831802,0.010967142456868636,11.007432694284972,-7.616116658216413,18.623549352501385,20.83967834303121,0.8851172424381758,219.92808854701883,73.82302747941985,68.76538455926764,19.630132737747967
1041,2381.278259246128,317.86565662850495,1,1,2,33.0,2354.454002683925,479.43895535161323,2381.2782592461285,1.000349994324604,0.9735489026437233,1.027454540976093,0.012625714212798136,-4.442490277007437,-27.50171263323827,23.059222356230833,26.824256562203118,1.1392983906937746,211.0833400146364,87.53175889800373,55.55340422024718,22.478586414883978
1042,2380.511768441934,287.7225734127811,1,1,2,33.0,2354.454002683925,479.43895535161323,2380.511768441934,1.0008081809883145,0.9741567428274437,1.0209502640545167,0.011511577351331768,16.989047194285718,-6.788119127827258,23.777166322112976,26.057765758008827,1.1067434627435773,186.87906661213196,81.49738840196818,93.48792290413373,21.53513741845216
1043,2381.2647711871673,297.3633384099632,1,1,2,33.0,2354.454002683925,479.43895535161323,2381.264771187167,1.0003935538910995,0.9768803500061258,1.0202546291869075,0.0111431461455373,16.361097713025373,-3.3894601772255726,19.750557890250946,26.810768503242343,1.1387255165180465,234.18347095395563,84.54676075687686,90.74288364735472,22.16209632515162
1044,2380.209496986655,312.45581887871396,1,1,2,33.0,2354.454002683925,479.43895535161323,2380.2094969866544,0.9998496142941785,0.9741035094720344,1.0206152879962995,0.011247934842230434,8.670969583396811,-13.89532815564965,22.566297739046462,25.755494302729858,1.0939051802825734,218.23922234372986,84.55182453162756,52.38088821305668,21.843001523187805
1045,2381.2762704648744,323.40726915344754,1,1,2,33.0,2354.454002683925,479.43895535161323,2381.276270464874,0.9987976488262893,0.9705075681154991,1.019699436200897,0.01271794516490275,16.495668622945686,-6.514499965630108,23.010168588575795,26.82226778094946,1.1392139217998658,219.1008578070006,87.57140181288545,56.21670524090961,22.36802929650947
1046,2379.5767652309733,301.980871513678,1,1,2,33.0,2354.454002683925,479.43895535161323,2379.5767652309733,1.0006257899962203,0.9751950685734394,1.0211276988392137,0.011132595327130831,1.2359099516155823,-19.445140453389342,20.681050405004925,25.122762547048296,1.0670313592200134,220.69886045648218,85.02221191475854,57.33621390559741,21.941065869564753
1047,2371.0808013724422,295.810125030545,1,1,2,33.0,2345.329938315568,477.8101143111744,2371.0808013724422,0.9995436280896598,0.9732536506870701,1.0191551632467275,0.0114882579203385,9.786036970336198,-11.558428506607186,21.344465476943384,25.750863056874095,1.0979633456335163,208.69353500565353,82.05291338060196,80.74047414224145,21.336386860961035
1048,2366.3617663940026,244.038870824399,11,7,18,32.0,2345.329938315568,477.8101143111744,2366.3617663940026,1.0012185677707655,0.9744612455350026,1.0217695111823362,0.011445706055909296,8.899334367993305,-9.033106355163824,17.93244072315713,21.0318280784345,0.8967534901950598,203.2123901782952,73.45148469437378,69.15332003517474,19.523660786401376
1049,2366.312075749982,243.736474351748,11,6,17,32.0,2345.329938315568,477.8101143111744,2366.3120757499814,1.0013072539853358,0.974531250856102,1.0217853017696321,0.011485036777231577,5.023194509938008,-12.708856216207238,17.732050726145246,20.982137434413744,0.8946347842846903,203.3017971059922,73.27374920243123,69.17426264836602,19.487872384173457
1050,2369.933593632498,266.6087730008881,1,1,2,32.0,2345.329938315568,477.8101143111744,2369.9335936324974,1.0004405360793076,0.9747052762499565,1.0202988949192917,0.011386413319000845,10.813616034054945,-8.042680162277179,18.856296196332124,24.60365531692969,1.049048789041605,203.91119875516517,81.05272921611349,77.89399231955936,21.092328872858694
1051,2366.667690604564,246.91465790750945,1,1,2,32.0,2345.329938315568,477.8101143111744,2366.6676906045645,1.0012134377726025,0.9742957320123073,1.021700849716016,0.011507264747695391,19.366130316588226,1.1772253875618617,18.188904929026364,21.337752288995944,0.9097974634784589,200.75113585138985,74.62923470653709,68.14649710930081,19.756154064618457
1052,2372.256634374719,308.3664202521707,1,1,2,33.0,2345.329938315568,477.8101143111744,2372.256634374719,0.9990147660663765,0.9704293846661243,1.0190936658964094,0.012041876770480346,13.27180791974834,-9.083003032720114,22.354810952468455,26.9266960591508,1.148098423989323,218.63091443325686,86.75347136368663,53.230396108813,22.302222856922224
1053,2366.361764366422,244.0390281110796,11,7,18,32.0,2345.329938315568,477.8101143111744,2366.361764366422,1.001218573008716,0.9744611080706739,1.0217695606588826,0.011445723688967138,6.595576755075342,-11.337151045507909,17.93272780058325,21.03182605085385,0.8967534037432299,203.21055537377984,73.45182010631906,69.153332014977,19.523793418158668
1054,2367.127167828007,246.35356786564222,12,1,13,32.0,2345.329938315568,477.8101143111744,2367.127167828007,0.9999301749161136,0.9740784873709429,1.0210873898166393,0.010921680785034542,6.877296330539792,-10.234881486405357,17.11217781694515,21.797229512438662,0.9293886184770054,215.20217278091997,75.55197168950978,71.14259641309718,20.014331466617982
1055,2368.5005777697597,274.3586882358193,1,1,2,33.0,2345.329938315568,477.8101143111744,2368.5005777697597,1.0007696400656367,0.9778702806962457,1.0212129612809067,0.01086451241065023,14.715941110283921,-0.016443742807837225,14.732384853091759,23.170639454191587,0.987947967390588,205.37679872898167,76.88320052831301,81.88398764151191,20.420380352242255
1056,2371.321818392972,291.2741807206024,1,1,2,32.0,2345.329938315568,477.8101143111744,2371.321818392972,0.9996535074215721,0.9726705411558974,1.0190536719046803,0.011876704693095883,18.77635263203544,-1.9282151453826941,20.704567777418134,25.99188007740395,1.1082398110720189,205.87034625139026,85.11599258402109,56.96570730405435,22.011739277316764
1057,2367.127167828007,246.35356786564222,12,1,13,32.0,2345.329938315568,477.8101143111744,2367.127167828007,0.9999301749161136,0.9740784873709429,1.0210873898166393,0.010921680785034542,6.877296330539792,-10.234881486405357,17.11217781694515,21.797229512438662,0.9293886184770054,215.20217278091997,75.55197168950978,71.14259641309718,20.014331466617982
1058,2368.611878166069,275.0111482766216,1,1,2,33.0,2345.329938315568,477.8101143111744,2368.6118781660693,0.9983348020561555,0.9724469476633262,1.0150164977933465,0.01241597554071202,19.800232297828387,1.6754351883556353,18.124797109472752,23.28193985050075,0.9926935852454941,260.90652105536753,75.48160063357696,74.12158083847875,19.853426959816478
1059,2367.127167828007,246.35356786564222,12,1,13,32.0,2345.329938315568,477.8101143111744,2367.127167828007,0.9999301749161136,0.9740784873709429,1.0210873898166393,0.010921680785034542,6.877296330539792,-10.234881486405357,17.11217781694515,21.797229512438662,0.9293886184770054,215.20217278091997,75.55197168950978,71.14259641309718,20.014331466617982
1060,2366.4368205963774,245.16017521727937,1,1,2,32.0,2345.329938315568,477.8101143111744,2366.4368205963774,1.0012633340073325,0.9744064809238496,1.0217709893090638,0.011490482117917556,10.096830653398598,-7.834359759737993,17.93119041313659,21.10688228080926,0.8999536455825216,202.49271601479836,74.43080388098956,68.4869915238467,19.71577160058095
1061,2369.506244940484,271.126421494436,1,1,2,33.0,2345.329938315568,477.8101143111744,2369.506244940484,1.0000617981150641,0.9734368591717868,1.020380338937608,0.011591738299752857,7.655835752163654,-11.651516689585236,19.30735244174889,24.176306624915924,1.0308275279289494,206.79109650988536,77.3804998686592,71.00902244095506,20.3827767945983
1062,2366.4931986903443,244.90066637975215,10,7,17,32.0,2345.329938315568,477.8101143111744,2366.493198690344,1.001185404139455,0.9743913793603202,1.021740762317583,0.011457343183907844,18.80495144924498,0.8602411905929728,17.94471025865201,21.1632603747762,0.902357490476406,203.58327398197687,73.66918328809864,69.22729510164672,19.570980227630805
1063,2368.5005777697597,274.3586882358193,1,1,2,33.0,2345.329938315568,477.8101143111744,2368.5005777697597,1.0007696400656367,0.9778702806962457,1.0212129612809067,0.01086451241065023,14.715941110283921,-0.016443742807837225,14.732384853091759,23.170639454191587,0.987947967390588,205.37679872898167,76.88320052831301,81.88398764151191,20.420380352242255
1064,2374.4329436447483,336.9328936515645,1,1,2,33.0,2345.329938315568,477.8101143111744,2374.4329436447483,0.9971308700207159,0.9678595185227968,1.0143802161135904,0.013028689257873231,17.860900278448867,-6.170613160361398,24.031513438810265,29.103005329180178,1.240891733556352,255.11384750950205,90.18934746543246,51.02276950190041,22.72091366250886
1065,2374.130069047475,316.22361288958416,1,1,2,33.0,2345.329938315568,477.8101143111744,2374.130069047475,0.9994580992585621,0.9710883284160278,1.0195680884427805,0.011828661481661324,22.647891228357793,-4.0747636796781705,26.722654908035963,28.800130731906847,1.2279777894529968,220.04778448788628,84.37272350146945,74.34659391229458,21.770604135241086
1066,2423.7372789013193,307.3018507848929,1,1,2,33.0,2398.8751099314804,486.3991571402788,2423.7372789013193,1.000287064676157,0.9734648186967882,1.0206925527030237,0.011105791747129641,12.660280488213004,-10.28997384717249,22.950254335385495,24.862168969838876,1.0364094765462393,195.2206158351321,82.1020149930084,77.78965040155433,21.39970449379025
1067,2423.635603083228,287.5106600735765,1,1,2,32.0,2398.8751099314804,486.3991571402788,2423.635603083228,1.0004548950779106,0.9730389659936465,1.0209057767016532,0.011326494844166167,11.851900149371573,-9.587110271606122,21.439010420977695,24.760493151747596,1.0321709975328743,198.17408476822573,84.71932179173378,67.46013734115371,21.93997637270378
1068,2428.60320995996,328.47285824268243,1,1,2,33.0,2398.8751099314804,486.3991571402788,2428.60320995996,0.999184358363585,0.9735882476628835,1.0184238224303799,0.011506877823776204,11.649035309122667,-9.3225601060185,20.971595415141167,29.72810002847973,1.2392516769799182,240.9496000234586,85.40176795591489,79.18964886187231,22.38325425984514
1069,2423.179091624803,279.22957936544015,1,1,2,33.0,2398.8751099314804,486.3991571402788,2423.1790916248033,1.0007741678704896,0.9745976343818575,1.0205648745404987,0.011443189562295617,14.32139424065133,-3.553066656352314,17.874460897003644,24.303981693322385,1.013140767216372,218.74362087804658,79.54445614525358,88.18179074770913,20.99729677703373
1070,2421.3158551846827,264.00464514938886,11,7,18,32.0,2398.8751099314804,486.3991571402788,2421.3158551846827,1.0011037567795424,0.9746767790161366,1.0214161140249383,0.011187464705202509,15.128234836669748,-3.3940183979590586,18.522253234628806,22.440745253202294,0.9354695107009249,213.07823248911782,76.12909982759398,74.49466094611618,20.312642392937445
1071,2427.3636429336907,314.12595550811415,1,1,2,33.0,2398.8751099314804,486.3991571402788,2427.3636429336907,0.9983815003993013,0.9716134035579859,1.0132919428234124,0.011339573574778283,11.654999967525129,-15.533042103875545,27.188042071400673,28.48853300221026,1.1875788316059515,226.81876730585003,83.65013574058415,91.47290703698829,22.50383981658353
1072,2422.122251310072,264.92549405668194,9,1,10,32.0,2398.8751099314804,486.3991571402788,2422.122251310072,0.9997697638141676,0.9745764706965039,1.0206763603757902,0.010558657999570942,1.9256040741998675,-15.678066074535877,17.603670148735745,23.24714137859155,0.9690851050288968,227.28643024682788,78.70158110822493,78.76857601992413,20.70778244718945
1073,2421.312723199053,263.94132403388613,11,7,18,32.0,2398.8751099314804,486.3991571402788,2421.312723199053,1.0011096915040945,0.9746668426389843,1.02143543298281,0.011188951934221198,16.14014721461362,-2.3697597441725406,18.50990695878616,22.437613267572488,0.935338950105384,213.04099493405593,75.75566943550086,74.52563725390553,20.11581931550174
1074,2420.845879886946,258.5703152944697,13,7,20,32.0,2398.8751099314804,486.3991571402788,2420.845879886946,1.0001658729497958,0.9741532764225594,1.0206861366718794,0.011003987917308632,77.83648156077697,58.80034223398019,19.036139326796786,21.970769955465585,0.9158780240165625,201.9513881563556,75.8940570360555,77.70528015393526,20.107733533204083
1075,2428.60320995996,328.47285824268243,1,1,2,33.0,2398.8751099314804,486.3991571402788,2428.60320995996,0.999184358363585,0.9735882476628835,1.0184238224303799,0.011506877823776204,11.649035309122667,-9.3225601060185,20.971595415141167,29.72810002847973,1.2392516769799182,240.9496000234586,85.40176795591489,79.18964886187231,22.38325425984514
1076,2423.1873956446057,284.32920199727783,1,1,2,32.0,2398.8751099314804,486.3991571402788,2423.1873956446057,1.0004109886715395,0.9733043585714634,1.020794756560656,0.011299812608948238,13.457995377768185,-7.363291404858586,20.82128678262677,24.31228571312522,1.0134869302895746,204.2503196085303,81.88202753737735,65.9891381199233,21.384899266607945
1077,2422.7551770635982,279.36046110304113,1,1,2,33.0,2398.8751099314804,486.3991571402788,2422.7551770635982,0.9989848377352019,0.9690082596508067,1.0236458048764805,0.014468575944935202,20.919759004393455,0.1622107278066096,20.757548276586846,23.8800671321178,0.9954693778451806,224.2508639092997,79.33129644453392,77.52595634315448,20.934294995257748
1078,2423.179091624803,279.22957936544015,1,1,2,33.0,2398.8751099314804,486.3991571402788,2423.1790916248033,1.0007741678704896,0.9745976343818575,1.0205648745404987,0.011443189562295617,14.32139424065133,-3.553066656352314,17.874460897003644,24.303981693322385,1.013140767216372,218.74362087804658,79.54445614525358,88.18179074770913,20.99729677703373
1079,2420.963804842282,260.0610361477201,11,7,18,32.0,2398.8751099314804,486.3991571402788,2420.963804842282,1.0014786734939227,0.9750169139363805,1.0218054472825282,0.011208790125953204,5.938388254396642,-12.350401668540428,18.28878992293707,22.088694910801678,0.9207938678988837,212.40623860258094,75.3070983037822,74.21157096866881,20.047557458265704
1080,2428.60320995996,328.47285824268243,1,1,2,33.0,2398.8751099314804,486.3991571402788,2428.60320995996,0.999184358363585,0.9735882476628835,1.0184238224303799,0.011506877823776204,11.649035309122667,-9.3225601060185,20.971595415141167,29.72810002847973,1.2392516769799182,240.9496000234586,85.40176795591489,79.18964886187231,22.38325425984514
1081,2424.1465544443677,288.7243179945765,1,1,2,33.0,2398.8751099314804,486.3991571402788,2424.146554444368,1.0008514376316364,0.9731141485224709,1.030147709377559,0.01272769879283535,7.060887723946422,-15.861038663211446,22.921926387157868,25.27144451288723,1.0534706208031424,212.6193094420366,84.31555077872137,54.01567012956288,21.703521708753772
1082,2424.3299355077434,291.00341541520487,1,1,2,33.0,2398.8751099314804,486.3991571402788,2424.3299355077434,1.0003559700840488,0.9745390183081369,1.020150212202745,0.011353203161159281,5.804839804967656,-12.868699507162404,18.67353931213006,25.45482557626292,1.0611150814345642,226.84255471364816,82.87152625890117,84.43389375933104,21.670390391113425
1083,2426.0682621368096,304.2645714528734,1,1,2,33.0,2398.8751099314804,486.3991571402788,2426.0682621368096,0.999772175526672,0.9639848267699188,1.0216278831180527,0.012825122391239868,13.015624197801742,-13.210593874482754,26.226218072284496,27.19315220532917,1.1335793219391856,195.8868089352146,86.88879846750926,60.07001132929168,22.75015382063954
1084,2423.706659433427,294.59635370068827,1,1,2,33.0,2398.8751099314804,486.3991571402788,2423.7066594334274,1.0001665044896715,0.9731396378870328,1.0206404521852963,0.011193958935597654,15.289027640810701,-6.182569417940755,21.471597058751456,24.831549501946483,1.0351330671256058,198.69900441791597,82.21307549931127,65.53076547154896,21.43296337334443
1085,2474.7032623943282,288.9090576243328,13,7,20,32.0,2452.498535348155,496.8068210956854,2474.7032623943287,0.9997556780502785,0.9708817640228837,1.019555748696124,0.01179597502612817,-1.537884139997658,-21.089379181484418,19.55149504148676,22.204727046173048,0.905392061448097,230.77571767157144,77.5319680579069,53.59413067090746,20.478604992948334
1086,2476.928883556787,300.13793165162394,1,1,2,33.0,2452.498535348155,496.8068210956854,2476.928883556787,0.9995804376422246,0.9713393911885857,1.0187674958883355,0.011707192379668836,19.375049701301748,-1.0543076534065676,20.429357354708316,24.430348208631585,0.9961411946435054,224.55959555938057,81.46369403804056,85.61112127599151,21.523600099839182
1087,2478.5934937846982,322.01015836497317,1,1,2,33.0,2452.498535348155,496.8068210956854,2478.5934937846987,0.9980135713816694,0.9661629222498884,1.0173692042013194,0.013272300180662586,9.612290579822002,-11.29664886579505,20.90893944561705,26.09495843654304,1.0640152505876468,234.30513473999036,84.26960266583419,84.11070911561768,21.90703523175327
1088,2476.9014967695634,298.78256355207725,1,1,2,32.0,2452.498535348155,496.8068210956854,2476.901496769564,0.9997768113513971,0.9706222396515519,1.0192884052692197,0.01172734916719067,1.140140854415307,-19.38799072538737,20.528131579802675,24.402961421408236,0.9950245054048118,211.7930198398251,81.87902059481891,83.384894500866,21.38168093313682
1089,2476.44482645204,291.3005832320736,11,7,18,32.0,2452.498535348155,496.8068210956854,2476.4448264520406,0.9994452307497225,0.9710756922296083,1.0195130446731466,0.011581847929475034,-4.016472608562566,-22.773536571775963,18.757063963213398,23.94629110388496,0.9764038901040795,234.44385439411306,82.23439520040195,76.89991050104564,21.435819129902875
1090,2474.6366155861474,280.0148445149632,11,7,18,32.0,2452.498535348155,496.8068210956854,2474.6366155861474,1.000338067334549,0.9713739689254237,1.0201201273899478,0.011683525083449553,9.813155805190888,-9.255542751520636,19.068698556711524,22.1380802379922,0.9026745549044534,227.52548276799192,76.11906241722723,75.79874994854771,20.3032872135857
1091,2477.032062019982,301.11820482322867,1,1,2,32.0,2452.498535348155,496.8068210956854,2477.0320620199814,0.9995930435037913,0.9703294089979221,1.0193516642954517,0.011675458688991893,20.62682725702146,-0.527864462871662,21.154691719893123,24.53352667182662,1.0003482700691544,214.86152740893917,82.58022083605225,79.85195239309047,21.511385896700936
1092,2474.7032660150826,288.9091121394099,13,7,20,32.0,2452.498535348155,496.8068210956854,2474.7032660150826,0.9997556832648801,0.9708817540064284,1.0195557537320827,0.011795980095641149,167.91690201457004,148.36538708276487,19.551514931805173,22.20473066692739,0.9053922090834284,230.77546765024945,77.53255291935106,53.59413066936541,20.47872205231596
1093,2477.2042703065,310.0971439292023,1,1,2,33.0,2452.498535348155,496.8068210956854,2477.2042703065003,0.9991192127570662,0.9707413718034559,1.0188674611564787,0.011713817384468191,11.879206320729338,-8.414237059997589,20.293443380726927,24.705734958344692,1.007370018870877,231.67604522392585,81.2428551851778,70.94645809164257,21.284581158223414
1094,2477.7563907696713,315.1198965051637,1,1,2,33.0,2452.498535348155,496.8068210956854,2477.756390769671,0.99913046078154,0.9705900370968197,1.018938434863584,0.011636076675624229,12.94636093653881,-8.066809234821449,21.013170171360258,25.25785542151607,1.0298825894275399,220.1176676118046,81.32667602475473,79.51927997070541,21.21959740747711
1095,2478.3461370067976,317.0075872189974,1,1,2,33.0,2452.498535348155,496.8068210956854,2478.3461370067976,0.9987972222428083,0.9707030773979708,1.018629663242602,0.011631747369497835,3.7163502737483327,-16.7282683013606,20.444618575108933,25.84760165864236,1.0539293412859492,264.0042330935994,81.10404265318714,78.90879533485776,21.232536474802398
1096,2477.197556687742,303.1165368889002,1,1,2,33.0,2452.498535348155,496.8068210956854,2477.1975566877413,0.9995809923189842,0.9708469114570788,1.0189716340038968,0.011973684494449252,144.55526186293594,123.50262898645184,21.052632876484097,24.69902133958658,1.007096272784535,228.19503413060164,80.34150300804748,83.15102162434843,21.027929765942154
1097,2474.7032623943282,288.9090576243328,13,7,20,32.0,2452.498535348155,496.8068210956854,2474.7032623943287,0.9997556780502785,0.9708817640228837,1.019555748696124,0.01179597502612817,-1.537884139997658,-21.089379181484418,19.55149504148676,22.204727046173048,0.905392061448097,230.77571767157144,77.5319680579069,53.59413067090746,20.478604992948334
1098,2478.70060233891,329.20249316285583,1,1,2,33.0,2452.498535348155,496.8068210956854,2478.7006023389094,0.9982192429600202,0.9701185477242477,1.0158798441871308,0.011749378553526299,12.110930442490655,-9.920509039421006,22.03143948191166,26.2020669907547,1.068382574468493,224.49145633735904,86.78944086865351,62.30803548666318,22.356284461409462
1099,2472.818831712009,290.26022153704565,3,1,4,33.0,2452.498535348155,496.8068210956854,2472.8188317120084,1.0006585384531959,0.9738582327252032,1.0203978947499168,0.011209674240260478,8.909560378280617,-7.423399680130558,16.332960058411174,20.320296363853686,0.8285548827440595,194.20186013814686,71.7966886059421,68.62250561637633,19.37577146788506
1100,2477.2042703065,310.0971439292023,1,1,2,33.0,2452.498535348155,496.8068210956854,2477.2042703065003,0.9991192127570662,0.9707413718034559,1.0188674611564787,0.011713817384468191,11.879206320729338,-8.414237059997589,20.293443380726927,24.705734958344692,1.007370018870877,231.67604522392585,81.2428551851778,70.94645809164257,21.284581158223414
1101,2476.44482645204,291.3005832320736,11,7,18,32.0,2452.498535348155,496.8068210956854,2476.4448264520406,0.9994452307497225,0.9710756922296083,1.0195130446731466,0.011581847929475034,-4.016472608562566,-22.773536571775963,18.757063963213398,23.94629110388496,0.9764038901040795,234.44385439411306,82.23439520040195,76.89991050104564,21.435819129902875
1102,2477.1347259171675,311.2808859488632,1,1,2,33.0,2452.498535348155,496.8068210956854,2477.134725917168,0.9971705911362289,0.9543880504524069,1.0170850411080448,0.015267855006119655,14.54496808358897,-6.286277622284302,20.831245705873272,24.636190569012342,1.0045343641974898,229.15640397199275,81.2893295959671,76.52859164767672,21.60729930171085
1103,2484.6960225170296,330.66634091849284,1,1,2,33.0,2458.5037601581143,500.62268570244703,2484.6960225170296,0.9990692319597776,0.9752488357489417,1.0179632157633471,0.011073907803747058,14.800254461182789,-7.897565675646973,22.697820136829762,26.192262358915286,1.0653741020607908,237.54375355762397,84.12795320832487,89.55656205925855,21.97253551746604
1104,2492.8242845338145,388.9619190213465,1,1,2,33.0,2458.5037601581143,500.62268570244703,2492.824284533815,0.9959411034301083,0.972894455997349,1.0128682354265295,0.012152500298143104,9.758699910666081,-13.210151931186147,22.968851841852228,34.32052437570019,1.3959923483498322,282.9780581997601,95.40775816651589,97.24453108305941,25.23833603392124
1105,2483.5710576713486,313.69698329130534,1,1,2,33.0,2458.5037601581143,500.62268570244703,2483.5710576713486,0.9990378188038882,0.9678558170209532,1.0192532168611406,0.012830209006416099,5.6744902092493135,-14.448269350856634,20.122759560105948,25.06729751323428,1.0196159924368844,228.89241878336685,84.48390798181907,72.07844941830167,21.823929912945506
1106,2486.4547977239827,344.6962304957518,1,1,2,33.0,2458.5037601581143,500.62268570244703,2486.4547977239827,0.9970965066037946,0.9727026492124923,1.0134340145428329,0.012224377553220324,24.1265226163207,1.6692941015334952,22.457228514787204,27.95103756586832,1.1369125408240457,231.15519974567303,88.09200988467214,94.4415547041886,22.80244898488346
1107,2492.8294602288797,385.4709034310824,1,1,2,33.0,2458.5037601581143,500.62268570244703,2492.8294602288797,0.9967661425647197,0.9621586314530907,1.020836719634266,0.013911721577837153,16.21493585627192,-6.708341817515162,22.923277673787084,34.32570007076538,1.396202870503553,280.4253993583569,95.61201237221132,96.46098087620388,25.248791611902497
1108,2484.0679055369337,299.9401241118205,1,1,2,32.0,2458.5037601581143,500.62268570244703,2484.0679055369337,0.9989777897710272,0.9756314634097072,1.0179812085091915,0.011161097861101917,15.92422625645736,-3.3406535822648777,19.264879838722237,25.564145378819376,1.0398253520334362,245.39374550407365,86.06798600268435,86.22761979401311,22.510561627957255
1109,2492.8257558245296,388.34795636541264,1,1,2,33.0,2458.5037601581143,500.62268570244703,2492.8257558245296,0.9963818397230083,0.972882454724935,1.0138124785674065,0.011965560861705025,17.179193443060853,-5.588460116408925,22.767653559469778,34.321995666415205,1.3960521933148415,281.5503498912936,93.92798441624113,97.09679128765177,24.924660239068633
1110,2484.1172617339885,308.9605363219642,1,1,2,33.0,2458.5037601581143,500.62268570244703,2484.117261733988,0.9990743506502769,0.9746941412366992,1.0179492693401633,0.011411609490146316,-3.0584529115687644,-24.360865570170375,21.30241265860161,25.613501575874125,1.0418329225669696,233.75349202242282,80.05945751462508,89.85165878587257,21.289021091579777
1111,2480.3487348018366,279.28178664526985,11,7,18,32.0,2458.5037601581143,500.62268570244703,2480.3487348018366,1.0002491105561155,0.9762602566306894,1.0192030284896587,0.011199244914072964,13.327167273693334,-5.329011720389161,18.656178994082495,21.844974643722253,0.8885475384555577,246.20293218220942,75.98878712967225,71.67572326156707,20.30897255814342
1112,2485.198513319561,318.8522175181111,1,1,2,33.0,2458.5037601581143,500.62268570244703,2485.1985133195612,0.9988539206176626,0.9759221297107817,1.0168889297744834,0.011676778137249428,11.610441704956997,-8.105172183976265,19.715613888933262,26.694753161446442,1.0858129889429013,259.76428909841565,83.87904925307072,85.87123874076626,22.070277567725494
1113,2483.057960095979,310.3797953789711,1,1,2,32.0,2458.5037601581143,500.62268570244703,2483.057960095979,0.9993294819021932,0.9744076827030811,1.0182351828529816,0.011289775568438788,20.143168824801222,-2.2470782450183435,22.390247069819566,24.554199937864723,0.9987456735183339,236.5632105331824,84.59940147593218,60.40253498967327,22.105808657565387
1114,2480.3487348018366,279.28178664526985,11,7,18,32.0,2458.5037601581143,500.62268570244703,2480.3487348018366,1.0002491105561155,0.9762602566306894,1.0192030284896587,0.011199244914072964,13.327167273693334,-5.329011720389161,18.656178994082495,21.844974643722253,0.8885475384555577,246.20293218220942,75.98878712967225,71.67572326156707,20.30897255814342
1115,2484.1049340924933,314.5549920148469,1,1,2,32.0,2458.5037601581143,500.62268570244703,2484.1049340924933,0.9991363708140404,0.9741123545234349,1.017837440100837,0.011406591725113128,16.157982003169394,-5.381681834289026,21.53966383745842,25.60117393437895,1.0413314939462388,225.81534202901224,85.18434192398156,76.9187808158495,22.084906003430472
1116,2491.6640566056317,371.4051491590688,7,7,14,33.0,2458.5037601581143,500.62268570244703,2491.6640566056312,0.9954816414548366,0.9715216083101481,1.0140628407698042,0.014021797284811725,14.958725635419512,-8.028826553837916,22.98755218925743,33.16029644751734,1.3487999076879464,340.76747153250005,92.69401451228268,99.44653845196156,24.497045862021373
1117,2483.5100720055466,330.0384610488175,1,1,2,33.0,2458.5037601581143,500.62268570244703,2483.5100720055466,0.9969629540668027,0.9685339009204317,1.0191562114510881,0.015677725766968093,-13.995249035571874,-34.66078761669385,20.66553858112198,25.006311847432244,1.017135391561248,207.50378565439794,84.10703959484913,60.117309030073955,21.793338841943005
1118,2483.0395281549063,291.70976439977534,7,1,8,33.0,2458.5037601581143,500.62268570244703,2483.0395281549067,0.9998551423952308,0.9769243378128957,1.018210526315144,0.011464195273655315,9.848888433676223,-7.639851513216541,17.488739946892764,24.535767996791947,0.9979959516195319,257.7853643211481,79.38461219416935,97.93655648374174,21.52231212396172
1119,2475.112800543003,302.36506704422374,1,1,2,32.0,2450.283747481952,496.8116092184514,2475.112800543003,0.9994424495736006,0.9735884822455184,1.0170583811996574,0.011449145053827466,16.873730330402907,-3.9401680121954143,20.81389834259832,24.829053061050672,1.0133133799939043,231.88379843284685,81.98829406946982,86.84720758653036,21.53549479642235
1120,2474.774638197489,290.78955664475984,1,1,2,32.0,2450.283747481952,496.8116092184514,2474.774638197489,0.9997016132040158,0.9737446767954986,1.0176603336407706,0.011248489520342346,15.033938246841927,-5.826316660773557,20.860254907615484,24.490890715536807,0.9995124336397778,228.89325127160052,80.46894824322337,91.25433524885177,21.216390909807433
1121,2473.907846152544,285.7025625256958,12,1,13,32.0,2450.283747481952,496.8116092184514,2473.907846152544,0.9981998450277558,0.974448839685688,1.0176650370670781,0.010312212580411059,10.936355976750633,-7.699454322444922,18.635810299195555,23.624098670592048,0.9641372634850753,252.97795776705266,82.43050447024642,84.28357807906286,21.469759461519846
1122,2472.7504613934098,301.85647512819617,1,1,2,33.0,2450.283747481952,496.8116092184514,2472.7504613934093,1.0000114477890876,0.9770114119018978,1.0179144582161581,0.010788231107313374,10.354304393182503,-5.630978428015027,15.98528282119753,22.466713911457646,0.916902539738334,236.75571649778453,76.55867826281175,82.38970290199728,20.36822748340159
1123,2476.2004846095065,319.6631770456793,1,1,2,32.0,2450.283747481952,496.8116092184514,2476.2004846095065,0.9989745727561877,0.9720689716831448,1.0170844476211378,0.011565573802181855,17.045252569644674,-5.325389465450485,22.37064203509516,25.91673712755437,1.0577035069586471,225.963377819487,87.03878712478598,76.32724309556662,22.44404761676203
1124,2471.617554794157,281.0625471790546,14,7,21,32.0,2450.283747481952,496.8116092184514,2471.6175547941566,1.0002595579712719,0.9740521115509269,1.018895582438835,0.011271062856655606,12.113848265979613,-7.523562659152333,19.637410925131945,21.333807312204954,0.8706668088595356,238.53310465187514,76.2348150520451,68.34426919766057,20.252514627675342
1125,2471.617554794157,281.0625471790546,14,7,21,32.0,2450.283747481952,496.8116092184514,2471.6175547941566,1.0002595579712719,0.9740521115509269,1.018895582438835,0.011271062856655606,12.113848265979613,-7.523562659152333,19.637410925131945,21.333807312204954,0.8706668088595356,238.53310465187514,76.2348150520451,68.34426919766057,20.252514627675342
1126,2483.671826805106,389.0101796276344,1,1,2,33.0,2450.283747481952,496.8116092184514,2483.671826805106,0.9937298243023177,0.9717489670200984,1.010406308660057,0.01282452971237889,16.336830904631285,-7.968960658819782,24.305791563451066,33.38807932315376,1.3626209355330872,292.42984403943956,91.47529452307482,98.61879080452441,23.903757267174097
1127,2474.8032761078666,291.5212984619756,1,1,2,32.0,2450.283747481952,496.8116092184514,2474.8032761078666,0.9996894523467499,0.9737808273163583,1.0176673953202737,0.011241298798286144,10.013505546813406,-10.743316690178034,20.75682223699144,24.519528625914518,1.0006811925807428,229.85126112252985,80.98116483912325,90.54819599564462,21.309630347277533
1128,2480.280206962077,364.3495153794178,1,1,2,33.0,2450.283747481952,496.8116092184514,2480.2802069620775,0.996337060603266,0.9690797554115586,1.0123773624812076,0.012704848487637515,15.441491245500828,-9.563618360999754,25.005109606500582,29.99645948012494,1.2242035034085734,228.76899718613282,91.57451182683144,91.0825811270266,23.577730418805416
1129,2483.6995915924404,386.89360137732734,1,1,2,33.0,2450.283747481952,496.8116092184514,2483.69959159244,0.9938395230852489,0.9665193836077164,1.0120812753860462,0.014175650461569413,14.644634481588383,-9.372669522775283,24.017304004363666,33.41584411048825,1.3637540609257288,346.14168416139074,88.066234854423,92.81309699095547,23.040758543924703
1130,2472.7504613934098,301.85647512819617,1,1,2,33.0,2450.283747481952,496.8116092184514,2472.7504613934093,1.0000114477890876,0.9770114119018978,1.0179144582161581,0.010788231107313374,10.354304393182503,-5.630978428015027,15.98528282119753,22.466713911457646,0.916902539738334,236.75571649778453,76.55867826281175,82.38970290199728,20.36822748340159
1131,2471.18696196644,275.6125922695417,11,7,18,32.0,2450.283747481952,496.8116092184514,2471.1869619664394,1.000403684763737,0.9744254505365632,1.0191080437601412,0.01119214479565423,-36.2597023810259,-55.505228874524136,19.245526493498232,20.903214484487762,0.8530936266450393,237.3434707197747,74.99007504741789,67.68454462396157,19.848326696309233
1132,2476.2004846095065,319.6631770456793,1,1,2,32.0,2450.283747481952,496.8116092184514,2476.2004846095065,0.9989745727561877,0.9720689716831448,1.0170844476211378,0.011565573802181855,17.045252569644674,-5.325389465450485,22.37064203509516,25.91673712755437,1.0577035069586471,225.963377819487,87.03878712478598,76.32724309556662,22.44404761676203
1133,2483.698457513678,382.83877880871574,1,1,2,33.0,2450.283747481952,496.8116092184514,2483.6984575136785,0.996522901544007,0.9701005310566526,1.0128189959509843,0.011988019227705728,13.272814897943505,-10.658675577721084,23.93149047566459,33.41471003172592,1.3637077773569992,256.3136689418945,95.63197541083059,94.42850284143093,24.998741771386868
1134,2471.78155083026,280.3828126470748,1,1,2,32.0,2450.283747481952,496.8116092184514,2471.78155083026,1.0002122261472182,0.9740613448247049,1.018943437419655,0.01120819786632245,-21.644027464384493,-41.535428222265324,19.89140075788083,21.497803348308025,0.8773597494739278,235.2981281702064,76.64060545432305,68.27340074580341,20.18985436770628
1135,2475.0200681977285,318.14467855174604,1,1,2,33.0,2450.283747481952,496.8116092184514,2475.020068197729,0.9987133402014977,0.9729215604426945,1.0175710781497378,0.011376022331787642,14.919722651139153,-6.266740936041003,21.186463587180157,24.7363207157764,1.0095288246186516,267.6598007139653,82.1518184862165,65.47598923692382,21.392152574163294
1136,2483.6955920227,385.2386350516831,1,1,2,33.0,2450.283747481952,496.8116092184514,2483.6955920226997,0.9952967365916215,0.9662166668330702,1.0126029657302198,0.013809330491917307,12.487216515995357,-12.907195125764105,25.39441164175946,33.41184454074801,1.3635908320856258,243.0102937152967,93.70895393194425,94.90395402192198,24.80190719383577
1137,2474.1895066231623,297.14933420585106,1,1,2,33.0,2450.283747481952,496.8116092184514,2474.189506623162,0.9981237864046312,0.96859120843924,1.0198328802562904,0.014520862853301644,13.990296551529525,-6.7866421913198,20.776938742849325,23.905759141210183,0.9756322779260594,247.47318027638752,80.33310481953318,76.79483952710554,21.13766104660657
1138,2483.7042064511456,378.90663926730684,1,1,2,33.0,2450.283747481952,496.8116092184514,2483.704206451145,0.9976122912316839,0.971717653707706,1.015599852613079,0.011226310668494005,22.615548991988703,-8.667308833376012,31.282857825364715,33.42045896919353,1.3639424006929097,227.17692041736655,90.44837922155864,89.25902096196988,23.38819907337218
1139,2449.075287949525,321.64005195381037,1,1,2,32.0,2423.2052372837843,490.76318306065264,2449.075287949525,0.9989606456178918,0.9733968669112177,1.0177969766473143,0.0117768420940356,6.617879945076595,-15.020742137802188,21.638622082878783,25.870050665740564,1.0675963499789554,214.6063739661956,87.41653554498978,63.932125271322725,22.47515575275695
1140,2444.237740096984,274.09414327591827,14,7,21,32.0,2423.2052372837843,490.76318306065264,2444.237740096984,1.0004797921368074,0.9759509142796605,1.0196067497363803,0.011354596792928336,20.63064432815679,2.0745316215792116,18.55611270657758,21.0325028131997,0.8679620896154641,207.34114717347083,75.29132871383717,76.10891277926261,19.865164048928364
1141,2446.107091932282,284.7011695454388,12,1,13,32.0,2423.2052372837843,490.76318306065264,2446.107091932282,0.9982915311722101,0.9757790603457257,1.0186105275716246,0.010424153741246864,7.330303547771621,-10.267643451059712,17.597946998831333,22.901854648497647,0.9451058579820817,220.23761599148946,81.60304148771449,78.64823494223904,21.305375503310106
1142,2443.7750550162864,268.6677607407941,11,7,18,32.0,2423.2052372837843,490.76318306065264,2443.7750550162864,1.0006021165630146,0.9763487768813749,1.0196838025991304,0.011270172956919941,108.77981132552338,90.5795680542999,18.200243271223485,20.569817732502088,0.8488681608974722,206.32235426059856,74.7746466792848,75.36437893696002,19.863689711341493
1143,2443.728867100727,268.23017801957093,11,6,17,32.0,2423.2052372837843,490.76318306065264,2443.7288671007273,1.0006737187334578,0.976402086780771,1.019698533408523,0.011304515830110799,11.599399919406665,-6.332396654597574,17.931796574004238,20.523629816942503,0.8469620938896542,206.37778811237473,74.59087508506207,75.38364467971424,19.826603426974344
1144,2443.825154037323,267.26308726655185,14,7,21,32.0,2423.2052372837843,490.76318306065264,2443.8251540373235,0.9995725800801415,0.9753673103227699,1.0189176993207563,0.011141185837573262,9.315348760154762,-9.831352936301528,19.14670169645629,20.619916753538746,0.8509356300604564,197.65544424681386,75.88562090764705,79.52893258148424,20.045075583818527
1145,2443.774985242387,268.66945129863376,11,7,18,32.0,2423.2052372837843,490.76318306065264,2443.774985242387,1.0006025235003875,0.9763476541898732,1.0196841935253225,0.01127062326419846,10.387418721760838,-7.814221515380609,18.201640237141447,20.569747958602875,0.8488652814922061,206.30634248425906,74.76088754806602,75.36090645232387,19.860813339311274
1146,2443.825154037323,267.26308726655185,14,7,21,32.0,2423.2052372837843,490.76318306065264,2443.8251540373235,0.9995725800801415,0.9753673103227699,1.0189176993207563,0.011141185837573262,9.315348760154762,-9.831352936301528,19.14670169645629,20.619916753538746,0.8509356300604564,197.65544424681386,75.88562090764705,79.52893258148424,20.045075583818527
1147,2444.237740170716,274.09387405280967,14,7,21,32.0,2423.2052372837843,490.76318306065264,2444.237740170716,1.0004797649597952,0.9759511108136903,1.019606694473036,0.011354556063566733,40.168313983616486,21.61247606417001,18.555837919446475,21.032502886931525,0.8679620926582037,207.34344831314405,75.28910731083408,76.10927166457317,19.8647339787039
1148,2445.534285693003,291.85598271996355,1,1,2,33.0,2423.2052372837843,490.76318306065264,2445.534285693003,0.9992069422228852,0.9755937025888554,1.0144708909576634,0.012597026335120873,13.841308342847924,-5.572475156712386,19.41378349956031,22.329048409218558,0.9214674871802275,209.22529657115243,77.9403727903726,76.04766188564766,20.44438017057999
1149,2445.573000254593,296.4244612050495,1,1,2,33.0,2423.2052372837843,490.76318306065264,2445.5730002545924,0.998716276302451,0.9741411394778378,1.01505713618911,0.012099147635750538,11.515008875599847,-9.10033148535311,20.615340360952956,22.3677629708086,0.9230651463877256,238.87425027892095,77.58136539068904,79.42337419967022,20.31427517827926
1150,2445.573000254593,296.4244612050495,1,1,2,33.0,2423.2052372837843,490.76318306065264,2445.5730002545924,0.998716276302451,0.9741411394778378,1.01505713618911,0.012099147635750538,11.515008875599847,-9.10033148535311,20.615340360952956,22.3677629708086,0.9230651463877256,238.87425027892095,77.58136539068904,79.42337419967022,20.31427517827926
1151,2445.573000254593,296.4244612050495,1,1,2,33.0,2423.2052372837843,490.76318306065264,2445.5730002545924,0.998716276302451,0.9741411394778378,1.01505713618911,0.012099147635750538,11.515008875599847,-9.10033148535311,20.615340360952956,22.3677629708086,0.9230651463877256,238.87425027892095,77.58136539068904,79.42337419967022,20.31427517827926
1152,2443.833145704968,269.159574988232,11,7,18,32.0,2423.2052372837843,490.76318306065264,2443.833145704968,1.0008646025482661,0.9763964261378802,1.0199266388137247,0.01134564788060268,14.255698180631555,-3.993177289391042,18.248875470022597,20.627908421183747,0.8512654274512031,206.49718904584566,74.89575095283007,75.36034375212137,19.8872156386413
1153,2450.261196936695,329.82976619980457,2,1,3,33.0,2423.2052372837843,490.76318306065264,2450.2611969366953,0.996385447980695,0.972759470431336,1.0133232086963837,0.012742616844783878,11.656159103332556,-9.980026631744465,21.63618573507702,27.055959652910587,1.11653603403557,271.0604927532625,84.2750739841927,96.87762379534195,22.041766806358428
1154,2446.503356691705,311.0920926098189,1,1,2,33.0,2423.2052372837843,490.76318306065264,2446.5033566917045,0.9993285996905082,0.9758629368273316,1.0181643038023216,0.011197742679572261,18.437538889782815,-2.521043328705929,20.958582218488743,23.298119407920694,0.9614587757344065,199.47019250583986,81.01526596871113,75.98568181350677,21.113344611223077
1155,2445.4395720191037,276.4207606217445,1,1,2,32.0,2423.2052372837843,490.76318306065264,2445.4395720191037,0.9991065144855463,0.9765817615106981,1.018574169956847,0.010625463210052559,9.642893496952553,-8.499374409016042,18.142267905968595,22.234334735319408,0.9175588758731096,219.33574388521228,79.17746500536614,84.27915091067929,20.926520828463826
1156,2445.5679935448384,288.55989286422846,1,1,2,32.0,2423.2052372837843,490.76318306065264,2445.5679935448384,1.0000448777043909,0.975100206282244,1.0191194109909028,0.011456113758052541,9.737315915329276,-10.590598484710085,20.32791440003936,22.362756261054074,0.9228585312121932,202.52414335182354,80.34950771282853,67.73492639445683,20.93903793734587
1157,2451.055901757213,343.347801920829,1,1,2,33.0,2423.2052372837843,490.76318306065264,2451.055901757213,0.998574235815224,0.9673970948490179,1.0256610165980984,0.013953176752551416,14.335063186273288,-9.515731731755068,23.850794918028356,27.85066447342888,1.1493316391411899,219.17608285529715,89.88208417513792,61.21021294520719,22.935209559106028
1158,2408.851581127391,291.5271136216325,1,1,2,33.0,2381.975859050833,482.7750714811208,2408.851581127391,1.0010131520155605,0.977865087701243,1.0223477489086497,0.011039420724078288,8.203103138987814,-11.813861289318396,20.01696442830621,26.87572207655785,1.1282953172861816,237.209652582052,86.79989672137732,97.77834016720882,22.975664372842147
1159,2409.165138332422,333.22960708476273,1,1,2,33.0,2381.975859050833,482.7750714811208,2409.165138332422,0.9998236491572065,0.9738440773423465,1.021986857858094,0.011259784645553607,28.229940874607507,4.750604416919373,23.479336457688134,27.189279281588824,1.1414590613199236,225.10351985594062,89.32303541997793,75.9321078111166,22.871235413697185
1160,2403.172460149799,254.39119228884752,11,7,18,32.0,2381.975859050833,482.7750714811208,2403.1724601497995,1.002545475607817,0.9775749844120402,1.0248987893539456,0.011085012717759449,6.99873657371856,-11.765663763948623,18.764400337667183,21.196601098965857,0.8898747238946516,239.13285740591203,75.31343841329502,71.73014778712403,20.01079605423785
1161,2403.247154773665,254.8886433865742,10,7,17,32.0,2381.975859050833,482.7750714811208,2403.2471547736654,1.0022266983373316,0.9773979747221925,1.024642971343364,0.011022626623435297,10.380241682377488,-8.365647828614897,18.745889510992384,21.271295722831837,0.8930105501282452,239.25537475969293,75.60127202804028,71.81836591766128,20.061626129538453
1162,2403.9303059616914,261.7325105954365,0,0,0,32.0,2381.975859050833,482.7750714811208,2403.930305961691,0.9982997446740254,0.9756103499050564,1.0191898735909863,0.011791231298080336,1.3045341882165644,-18.923445350478886,20.22797953869545,21.954446910858223,0.9216905716083371,214.4367970197195,78.87485986298941,75.58112307401129,20.594312640268726
1163,2409.165138332422,333.22960708476273,1,1,2,33.0,2381.975859050833,482.7750714811208,2409.165138332422,0.9998236491572065,0.9738440773423465,1.021986857858094,0.011259784645553607,28.229940874607507,4.750604416919373,23.479336457688134,27.189279281588824,1.1414590613199236,225.10351985594062,89.32303541997793,75.9321078111166,22.871235413697185
1164,2403.172460149799,254.39119228884752,11,7,18,32.0,2381.975859050833,482.7750714811208,2403.1724601497995,1.002545475607817,0.9775749844120402,1.0248987893539456,0.011085012717759449,6.99873657371856,-11.765663763948623,18.764400337667183,21.196601098965857,0.8898747238946516,239.13285740591203,75.31343841329502,71.73014778712403,20.01079605423785
1165,2403.9303059616914,261.7325105954365,0,0,0,32.0,2381.975859050833,482.7750714811208,2403.930305961691,0.9982997446740254,0.9756103499050564,1.0191898735909863,0.011791231298080336,1.3045341882165644,-18.923445350478886,20.22797953869545,21.954446910858223,0.9216905716083371,214.4367970197195,78.87485986298941,75.58112307401129,20.594312640268726
1166,2403.247154773665,254.8886433865742,10,7,17,32.0,2381.975859050833,482.7750714811208,2403.2471547736654,1.0022266983373316,0.9773979747221925,1.024642971343364,0.011022626623435297,10.380241682377488,-8.365647828614897,18.745889510992384,21.271295722831837,0.8930105501282452,239.25537475969293,75.60127202804028,71.81836591766128,20.061626129538453
1167,2408.5775918376826,322.2631139339772,1,1,2,33.0,2381.975859050833,482.7750714811208,2408.5775918376826,1.0000677578437822,0.974820226042093,1.022145366090627,0.011223629920975208,18.005229374583195,-4.724846231897715,22.73007560648091,26.601732786849425,1.1167927116377094,232.66262175878114,86.30582707314773,57.80164190805881,22.219705062413055
1168,2408.472143163966,315.7318517220889,1,1,2,32.0,2381.975859050833,482.7750714811208,2408.4721431639655,1.0004802743872647,0.9736766676299817,1.0224560031838594,0.011408419287765703,13.92464652180766,-10.088502720647512,24.01314924245517,26.496284113132788,1.1123657703101573,221.82274035263427,88.88044322927377,57.17111141902508,22.755954239237358
1169,2403.3287556783002,264.5917167510288,13,7,20,32.0,2381.975859050833,482.7750714811208,2403.3287556783007,1.0016711212406986,0.9768522578098058,1.0237764669697103,0.01108782566478846,11.74292392953879,-7.60071728362189,19.34364121316068,21.35289662746709,0.8964363155206688,242.72482196135857,77.01628465802933,54.66647012928535,20.325647567447426
1170,2403.3287558421116,264.5916977411918,13,7,20,32.0,2381.975859050833,482.7750714811208,2403.3287558421116,1.0016711431316239,0.9768522371750953,1.0237764788499182,0.011087844034502648,5.683738106323716,-13.659780205725554,19.34351831204927,21.352896791278454,0.8964363223977899,242.72439790784057,77.01552778725802,54.666472808634396,20.32549613578114
1171,2407.9812510031325,300.79721346785254,1,1,2,32.0,2381.975859050833,482.7750714811208,2407.9812510031325,1.0008176480522188,0.9739846529123624,1.0232768945627748,0.011282984805742836,21.039693129158763,-3.543776342100898,24.58346947125966,26.005391952299306,1.091757158389586,221.32523468604157,85.99125519840659,78.13058942885108,22.192329541798905
1172,2403.3287556783002,264.5917167510288,13,7,20,32.0,2381.975859050833,482.7750714811208,2403.3287556783007,1.0016711212406986,0.9768522578098058,1.0237764669697103,0.01108782566478846,11.74292392953879,-7.60071728362189,19.34364121316068,21.35289662746709,0.8964363155206688,242.72482196135857,77.01628465802933,54.66647012928535,20.325647567447426
1173,2407.724334574576,286.21598987227276,1,1,2,32.0,2381.975859050833,482.7750714811208,2407.724334574576,1.001467011807516,0.9741533958708286,1.024168336051677,0.011361993841050834,13.942587800104235,-10.48123179725502,24.423819597359255,25.748475523742854,1.0809713048058798,232.02798252932854,85.40045861762898,91.16846877132024,22.180397044501582
1174,2408.5775918376826,322.2631139339772,1,1,2,33.0,2381.975859050833,482.7750714811208,2408.5775918376826,1.0000677578437822,0.974820226042093,1.022145366090627,0.011223629920975208,18.005229374583195,-4.724846231897715,22.73007560648091,26.601732786849425,1.1167927116377094,232.66262175878114,86.30582707314773,57.80164190805881,22.219705062413055
1175,2403.1019475081885,253.86125677816523,11,7,18,32.0,2381.975859050833,482.7750714811208,2403.1019475081885,1.0022724318833918,0.9775135653174919,1.0246742833921767,0.011008582910317253,8.493815878748222,-10.22664820366063,18.720464082408853,21.12608845735531,0.8869144654460774,238.90224098621192,75.17282922815045,71.7645089594351,19.975275922492358
1176,2403.101942149556,253.8610981801176,11,7,18,32.0,2381.975859050833,482.7750714811208,2403.101942149556,1.0022724563761163,0.9775134630861744,1.024674321731504,0.011008607418307493,10.719780877040307,-8.000867659702322,18.72064853674263,21.12608309872303,0.8869142404802257,238.9005915762657,75.17228060179632,71.76490273808609,19.975164139641024
1177,2341.662616691102,247.7556321022825,1,1,2,33.0,2319.6150397768606,469.0633930699165,2341.6626166911024,1.001267581408026,0.9742576028885476,1.0224228517756404,0.01146260883733775,14.7129686094259,-4.356833561524866,19.069802170950766,22.04757691424129,0.9504843060666737,220.19991324247675,75.96722562450361,63.26931005379084,19.929357803783056
1178,2346.1441212477284,291.34892941984845,1,1,2,33.0,2319.6150397768606,469.0633930699165,2346.1441212477284,1.000189827304126,0.9720001066605707,1.0207565475410227,0.012074788439391962,-3.9824628707845875,-25.905270596045966,21.92280772526138,26.529081470867823,1.1436846638750813,227.96302594824684,84.76412364161801,56.50977040543489,21.736779342235188
1179,2344.4552570424244,262.6252301120999,1,1,2,33.0,2319.6150397768606,469.0633930699165,2344.455257042424,1.0012664432019693,0.9717554234216,1.03114460226388,0.013936282848589974,-101.37981899213628,-122.59858964038449,21.21877064824821,24.84021726556375,1.0708767118510019,217.5710274493631,79.74108900336633,76.9773025076413,20.72518784806373
1180,2343.255386541937,252.96067748857433,1,1,2,33.0,2319.6150397768606,469.0633930699165,2343.255386541937,1.001837500859058,0.9716343068268504,1.023036196889783,0.011893381479597348,20.674114980071067,-1.6099682722332318,22.2840832523043,23.640346765076174,1.0191495726528095,207.78593080483304,77.35571349314846,75.26065645434234,20.165464016696024
1181,2346.8977335822956,303.7651708507243,1,1,2,32.0,2319.6150397768606,469.0633930699165,2346.8977335822956,0.9998601851112118,0.9699236012773487,1.0204665414716731,0.01215886067298377,-17.673459292646186,-40.8119275045901,23.138468211943916,27.282693805434974,1.176173345041748,213.0841671203211,88.84651245664574,52.8773346929174,22.574715009067074
1182,2346.838308253071,285.36598801264375,1,1,2,33.0,2319.6150397768606,469.0633930699165,2346.838308253071,1.000335166779417,0.9713077049205531,1.0206345006695168,0.011895601463241931,6.905779374865659,-16.590315743626633,23.496095118492292,27.22326847621025,1.173611483344626,210.43209626249134,83.99324626447225,80.71098405005024,21.559862400137934
1183,2344.131110598629,256.07223517438405,1,1,2,33.0,2319.6150397768606,469.0633930699165,2344.131110598629,1.0009338871262718,0.9729012708075212,1.0223144047801704,0.011524765219476629,5.985979391657509,-15.536262432154956,21.522241823812465,24.516070821768608,1.0569025636308589,209.29933260207528,78.45192501915353,82.81510505455888,20.497327584915453
1184,2347.8089759978484,303.1359301167977,1,1,2,33.0,2319.6150397768606,469.0633930699165,2347.8089759978484,0.9975685494984811,0.9695324424876388,1.0139489678350577,0.013159776482198245,14.3926778208737,-8.806730604379936,23.199408425253637,28.19393622098778,1.215457553840483,261.253002613919,82.06231182187075,80.45750611602345,21.150927500134163
1185,2346.299727561638,294.6957553458469,1,1,2,32.0,2319.6150397768606,469.0633930699165,2346.2997275616385,1.0000845553894848,0.9705945720379321,1.0209932503435253,0.011908589490497635,6.096917990481018,-17.476556244110498,23.573474234591515,26.684687784777452,1.150392945690869,206.3092972271623,87.72828471527193,52.85915821436015,22.37521775349165
1186,2346.1441212477284,291.34892941984845,1,1,2,33.0,2319.6150397768606,469.0633930699165,2346.1441212477284,1.000189827304126,0.9720001066605707,1.0207565475410227,0.012074788439391962,-3.9824628707845875,-25.905270596045966,21.92280772526138,26.529081470867823,1.1436846638750813,227.96302594824684,84.76412364161801,56.50977040543489,21.736779342235188
1187,2341.662616691102,247.7556321022825,1,1,2,33.0,2319.6150397768606,469.0633930699165,2341.6626166911024,1.001267581408026,0.9742576028885476,1.0224228517756404,0.01146260883733775,14.7129686094259,-4.356833561524866,19.069802170950766,22.04757691424129,0.9504843060666737,220.19991324247675,75.96722562450361,63.26931005379084,19.929357803783056
1188,2342.49577492745,255.91535144158908,1,1,2,33.0,2319.6150397768606,469.0633930699165,2342.49577492745,1.0005384596716704,0.970561862051632,1.0218736510187973,0.012783111769667494,10.352359518141242,-9.627215180449355,19.979574698590596,22.880735150589317,0.9864022589192373,219.95687414977226,76.60351102690205,64.98574823206651,19.920808234292817
1189,2343.1723514376326,263.2525912366574,1,1,2,32.0,2319.6150397768606,469.0633930699165,2343.1723514376326,1.0010288612863658,0.972454252554688,1.0220640460974422,0.011628938717724508,15.0773944192469,-6.297118185318425,21.374512604565325,23.55731166077203,1.0155698793467973,215.86875141110193,81.18277729189231,51.14167035714433,20.981577733433376
1190,2341.63241323595,244.71861302497078,1,1,2,33.0,2319.6150397768606,469.0633930699165,2341.6324132359496,1.001503310557058,0.9685222066016601,1.0236927862147605,0.012870070626778238,54.37401250779877,35.09152628782101,19.282486219977756,22.017373459089413,0.9491822169426618,214.89011447747924,76.02954958905808,63.3415016790037,19.817341729977684
1191,2346.1441212477284,291.34892941984845,1,1,2,33.0,2319.6150397768606,469.0633930699165,2346.1441212477284,1.000189827304126,0.9720001066605707,1.0207565475410227,0.012074788439391962,-3.9824628707845875,-25.905270596045966,21.92280772526138,26.529081470867823,1.1436846638750813,227.96302594824684,84.76412364161801,56.50977040543489,21.736779342235188
1192,2341.6445273031986,247.91725140331727,1,1,2,33.0,2319.6150397768606,469.0633930699165,2341.6445273031986,0.9999012763541179,0.9689670491981645,1.0241518057720174,0.014726324395256476,6.014196791188027,-13.546745313041043,19.56094210422907,22.029487526338016,0.9497044616703805,241.63277813480352,75.16100526482893,65.84595808076871,19.784535974191083
1193,2341.63241323595,244.71861302497078,1,1,2,33.0,2319.6150397768606,469.0633930699165,2341.6324132359496,1.001503310557058,0.9685222066016601,1.0236927862147605,0.012870070626778238,54.37401250779877,35.09152628782101,19.282486219977756,22.017373459089413,0.9491822169426618,214.89011447747924,76.02954958905808,63.3415016790037,19.817341729977684
1194,2345.525586409238,298.9813624779678,1,1,2,33.0,2319.6150397768606,469.0633930699165,2345.525586409238,0.9984262118008921,0.9666433301152323,1.0209519048067037,0.01534123704899376,38.28904727899945,15.6985446358824,22.59050264311705,25.91054663237719,1.1170192548359101,211.57322251466272,84.69380220855248,55.04510414000101,21.698841629167568
1195,2341.6445273031986,247.91725140331727,1,1,2,33.0,2319.6150397768606,469.0633930699165,2341.6445273031986,0.9999012763541179,0.9689670491981645,1.0241518057720174,0.014726324395256476,6.014196791188027,-13.546745313041043,19.56094210422907,22.029487526338016,0.9497044616703805,241.63277813480352,75.16100526482893,65.84595808076871,19.784535974191083
1196,2343.002162452957,250.99825279311392,4,1,5,32.0,2319.6150397768606,469.0633930699165,2343.0021624529572,0.9996642968092679,0.9737525874129183,1.0218915657434704,0.01071488532801885,-26.100231647959845,-43.895251544650336,17.79501989669049,23.38712267609617,1.0082329298203694,236.3562884363642,79.99387707564395,67.37271254847411,20.7199305804249
1197,2311.0342237354157,301.2536691672374,1,1,2,33.0,2282.1778523294515,463.46224245497,2311.0342237354157,1.0018898275408923,0.9763410684919284,1.0239374359164968,0.010406124908707494,53.73912688276454,21.34773859600068,32.391388286763856,28.856371405964182,1.2644225504383926,215.19011348236785,78.41553479651226,99.71963254574948,21.2058562949678
1198,2307.0699405447167,296.1598817258692,1,1,2,33.0,2282.1778523294515,463.46224245497,2307.069940544717,0.9999648712394519,0.9686160652925374,1.0249829169351035,0.014906477717817316,25.23293025968013,-0.3892968916388213,25.622227151318953,24.892088215265176,1.0907164045018432,196.76985418785796,83.51908827311681,63.28873841015822,21.4420758431633
1199,2305.238952384239,246.19905029789962,6,1,7,32.0,2282.1778523294515,463.46224245497,2305.238952384239,1.0026712493458565,0.9760535546701137,1.024113185307472,0.010768697004358025,-35.161274522141525,-57.08190261613717,21.920628093995646,23.061100054787403,1.0104865416710889,199.90980164506806,80.29965085978999,97.94940824616535,21.500691107787507
1200,2310.0327991709837,330.54131827021865,1,1,2,33.0,2282.1778523294515,463.46224245497,2310.0327991709837,0.9987742945422565,0.972376909358641,1.015441450040038,0.011567841045691552,-62.60543402075828,-90.65274798687582,28.047313966117542,27.854946841532183,1.2205423347308466,277.608308176306,88.67143948464286,58.590915139737646,23.188275210973593
1201,2311.0586964092313,323.6485600677537,1,1,2,33.0,2282.1778523294515,463.46224245497,2311.0586964092313,1.000438776552621,0.9719699631396099,1.0219358998729504,0.011309567991740032,22.907504609905857,-2.4679034051844155,25.375408015090272,28.880844079779763,1.2654948890289455,232.7467931190886,90.5565137058903,64.97890849995204,23.091616620015824
1202,2308.1628021476113,300.56840268495023,1,1,2,32.0,2282.1778523294515,463.46224245497,2308.1628021476117,1.0011980787338857,0.9737252741758479,1.0230891462292326,0.011214500948792835,31.545375031281793,7.4671374919940945,24.0782375392877,25.98494981815975,1.138603189564588,213.00574481518305,88.68394100615565,61.76553236457774,22.761775760067092
1203,2308.952315092261,276.8359626131756,1,1,2,33.0,2282.1778523294515,463.46224245497,2308.9523150922605,1.0019991485133755,0.9721507756773297,1.0235018110496021,0.011284395337899922,138.67861862162408,113.13695159823823,25.541667023385855,26.774462762809435,1.1731979054778907,240.4188458839815,86.10519699239683,98.35069866594097,22.62653789337665
1204,2311.0342237354157,301.2536691672374,1,1,2,33.0,2282.1778523294515,463.46224245497,2311.0342237354157,1.0018898275408923,0.9763410684919284,1.0239374359164968,0.010406124908707494,53.73912688276454,21.34773859600068,32.391388286763856,28.856371405964182,1.2644225504383926,215.19011348236785,78.41553479651226,99.71963254574948,21.2058562949678
1205,2302.3370101596893,239.1957099120699,11,7,18,32.0,2282.1778523294515,463.46224245497,2302.3370101596897,1.0030200901463526,0.977130979683495,1.0249118630389251,0.010831285266289776,13.053690719915636,-5.072321825476763,18.1260125453924,20.159157830237746,0.8833298338103232,214.07849373923523,74.57334793010767,72.76642757667878,19.815590094979612
1206,2306.4641800771783,257.3639739520869,1,1,2,33.0,2282.1778523294515,463.46224245497,2306.4641800771783,1.0020880234739813,0.9634844360379285,1.0253418180636762,0.012614457413377763,12.650595885603707,-10.272630415812358,22.923226301416065,24.286327747726773,1.0641733168577274,224.06444969928273,83.8637009561643,80.3718124656931,21.985038539770816
1207,2308.1628021476113,300.56840268495023,1,1,2,32.0,2282.1778523294515,463.46224245497,2308.1628021476117,1.0011980787338857,0.9737252741758479,1.0230891462292326,0.011214500948792835,31.545375031281793,7.4671374919940945,24.0782375392877,25.98494981815975,1.138603189564588,213.00574481518305,88.68394100615565,61.76553236457774,22.761775760067092
1208,2308.9854756363934,333.03042212985935,1,1,2,33.0,2282.1778523294515,463.46224245497,2308.9854756363934,1.0001469401441092,0.9722737100492161,1.0221099785779502,0.011249762481727238,-50.25884641249098,-75.23557655621731,24.97673014372633,26.807623306941878,1.1746509273840755,245.21299665468175,89.43331636585494,58.905932639218996,22.716021275246334
1209,2311.1608902240146,327.52737473576724,1,1,2,33.0,2282.1778523294515,463.46224245497,2311.1608902240146,1.0010507140472116,0.9775187124969946,1.0234100523167353,0.010716504026468164,14.250371089568631,-11.128391356279622,25.378762445848253,28.98303789456304,1.2699727965977603,186.92813180090235,86.19293303089133,43.68827993482798,22.11326012869988
1210,2302.3677180337204,237.7905136917924,12,1,13,32.0,2282.1778523294515,463.46224245497,2302.36771803372,1.0018942401961475,0.9768734488790392,1.0245625669928762,0.010296095291470513,6.866684534204921,-10.415623932916503,17.282308467121425,20.18986570426887,0.8846753851221886,222.44202017282143,76.35540067791881,74.46637620355261,20.18495521016273
1211,2302.5387409153077,247.71260938459457,2,1,3,32.0,2282.1778523294515,463.46224245497,2302.5387409153077,1.0025427433835747,0.9762865059008097,1.0248000294340824,0.01091762684674738,176.64956694718086,-179.4280338133035,356.07760076048436,20.360888585856173,0.8921692305914513,208.94014824435962,78.42555775462773,59.062046407899906,20.60799674945796
1212,2307.542524492881,269.2986228359903,1,1,2,32.0,2282.1778523294515,463.46224245497,2307.542524492881,1.0020553330355624,0.9754857925298701,1.0232007604835633,0.010911954436755461,5.399308373925976,-16.41039555885908,21.809703932785055,25.364672163429532,1.111423990796311,198.51878590726827,84.61355590525766,91.86046352205516,22.14965384205459
1213,2306.94851231214,266.48050000850753,1,1,2,33.0,2282.1778523294515,463.46224245497,2306.9485123121394,1.001973596409757,0.9742460352562805,1.0241754459197814,0.010970138621987622,54.01209454024365,28.919845361450882,25.09224917879277,24.770659982688358,1.0853956871680528,209.62170204650542,80.27774372196855,95.95525423928723,21.437225348802897
1214,2308.1628021476113,300.56840268495023,1,1,2,32.0,2282.1778523294515,463.46224245497,2308.1628021476117,1.0011980787338857,0.9737252741758479,1.0230891462292326,0.011214500948792835,31.545375031281793,7.4671374919940945,24.0782375392877,25.98494981815975,1.138603189564588,213.00574481518305,88.68394100615565,61.76553236457774,22.761775760067092
1215,2264.9639486938954,232.5409819366859,1,1,2,33.0,2245.041752142083,458.51493386722103,2264.963948693896,1.002759010854856,0.9754576460342288,1.0259692327970253,0.011240522154711028,51.1197887782447,32.55539108934687,18.564397688897827,19.92219655181225,0.887386460978006,224.04789665558695,71.16157760696962,67.11518353436429,18.99012778497552
1216,2264.304364627082,224.10757056205105,11,7,18,32.0,2245.041752142083,458.51493386722103,2264.304364627082,1.0032576395142299,0.9757412175035882,1.0263388898084065,0.011230844792858933,32.401677586331516,14.130009991673461,18.271667594658055,19.262612484998954,0.8580068707684271,222.23351667135495,71.82302695120983,66.86426119657092,19.127701648649037
1217,2268.887711353919,291.3349118615889,1,1,2,33.0,2245.041752142083,458.51493386722103,2268.887711353919,0.9997076362328206,0.9669719568728007,1.0251319145387472,0.014313176318665475,9.139623098206073,-14.408790787950863,23.548413886156936,23.845959211835634,1.0621610573203488,244.94529588992387,85.18345124552897,59.820996139519586,21.678905062753703
1218,2264.42465597026,225.1819552079605,7,1,8,32.0,2245.041752142083,458.51493386722103,2264.42465597026,1.0032330560100446,0.9757073359837354,1.0263129713917383,0.011236794969123614,11.085633848569245,-7.2408955077629855,18.32652935633223,19.38290382817695,0.8633649601252606,222.43767843828422,72.07557894218846,66.88964555240577,19.178148358407178
1219,2268.946836196933,268.6627643912457,1,1,2,33.0,2245.041752142083,458.51493386722103,2268.946836196933,1.0019623700447566,0.972867012677947,1.0251349403269474,0.011338940493222186,10.808505829882279,-12.188541141335179,22.997046971217458,23.905084054849794,1.0647946316384098,206.53291425896114,82.67853970097855,76.75345831451594,21.29951027253729
1220,2264.42465597026,225.1819552079605,7,1,8,32.0,2245.041752142083,458.51493386722103,2264.42465597026,1.0032330560100446,0.9757073359837354,1.0263129713917383,0.011236794969123614,11.085633848569245,-7.2408955077629855,18.32652935633223,19.38290382817695,0.8633649601252606,222.43767843828422,72.07557894218846,66.88964555240577,19.178148358407178
1221,2269.8402329025485,265.51546533613964,2,1,3,33.0,2245.041752142083,458.51493386722103,2269.840232902548,1.0010872786101945,0.9690588269302087,1.0217225508336818,0.012272185598508782,52.49158758895015,28.82079410428892,23.670793484661232,24.79848076046528,1.1045888450316823,294.10120564642193,72.18739276207911,96.18792733393288,19.605235741811132
1222,2273.269491010161,321.18702307271417,1,1,2,33.0,2245.041752142083,458.51493386722103,2273.269491010161,1.000885431529482,0.9683111265549572,1.0314894739874878,0.013859213396879812,19.0491282088733,-10.56498609491291,29.61411430378621,28.227738868077722,1.2573369221817152,243.98380167764336,90.91857493399114,60.908291862721974,22.94492667151092
1223,2270.288508703285,255.36689301443062,1,1,2,32.0,2245.041752142083,458.51493386722103,2270.2885087032846,1.0022010428500423,0.9723585903697695,1.0253111440762588,0.0113991524659809,31.59904532078187,6.270693025139167,25.328352295642702,25.24675656120189,1.1245562153627193,223.24331175696943,82.28321839490768,99.95278728690099,21.727047195660727
1224,2268.4620913599515,242.47576808143032,1,1,2,33.0,2245.041752142083,458.51493386722103,2268.462091359951,1.0025583758806136,0.9737203216515081,1.0258087512600427,0.011223429519616865,19.723382982058865,-3.697933583998889,23.421316566057754,23.42033921786833,1.0432028355607221,202.7998413257884,78.94602422118832,99.85315754680143,21.160175202415665
1225,2269.8402329025485,265.51546533613964,2,1,3,33.0,2245.041752142083,458.51493386722103,2269.840232902548,1.0010872786101945,0.9690588269302087,1.0217225508336818,0.012272185598508782,52.49158758895015,28.82079410428892,23.670793484661232,24.79848076046528,1.1045888450316823,294.10120564642193,72.18739276207911,96.18792733393288,19.605235741811132
1226,2276.361629436149,326.3134978697799,1,1,2,33.0,2245.041752142083,458.51493386722103,2276.361629436149,0.9991260541869128,0.9658391733126762,1.0181014301703815,0.012260084177386036,33.75506334945882,2.006337776127424,31.7487255733314,31.31987729406592,1.3950688117128505,278.96395474137313,92.03408229176274,99.58661828401884,24.403829548809597
1227,2265.1254307731615,234.9956805875008,1,1,2,33.0,2245.041752142083,458.51493386722103,2265.1254307731615,1.0029011694584065,0.9754678874334217,1.0256689428554506,0.011533410026391846,79.49681610887819,60.470960456259206,19.025855652618986,20.083678631078328,0.8945792928757648,230.9602134885764,71.85857817064436,68.41865340166842,19.11436396913337
1228,2270.288508703285,255.36689301443062,1,1,2,32.0,2245.041752142083,458.51493386722103,2270.2885087032846,1.0022010428500423,0.9723585903697695,1.0253111440762588,0.0113991524659809,31.59904532078187,6.270693025139167,25.328352295642702,25.24675656120189,1.1245562153627193,223.24331175696943,82.28321839490768,99.95278728690099,21.727047195660727
1229,2269.8402329025485,265.51546533613964,2,1,3,33.0,2245.041752142083,458.51493386722103,2269.840232902548,1.0010872786101945,0.9690588269302087,1.0217225508336818,0.012272185598508782,52.49158758895015,28.82079410428892,23.670793484661232,24.79848076046528,1.1045888450316823,294.10120564642193,72.18739276207911,96.18792733393288,19.605235741811132
1230,2268.4620913599515,242.47576808143032,1,1,2,33.0,2245.041752142083,458.51493386722103,2268.462091359951,1.0025583758806136,0.9737203216515081,1.0258087512600427,0.011223429519616865,19.723382982058865,-3.697933583998889,23.421316566057754,23.42033921786833,1.0432028355607221,202.7998413257884,78.94602422118832,99.85315754680143,21.160175202415665
1231,2268.8289987050916,243.5030713756033,1,1,2,32.0,2245.041752142083,458.51493386722103,2268.828998705092,1.002621490174126,0.9732352289686417,1.0253666556038732,0.01149847055127193,24.864609253352455,2.6272752690745733,22.237333984277882,23.787246563008466,1.0595458432036782,216.53539700088925,82.13692118664692,98.72444797481671,21.722348482724883
1232,2264.3039206716303,224.10013429454557,11,7,18,32.0,2245.041752142083,458.51493386722103,2264.30392067163,1.0032578306264393,0.9757420675248164,1.0263389027589278,0.011230784888327522,-43.97009419987205,-62.240062788550745,18.269968588678694,19.262168529547125,0.8579870958376755,222.24266996923237,71.82025268077874,66.86792957141188,19.127147091026355
1233,2272.3797900713053,274.6269198863265,1,1,2,32.0,2245.041752142083,458.51493386722103,2272.379790071305,1.0016897330683807,0.9709701597461976,1.025233502490254,0.011510569876366176,23.380102162358924,-3.439336255301953,26.819438417660876,27.338037929222082,1.2177073278542716,245.91230502854734,88.9343322766234,99.71731292754447,23.08192714926902
1234,2253.411782738318,240.12959579165224,1,1,2,32.0,2230.0998291425226,455.82278736717683,2253.411782738318,1.0037942491075855,0.9763833249594375,1.0287994329857504,0.010393813160108773,14.441619005998177,-7.614602082736866,22.056221088735043,23.31195359579533,1.0453322892167933,217.8869927894381,83.98254070798389,84.38803351903476,21.951993771966432
1235,2255.4441142560936,292.0910331656982,1,1,2,33.0,2230.0998291425226,455.82278736717683,2255.444114256094,1.000728081048345,0.9687582392819077,1.028539659821738,0.014337001355754428,17.16554017374864,-7.054952123327922,24.22049229707656,25.344285113571004,1.1364641520696375,203.87804879195664,87.13667214611485,57.87031576626023,22.344942594903625
1236,2251.4947797405302,229.2536699743868,1,1,2,33.0,2230.0998291425226,455.82278736717683,2251.49477974053,1.0040403217357683,0.9785571967293447,1.0289291791416295,0.010084134647230883,-91.55089090631907,-109.86324920555154,18.31235829923247,21.394950598007654,0.9593718773672142,218.89135195710563,76.31982065081036,89.35251459404745,20.48343986061268
1237,2250.051797265834,224.31622233208674,11,7,18,32.0,2230.0998291425226,455.82278736717683,2250.051797265834,1.0043294120772641,0.9782262156532634,1.0291411786677354,0.010338492929905681,-121.8029643211776,-139.4568521961786,17.653887875001004,19.951968123311417,0.8946670396805951,228.34229694560273,73.44286550557274,70.55552499565016,19.562588658465888
1238,2251.7226920454623,260.934738254987,1,1,2,33.0,2230.0998291425226,455.82278736717683,2251.7226920454623,1.001156611051834,0.9760159746071214,1.0211793784317347,0.010772670348000276,4.538848787572704,-15.423463403316816,19.96231219088952,21.622862902939687,0.969591702594485,267.9941714125449,77.3516882710344,75.58820408640989,20.122162092931752
1239,2258.5574541788146,267.2832565294037,1,1,2,32.0,2230.0998291425226,455.82278736717683,2258.557454178815,1.0027886216506134,0.9737075276434557,1.0273244812200024,0.010631632623305926,12.394019323810795,-13.309289801400155,25.70330912521095,28.45762503629203,1.2760695581611716,265.0824892417932,88.78559600368072,99.91545354817089,23.29177862919375
1240,2252.1692380988993,245.19773986658086,1,1,2,33.0,2230.0998291425226,455.82278736717683,2252.1692380988993,1.0035365542731605,0.972154096596706,1.0294919736035946,0.011522970775373018,7.973182939086513,-12.212802332811009,20.185985271897522,22.06940895637672,0.9896152929110105,204.75356059491676,81.97572827119859,61.1659819075568,21.0273180867219
1241,2251.287424902405,238.148038347446,1,1,2,33.0,2230.0998291425226,455.82278736717683,2251.2874249024044,1.0041946378139268,0.977484447646002,1.0356958369577483,0.012284218471078686,15.977121090108028,-2.744288147000077,18.721409237108105,21.187595759882242,0.9500738703714852,227.1637510599272,76.81900977711616,70.43900455056644,20.330859536049648
1242,2250.2842746211854,230.24976117300034,1,1,2,32.0,2230.0998291425226,455.82278736717683,2250.2842746211854,1.0041736778018822,0.9779950909718359,1.02889200225259,0.010385296926957421,9.286748550077078,-8.804188464186666,18.090937014263744,20.184445478662838,0.9050915665252436,225.48515062279114,76.77161314592847,59.51357560753407,20.19753507377286
1243,2249.577022615629,221.04743223548098,11,6,17,32.0,2230.0998291425226,455.82278736717683,2249.5770226156296,1.00447851244407,0.9783673968674679,1.0293077229620549,0.010355093694128473,5.144920993212111,-12.321786375126635,17.466707368338746,19.47719347310658,0.8733776496721045,226.91020359530123,73.35760380444074,67.84438094057545,19.514534381849717
1244,2252.9538265233527,259.3906103674004,1,1,2,33.0,2230.0998291425226,455.82278736717683,2252.953826523353,1.0013077406877038,0.9754271798097427,1.0222318485346842,0.011027929178646442,12.873235962722845,-7.79507204700252,20.668308009725365,22.85399738083015,1.0247970553684833,273.0300160770904,75.7704078068012,66.25206041437475,19.79586533403923
1245,2249.4447525243077,217.69118506168368,13,7,20,32.0,2230.0998291425226,455.82278736717683,2249.444752524308,1.0034874452251727,0.9778682889593996,1.0285627385594274,0.010180976036873166,-1.6507785735884113,-19.631129533754546,17.980350960166135,19.344923381785065,0.8674465209579081,219.45166384302013,73.27416603598125,72.94404926477911,19.50864865614652
1246,2255.147642402069,273.9907636023288,1,1,2,32.0,2230.0998291425226,455.82278736717683,2255.147642402069,1.0027490475300176,0.9752299763233985,1.0271648821534431,0.010672905481637605,22.310521401592297,0.20241125318864306,22.108110148403654,25.047813259546274,1.1231700452251594,221.59980592939087,88.2167061578961,57.698415364407516,22.68589085681516
1247,2258.1605106769316,271.66675382360154,1,1,2,32.0,2230.0998291425226,455.82278736717683,2258.160510676931,1.0027166447334055,0.9732796839005933,1.0276568651796671,0.010664911680278381,-121.46579925441529,-147.85819799548062,26.392398741065335,28.060681534409014,1.2582701979399011,267.58718886308895,88.0376199559874,86.6290989834705,22.713706160385062
1248,2256.516918263536,290.73412285836804,1,1,2,33.0,2230.0998291425226,455.82278736717683,2256.5169182635354,1.0023097261984966,0.9746173176902994,1.0268073718313546,0.010857500490131441,96.00499196564522,72.22825643985323,23.77673552579199,26.417089121013305,1.1845698015756865,237.43012660273664,89.87911929181018,61.94540293154957,22.647776310044947
1249,2254.5931125125253,243.21757056738053,1,1,2,32.0,2230.0998291425226,455.82278736717683,2254.5931125125253,1.0039350076231537,0.9762135768679031,1.0290782929788944,0.0104487796802463,-9.905206596995697,-32.87776298252757,22.972556385531874,24.4932833700027,1.0983043471834357,214.70476072323427,85.25727903333949,93.5303491008183,22.370756563914533
1250,2249.8194588321617,248.9132465167233,1,1,2,33.0,2230.0998291425226,455.82278736717683,2249.8194588321617,1.00379014053445,0.980492110678497,1.0283281852423687,0.009822212234667458,-21.30416213833047,-36.977798790188444,15.673636651857976,19.719629689639078,0.8842487422287867,217.94692791015945,78.60352477064927,47.21709298163836,20.38159557391301
1251,2249.4447525243077,217.69118506168368,13,7,20,32.0,2230.0998291425226,455.82278736717683,2249.444752524308,1.0034874452251727,0.9778682889593996,1.0285627385594274,0.010180976036873166,-1.6507785735884113,-19.631129533754546,17.980350960166135,19.344923381785065,0.8674465209579081,219.45166384302013,73.27416603598125,72.94404926477911,19.50864865614652
1252,2255.153333430095,260.8374385194534,1,1,2,33.0,2230.0998291425226,455.82278736717683,2255.153333430095,1.0021453185247615,0.9751233917490637,1.0242113286149943,0.010549694403028845,-42.447024193952814,-63.22574878180876,20.778724587855947,25.053504287572196,1.1234252368516306,299.19067331760243,76.32672372258018,99.46773106893465,20.60651128277601
1253,2258.878467074152,277.5093708393287,1,1,2,33.0,2230.0998291425226,455.82278736717683,2258.878467074152,1.0017732351363133,0.9718268851765993,1.0260752417194579,0.011585296837589163,7.219475232885401,-17.52340281321966,24.742878046105062,28.77863793162942,1.2904641108687434,258.8423547537629,89.27342824579044,98.87400498153895,23.292815288395314
1254,2255.535549007538,242.27784273697802,1,1,2,32.0,2230.2913699938913,453.97659972243093,2255.5355490075376,1.003301456839825,0.9777767441650477,1.0266091453200687,0.010615073763997444,10.056972636895864,-13.548153819661593,23.605126456557457,25.24417901364677,1.1318780744650379,229.38193548578928,83.69639252464107,99.97984961701704,22.068831739306916
1255,2255.732348148606,267.69592087747986,1,1,2,33.0,2230.2913699938913,453.97659972243093,2255.7323481486064,1.0025309151353188,0.9793459526193624,1.0254789087615697,0.01076145602072189,-37.66782315124087,-58.008470195447046,20.34064704420618,25.440978154714685,1.1407019951292,202.71870670861878,84.4090465519395,55.23391370385822,21.627302156231426
1256,2250.893175615356,214.1422678562944,11,7,18,32.0,2230.2913699938913,453.97659972243093,2250.893175615356,1.004090025734412,0.9811883304414146,1.0275281224666886,0.010440922300060114,162.4069752087562,144.2791040796708,18.127871129085406,20.60180562146479,0.9237270922821721,200.5752533339912,71.25198489689308,73.83229542770277,19.02175752737894
1257,2257.9387086196125,262.102595229105,1,1,2,32.0,2230.2913699938913,453.97659972243093,2257.938708619613,1.0026713736473034,0.977099575003302,1.026231659177125,0.010465201318417626,-135.86966601565132,-162.90067145889054,27.031005443239223,27.647338625721204,1.2396290008420259,232.25055655452124,84.6684897539398,99.98015687847158,22.31985879300984
1258,2258.8354725473287,294.45200214079205,1,1,2,33.0,2230.2913699938913,453.97659972243093,2258.835472547329,1.0015591050761545,0.9764585125269265,1.0249029307877038,0.010873188825441594,11.876544448538965,-13.405701705687818,25.282246154226783,28.54410255343737,1.2798373762938227,226.67172085229836,87.5413250641,52.108309994872585,22.22330263490113
1259,2250.5345570595036,210.67473011871948,11,7,18,32.0,2230.2913699938913,453.97659972243093,2250.5345570595036,1.0045324399029287,0.9814743286357703,1.0280693866551989,0.01050051065773648,3.491445870284082,-14.459148880634586,17.95059475091867,20.243187065612346,0.9076476436201155,199.88598329393727,70.67687285962856,73.44998853771392,18.82666384405432
1260,2262.653542647409,305.5080140915391,1,1,2,32.0,2230.2913699938913,453.97659972243093,2262.653542647409,1.001398843634582,0.9734835839984113,1.0245699464004487,0.011081494820611493,21.034045331085878,-8.070954527981911,29.10499985906779,32.36217265351752,1.4510289143792974,264.55525347388283,93.72761124770058,99.81519938377387,24.30537153080115
1261,2254.4687395070277,232.29482454772918,1,1,2,32.0,2230.2913699938913,453.97659972243093,2254.468739507028,1.0034991346211184,0.9791569432642542,1.0268630725838148,0.010379011742553845,147.60891097747577,124.07315434179702,23.53575663567875,24.177369513136455,1.0840453331979971,205.83864837223476,79.35451491896816,99.03643663331741,21.253260182016867
1262,2261.662942577434,299.2497004366965,1,1,2,32.0,2230.2913699938913,453.97659972243093,2261.662942577434,1.0016031144202429,0.9735136194143693,1.0251278391646952,0.011051659423108108,14.894168292560238,-13.722480359748147,28.616648652308385,31.37157258354273,1.4066131899003247,277.9544323627437,93.32261788205926,99.94212413823902,24.18202853535511
1263,2260.7632813001474,290.1050994581542,1,1,2,32.0,2230.2913699938913,453.97659972243093,2260.763281300148,1.0018576293355852,0.9756421818644838,1.025112150759084,0.010731328678164533,39.44192081003189,11.584395514288985,27.857525295742903,30.47191130625606,1.3662749054326262,235.20685764277368,90.7499235218249,90.12148625048134,23.386507644289026
1264,2253.7951059788616,243.38924213334968,1,1,2,32.0,2230.2913699938913,453.97659972243093,2253.795105978861,1.0031950071913884,0.9793882991603894,1.0266546937200833,0.010589462331629282,176.37543123442777,154.73105112310463,21.64438011132313,23.503735984970263,1.0538414980745157,191.76070091443918,79.99524679037802,60.76118410077549,20.866712644572004
1265,2255.535549007538,242.27784273697802,1,1,2,32.0,2230.2913699938913,453.97659972243093,2255.5355490075376,1.003301456839825,0.9777767441650477,1.0266091453200687,0.010615073763997444,10.056972636895864,-13.548153819661593,23.605126456557457,25.24417901364677,1.1318780744650379,229.38193548578928,83.69639252464107,99.97984961701704,22.068831739306916
1266,2254.4687395070277,232.29482454772918,1,1,2,32.0,2230.2913699938913,453.97659972243093,2254.468739507028,1.0034991346211184,0.9791569432642542,1.0268630725838148,0.010379011742553845,147.60891097747577,124.07315434179702,23.53575663567875,24.177369513136455,1.0840453331979971,205.83864837223476,79.35451491896816,99.03643663331741,21.253260182016867
1267,2250.150632198365,208.4719286460381,13,7,20,32.0,2230.2913699938913,453.97659972243093,2250.150632198365,1.0032221374599228,0.981008985818565,1.0268379447297071,0.01025540358253581,-110.66863004200059,-128.70882083679817,18.04019079479758,19.859262204473907,0.8904335313160585,197.08202116481073,70.40241728259508,74.41867407349207,18.743168132727092
1268,2255.518800179698,252.13053349288316,1,1,2,33.0,2230.2913699938913,453.97659972243093,2255.518800179698,1.0032228095284814,0.9777558543409715,1.0265565331185964,0.0107468647214755,31.880879299849767,7.522255665225231,24.358623634624536,25.227430185806497,1.1311271040732043,242.1692467409169,80.86174650901833,99.80392239287488,21.513057626938167
1269,2258.631571433083,304.58163982715996,1,1,2,33.0,2230.2913699938913,453.97659972243093,2258.631571433083,1.0011955443115788,0.9767896465769694,1.0240520807595503,0.010845502498783514,-18.642982046421338,-43.00598893979037,24.363006893369032,28.340201439191787,1.270695023102269,229.65278190858186,86.54069988912829,52.3587401031955,22.021832118356443
1270,2256.4417761170776,246.9453938469892,1,1,2,33.0,2230.2913699938913,453.97659972243093,2256.441776117077,1.0006039153383226,0.9797353273099418,1.0183983965268697,0.011128293166948485,-26.911566529052777,-46.16211464292968,19.250548113876903,26.150406123186258,1.172510752407112,213.59370254545885,74.81272456858578,99.78445659519535,20.134594063680577
1271,2250.150632198365,208.4719286460381,13,7,20,32.0,2230.2913699938913,453.97659972243093,2250.150632198365,1.0032221374599228,0.981008985818565,1.0268379447297071,0.01025540358253581,-110.66863004200059,-128.70882083679817,18.04019079479758,19.859262204473907,0.8904335313160585,197.08202116481073,70.40241728259508,74.41867407349207,18.743168132727092
1272,2278.061904947195,312.24772384729937,1,1,2,33.0,2250.0223277344962,457.01808164674145,2278.061904947195,1.0009590672924067,0.9775783409456106,1.0231160763363005,0.010653205438102225,178.4676336540038,-178.04027939870508,356.5079130527089,28.039577212698987,1.246191065176295,225.87167387949404,89.2864059150077,53.13037063737237,22.733338667335442
1273,2273.0625994397324,254.97993222653514,0,0,0,32.0,2250.0223277344962,457.01808164674145,2273.0625994397324,0.9991033086180283,0.9790599544247806,1.0206962256255756,0.011315937351415985,-55.58654326200485,-76.58223763108253,20.995694369077682,23.040271705236137,1.0240019141692225,209.8844469569225,81.22911004547299,57.181686012204445,21.025351091874192
1274,2270.9284588864703,223.23489094056777,13,7,20,32.0,2250.0223277344962,457.01808164674145,2270.9284588864703,1.0026319029928727,0.9814689205203869,1.025689844233242,0.01015503754299818,119.14902781385604,99.9213181844226,19.227709629433434,20.906131151974023,0.9291521641486998,215.63545264879292,73.95352976852584,72.30930592046182,19.692392216152886
1275,2279.787312589594,332.18245976761426,1,1,2,33.0,2250.0223277344962,457.01808164674145,2279.787312589594,1.0000505689200034,0.977586010797064,1.0213730935258398,0.010913761159189989,22.228287351704324,-4.122017438456851,26.350304790161175,29.764984855097737,1.3228750883137912,216.30256786807948,89.62078770952681,52.985310050468485,22.82509106721856
1276,2280.5189291203064,323.166158309178,1,1,2,33.0,2250.0223277344962,457.01808164674145,2280.518929120307,1.0018191248403128,0.9804642205090975,1.024924093754338,0.009967640004291815,93.47469823835007,59.072854283414756,34.401843954935316,30.49660138581021,1.355391055897505,224.34220070701411,82.7730963664527,99.76546385541445,22.017413400565534
1277,2277.8949746269486,264.47684044738025,1,1,2,32.0,2250.0223277344962,457.01808164674145,2277.894974626948,1.0028034755420194,0.9792163220446739,1.0262368368120065,0.010236384549010548,14.913449258413863,-11.4931517287323,26.406600987146163,27.872646892452394,1.2387720134544986,212.83757270363967,88.03358642996179,99.57579429501918,23.093323721824888
1278,2275.989213636845,265.5530894375829,1,1,2,33.0,2250.0223277344962,457.01808164674145,2275.9892136368453,1.0014737089142047,0.9775527035745114,1.0245132669408232,0.011549026385499633,11.166265855962735,-12.696208200078871,23.862474056041606,25.966885902348622,1.154072365517109,217.2189737046957,83.8651009737208,91.7414976328791,21.991651675721574
1279,2276.122677611154,283.66246588495625,1,1,2,32.0,2250.0223277344962,457.01808164674145,2276.1226776111534,1.001997418477708,0.9784556874334527,1.0244890152229835,0.01065291808908926,170.0065512775558,145.92507055384522,24.08148072371057,26.100349876657674,1.1600040388460326,227.29343196370243,86.36961605693288,54.00596254531328,22.14715859843894
1280,2276.054988921708,266.9594644300894,1,1,2,33.0,2250.0223277344962,457.01808164674145,2276.054988921708,1.0023785906654368,0.9792558883647602,1.0255854797191648,0.01037275020866945,50.84896088411466,26.316523271258774,24.532437612855887,26.032661187211943,1.156995682501681,213.61425534242656,84.88528312874237,90.76581686253992,22.201112127265098
1281,2281.4554975690126,301.70676651342995,1,1,2,33.0,2250.0223277344962,457.01808164674145,2281.4554975690126,1.0012234858393667,0.9777683497572495,1.0249203046139748,0.010391092081910462,27.837169208808433,-0.2580442010857098,28.095213409894143,31.43316983451632,1.3970159072228305,211.62740576686815,92.15923872387236,98.91737507856764,24.10552324315299
1282,2275.989213636845,265.5530894375829,1,1,2,33.0,2250.0223277344962,457.01808164674145,2275.9892136368453,1.0014737089142047,0.9775527035745114,1.0245132669408232,0.011549026385499633,11.166265855962735,-12.696208200078871,23.862474056041606,25.966885902348622,1.154072365517109,217.2189737046957,83.8651009737208,91.7414976328791,21.991651675721574
1283,2277.233156495699,261.1798240828906,1,1,2,32.0,2250.0223277344962,457.01808164674145,2277.2331564956985,1.002581659123125,0.9787507258568987,1.025787284635099,0.010274401599083067,15.657806088290329,-10.647816072973484,26.305622161263813,27.21082876120272,1.2093581661743231,229.364306893042,86.37801809616178,99.9105734274395,22.72942054983855
1284,2273.5803659201483,246.37519973036348,1,1,2,32.0,2250.0223277344962,457.01808164674145,2273.5803659201483,1.002914835969418,0.9805701693168617,1.0258251020315774,0.010452419283413977,-3.7508206734299847,-23.40279458302939,19.651973909599405,23.558038185652094,1.0470135293889384,226.037392015298,80.65383049101044,67.79033103104334,21.01530560606124
1285,2276.083635732911,277.0548842763461,1,1,2,33.0,2250.0223277344962,457.01808164674145,2276.083635732911,1.0028087271173638,0.9790905707266093,1.036308852727871,0.01224696893986158,16.529919548552982,-9.716187698853503,26.246107247406485,26.061307998414577,1.1582688614763748,224.1426203819031,87.66028694504861,54.994715291089506,22.23958134957576
1286,2275.0948178074113,296.35843729853343,1,1,2,33.0,2250.0223277344962,457.01808164674145,2275.094817807412,0.9996758787571801,0.9737302735979272,1.024032639465616,0.013450882768540166,-13.462880414446772,-37.530479521581924,24.067599107135152,25.072490072915116,1.1143218342264238,254.42643622204534,85.86016337753513,56.351630969736,21.953283099431907
1287,2279.1803818941007,318.80314689300224,1,1,2,32.0,2250.0223277344962,457.01808164674145,2279.1803818941007,1.0001873838086521,0.9772108334977169,1.0213997947740663,0.01094739768355014,118.49039671892865,91.05108811679861,27.43930860213004,29.15805415960449,1.2959006584153843,228.10739630428597,90.75463312883798,51.9215650658292,23.019848264131525
1288,2278.166715771855,277.24753000400693,1,1,2,33.0,2250.0223277344962,457.01808164674145,2278.166715771855,1.0012862461906862,0.9811381742738662,1.0208505321827062,0.01011056237566161,-33.0399543463688,-56.89448363578279,23.85452928941399,28.144388037358567,1.250849277824572,246.49292723996138,85.19182710975053,97.58079078693534,23.210012943751565
1289,2276.860767310147,258.45074402801197,1,1,2,33.0,2250.0223277344962,457.01808164674145,2276.8607673101465,1.0025516330604674,0.9800274636526344,1.0259216696529743,0.010281264869944632,11.979959556898223,-13.0606187579059,25.040578314804122,26.838439575650682,1.1928076999428616,187.73077559089612,81.58246604616205,99.59977223999006,21.806405182998045
1290,2276.207958635505,281.3922263383261,1,1,2,32.0,2250.0223277344962,457.01808164674145,2276.207958635505,1.0017559919776227,0.9783333934707064,1.0245848962239763,0.01053888152353283,6.356378996103473,-19.340306948826594,25.696685944930067,26.185630901008608,1.1637942689828509,212.21363317179765,87.99243962668986,54.73181169469113,22.508842734881625
1291,2276.678498281306,283.6451354692804,1,1,2,33.0,2250.0223277344962,457.01808164674145,2276.678498281306,1.0019367971862387,0.9787260778211961,1.0245200963157792,0.01031427300849547,60.290499234683864,35.41379119265301,24.876708042030856,26.65617054680979,1.1847069346040389,247.57042318795902,82.6240096298654,96.50162889899315,21.880576427784174
1292,2311.4025587436054,278.5289951089821,1,1,2,33.0,2286.563415439558,463.2146935524936,2311.4025587436054,1.0015256668424446,0.9739205985983711,1.0322734329369432,0.01367093898044041,1.0111261904222602,-20.65910137566874,21.670227566091,24.83914330404741,1.0863089620137412,201.30649841362208,80.11086922595825,84.65912589915114,21.150784700536857
1293,2313.027012296946,306.3557203904891,1,1,2,32.0,2286.563415439558,463.2146935524936,2313.027012296946,0.9998296509617789,0.9743233769046714,1.021505377817592,0.011778450459125822,6.950169345995874,-16.877788406702706,23.82795775269858,26.463596857387984,1.1573524127386052,209.72902453028968,86.97838789308355,56.58935580790104,22.21590019336406
1294,2311.4025587436054,278.5289951089821,1,1,2,33.0,2286.563415439558,463.2146935524936,2311.4025587436054,1.0015256668424446,0.9739205985983711,1.0322734329369432,0.01367093898044041,1.0111261904222602,-20.65910137566874,21.670227566091,24.83914330404741,1.0863089620137412,201.30649841362208,80.11086922595825,84.65912589915114,21.150784700536857
1295,2310.241697973661,252.57337582304186,1,1,2,33.0,2286.563415439558,463.2146935524936,2310.2416979736604,1.0019511317627179,0.9766521959371157,1.022014303393818,0.010946977647268537,27.57048448542733,5.771280564038108,21.79920392138922,23.67828253410289,1.0355401636455857,209.14992096687675,79.13237562551802,99.29414987316527,21.119009950467817
1296,2306.6096441191794,237.49344142637767,11,6,17,32.0,2286.563415439558,463.2146935524936,2306.60964411918,1.002540515584365,0.9785281879645712,1.0244177851155696,0.01100508427340418,91.5639793542162,73.8039781735352,17.760001180681,20.046228679621436,0.8766968169027513,209.5581018306725,71.48695802284651,72.49428056455768,19.05518951679817
1297,2307.904818609174,248.25484437281668,0,0,0,32.0,2286.563415439558,463.2146935524936,2307.904818609174,0.9982436557264451,0.9761317261572068,1.018838041315301,0.012032947054185469,10.74383200216397,-9.298028302199384,20.041860304363354,21.341403169616115,0.9333396583498449,189.54017331604544,76.87479445486619,71.46924664822573,20.06059532775911
1298,2306.6050447083285,237.43989342668226,11,6,17,32.0,2286.563415439558,463.2146935524936,2306.6050447083285,1.0025422829356343,0.9785333672982356,1.0244184933874179,0.011004697518411478,13.143206208266747,-4.601597240252346,17.744803448519093,20.04162926877052,0.8764956674039068,209.60342076193052,71.47049435124933,72.5197480631392,19.05182198478253
1299,2312.4124592679436,282.1265420090362,1,1,2,33.0,2286.563415439558,463.2146935524936,2312.4124592679436,0.999772710643828,0.9704557281603391,1.0236476037807778,0.01442550623254571,-13.050053291739147,-33.28243765286237,20.232384361123223,25.849043828385675,1.130475702263284,201.55875831890785,83.72294983992384,94.13893869460904,21.818900720297325
1300,2308.851338753036,244.5390825427855,1,1,2,33.0,2286.563415439558,463.2146935524936,2308.8513387530365,1.00178363637168,0.9799496224057681,1.0229941427445846,0.010574285067618192,-62.772571300381884,-79.59941170852446,16.826840408142573,22.28792331347813,0.9747345366843284,229.34218460078384,71.02788989658706,99.91892318821183,19.54437157541637
1301,2312.4124592679436,282.1265420090362,1,1,2,33.0,2286.563415439558,463.2146935524936,2312.4124592679436,0.999772710643828,0.9704557281603391,1.0236476037807778,0.01442550623254571,-13.050053291739147,-33.28243765286237,20.232384361123223,25.849043828385675,1.130475702263284,201.55875831890785,83.72294983992384,94.13893869460904,21.818900720297325
1302,2306.467041680248,235.8367995837994,13,7,20,32.0,2286.563415439558,463.2146935524936,2306.467041680248,1.0014799746588499,0.977846153983702,1.023555748104208,0.010843578766913452,37.09292744164571,18.609437661982582,18.48348977966313,19.903626240689846,0.8704602770382237,203.23156304412328,72.02433789861958,74.9027046957422,19.13385044975809
1303,2310.241697973661,252.57337582304186,1,1,2,33.0,2286.563415439558,463.2146935524936,2310.2416979736604,1.0019511317627179,0.9766521959371157,1.022014303393818,0.010946977647268537,27.57048448542733,5.771280564038108,21.79920392138922,23.67828253410289,1.0355401636455857,209.14992096687675,79.13237562551802,99.29414987316527,21.119009950467817
1304,2307.2649924098714,243.8941159788747,1,1,2,32.0,2286.563415439558,463.2146935524936,2307.2649924098714,1.0022729008929487,0.9779946864267687,1.024269088926407,0.01102258016168812,6.286594494352954,-12.728483092144728,19.015077586497682,20.701576970313454,0.9053576572829878,206.41332792224608,73.85653547157557,70.73603243393359,19.5355736862384
1305,2312.8906499362574,306.6698294629594,1,1,2,33.0,2286.563415439558,463.2146935524936,2312.8906499362574,0.9998559760029694,0.9747234139663385,1.0203997847938986,0.011551667377759027,-84.68993139793747,-109.49975218006148,24.809820782124007,26.327234496699475,1.1513887749156722,212.0642337929038,87.25740368566755,53.251603697212104,22.3239319604471
1306,2309.607782769212,284.5036153112369,1,1,2,33.0,2286.563415439558,463.2146935524936,2309.6077827692125,1.001641762636647,0.9767529768675828,1.023776203632307,0.01122898445083165,-82.48159346535158,-107.69844229955743,25.216848834205848,23.04436732965405,1.007816672568607,196.74580389316534,77.37707176910794,62.23574135728151,20.262165594933848
1307,2306.6050447083285,237.43989342668226,11,6,17,32.0,2286.563415439558,463.2146935524936,2306.6050447083285,1.0025422829356343,0.9785333672982356,1.0244184933874179,0.011004697518411478,13.143206208266747,-4.601597240252346,17.744803448519093,20.04162926877052,0.8764956674039068,209.60342076193052,71.47049435124933,72.5197480631392,19.05182198478253
1308,2309.9099460335374,273.4627831829527,1,1,2,33.0,2286.563415439558,463.2146935524936,2309.9099460335374,1.0013692873765472,0.9769266139858921,1.0229555627863565,0.011535122435960235,101.10020514215967,80.19076271907625,20.90944242308342,23.346530593979423,1.0210314061852248,213.96963781924816,79.13347758221136,63.809932259390834,20.598314299712428
1309,2311.4025587436054,278.5289951089821,1,1,2,33.0,2286.563415439558,463.2146935524936,2311.4025587436054,1.0015256668424446,0.9739205985983711,1.0322734329369432,0.01367093898044041,1.0111261904222602,-20.65910137566874,21.670227566091,24.83914330404741,1.0863089620137412,201.30649841362208,80.11086922595825,84.65912589915114,21.150784700536857
1310,2391.4902670688584,251.10283746866904,10,7,17,32.0,2368.911004999466,481.9581258662298,2391.490267068858,1.0015644874899972,0.9772621491667945,1.0209504038917754,0.010780295283584462,11.036195300360106,-7.571586393994153,18.60778169435426,22.57926206939237,0.9531494438474045,237.70604442578454,75.44126032942249,68.8929837070995,19.967823455664536
1311,2397.1880047374007,297.9682444485857,1,1,2,33.0,2368.911004999466,481.9581258662298,2397.1880047374,1.0002138847844255,0.9752776801342451,1.0191674153763675,0.01133738591642993,18.478977319785173,-4.7906212399069545,23.269598559692128,28.276999737934602,1.193670833486671,228.21536611393935,84.84430857887078,73.606476057546,21.890590973509042
1312,2395.640372926434,276.4947163839277,1,1,2,33.0,2368.911004999466,481.9581258662298,2395.640372926434,1.0006253239028717,0.9763770775437416,1.0197628741096998,0.0108568645138391,11.152529047123323,-10.315955443075183,21.468484490198506,26.729367926967825,1.1283398941774028,205.0492493395534,80.7518752286301,96.89862366508997,21.483668543218226
1313,2395.9340287520768,274.52378063489977,2,1,3,33.0,2368.911004999466,481.9581258662298,2395.9340287520768,0.9989563080461918,0.959741866026211,1.017947770620333,0.013848336583692378,-20.973529727747405,-41.519468747472104,20.5459390197247,27.023023752610698,1.1407361313101245,207.66863372122594,80.531702669335,99.72004817070209,21.79622785201679
1314,2393.372572208106,262.55834547559783,0,0,0,32.0,2368.911004999466,481.9581258662298,2393.372572208106,0.9976403275835372,0.9753480482975736,1.0156556260409266,0.011875782271911111,16.228255491529495,-2.758579181374415,18.98683467290391,24.461567208639735,1.0326081122091477,232.56898394203583,78.48307998466849,78.43471289039063,20.627669706626694
1315,2397.1880047374007,297.9682444485857,1,1,2,33.0,2368.911004999466,481.9581258662298,2397.1880047374,1.0002138847844255,0.9752776801342451,1.0191674153763675,0.01133738591642993,18.478977319785173,-4.7906212399069545,23.269598559692128,28.276999737934602,1.193670833486671,228.21536611393935,84.84430857887078,73.606476057546,21.890590973509042
1316,2391.496963112345,257.5136428065782,13,7,20,32.0,2368.911004999466,481.9581258662298,2391.4969631123445,1.0011071057253116,0.9768783897143897,1.0203208537293427,0.010862020093726282,0.2490925522400289,-18.829682173580068,19.078774725820097,22.58595811287887,0.953432107209277,240.0915850351856,76.83884853731041,54.15922293973671,20.240966944952866
1317,2394.5497961557544,257.74492710824643,1,1,2,32.0,2368.911004999466,481.9581258662298,2394.549796155755,1.0011579965352273,0.9775314853783263,1.0201536424370177,0.010724593586805636,0.9964667519181489,-18.694630701395596,19.691097453313745,25.638791156288335,1.08230284304387,234.08240796753324,76.60041060889435,98.35271416485638,20.694659049740746
1318,2395.9478876474454,294.0904546002164,1,1,2,32.0,2368.911004999466,481.9581258662298,2395.9478876474454,1.0002904019847036,0.9748196290770085,1.0197060928002957,0.011054234655890696,20.396109180232514,-3.232870007010092,23.628979187242606,27.036882647979382,1.1413211636452116,229.36564189005261,86.58089997623495,59.706189454687774,22.366607385863023
1319,2396.474175495181,295.31422405308086,1,1,2,32.0,2368.911004999466,481.9581258662298,2396.474175495181,1.0001398830240904,0.9764177805505098,1.0191285836450186,0.010880563782466107,10.17099187211187,-10.197353162923093,20.368345035034963,27.563170495714985,1.1635376102160155,250.5843617130464,86.50101377803014,58.014282430144284,22.24433817306138
1320,2391.3183026942147,249.6949078575692,11,6,17,32.0,2368.911004999466,481.9581258662298,2391.3183026942147,1.0016777514701445,0.9774128232580386,1.020994336302117,0.010800433549751173,10.534142824165116,-7.793685267708554,18.32782809187367,22.40729769474865,0.9458902275121011,237.4401951167803,75.06257972924037,68.8526053359926,19.893022834553545
1321,2395.8999040884396,282.6254983920186,4,1,5,33.0,2368.911004999466,481.9581258662298,2395.899904088439,0.99941905436476,0.9737207728821038,1.0159034788424275,0.011603587640774005,9.497889829985752,-11.98157561170143,21.479465441687182,26.98889908897354,1.1392956101776235,319.8848998445444,72.98915018822629,80.6891418735598,19.503234645388044
1322,2391.80062371963,254.21353228754987,11,7,18,32.0,2368.911004999466,481.9581258662298,2391.8006237196296,1.0015135642064006,0.977145054735514,1.020867608213781,0.010826256616235019,10.510706767090909,-8.340578979473662,18.85128574656457,22.88961872016398,0.9662506810874957,238.3029933352658,76.08599049337629,69.12398628522733,20.18351420715501
1323,2395.640372926434,276.4947163839277,1,1,2,33.0,2368.911004999466,481.9581258662298,2395.640372926434,1.0006253239028717,0.9763770775437416,1.0197628741096998,0.0108568645138391,11.152529047123323,-10.315955443075183,21.468484490198506,26.729367926967825,1.1283398941774028,205.0492493395534,80.7518752286301,96.89862366508997,21.483668543218226
1324,2391.3183026942147,249.6949078575692,11,6,17,32.0,2368.911004999466,481.9581258662298,2391.3183026942147,1.0016777514701445,0.9774128232580386,1.020994336302117,0.010800433549751173,10.534142824165116,-7.793685267708554,18.32782809187367,22.40729769474865,0.9458902275121011,237.4401951167803,75.06257972924037,68.8526053359926,19.893022834553545
1325,2391.4954728714,257.5014168859989,13,7,20,32.0,2368.911004999466,481.9581258662298,2391.4954728714,1.0011076806927302,0.9768790033339141,1.0203214020161713,0.010862084350895558,6.759398942912782,-12.316805198385225,19.076204141298007,22.584467871934066,0.9533691989386979,240.09421101388435,76.8445212823231,54.1635551498605,20.24208731006741
1326,2391.80062371963,254.21353228754987,11,7,18,32.0,2368.911004999466,481.9581258662298,2391.8006237196296,1.0015135642064006,0.977145054735514,1.020867608213781,0.010826256616235019,10.510706767090909,-8.340578979473662,18.85128574656457,22.88961872016398,0.9662506810874957,238.3029933352658,76.08599049337629,69.12398628522733,20.18351420715501
1327,2391.4398119849157,250.62283380413072,11,7,18,32.0,2368.911004999466,481.9581258662298,2391.4398119849157,1.0018873467604095,0.9774423737486048,1.021245811106266,0.010840020736759754,10.797304687476299,-7.838533723467037,18.635838410943336,22.52880698544959,0.9510195586876709,237.50861379791365,75.41198174644944,68.82282197765893,19.971047234460027
1328,2391.4902670688584,251.10283746866904,10,7,17,32.0,2368.911004999466,481.9581258662298,2391.490267068858,1.0015644874899972,0.9772621491667945,1.0209504038917754,0.010780295283584462,11.036195300360106,-7.571586393994153,18.60778169435426,22.57926206939237,0.9531494438474045,237.70604442578454,75.44126032942249,68.8929837070995,19.967823455664536
1329,2391.4902670688584,251.10283746866904,10,7,17,32.0,2368.911004999466,481.9581258662298,2391.490267068858,1.0015644874899972,0.9772621491667945,1.0209504038917754,0.010780295283584462,11.036195300360106,-7.571586393994153,18.60778169435426,22.57926206939237,0.9531494438474045,237.70604442578454,75.44126032942249,68.8929837070995,19.967823455664536
1330,2511.816701289794,323.86254936978094,1,1,2,33.0,2485.350217157924,504.07497123611387,2511.816701289794,0.997350315736834,0.9710603271062302,1.0137014407027478,0.013364422767770041,15.88565237885382,-4.688027684246549,20.57368006310037,26.466484131869947,1.064899584338468,232.50170057173634,83.04322467228367,83.18831555543554,21.7145729862071
1331,2513.3839999845422,323.78897891875147,1,1,2,33.0,2485.350217157924,504.07497123611387,2513.3839999845422,0.996843305484502,0.97106721674351,1.0131633497448278,0.012273956120162613,14.696495690303891,-9.091728406877849,23.78822409718174,28.033782826618335,1.1279610669387208,256.48265860709006,82.376219242542,84.22674446714609,22.06852144258457
1332,2509.651319159402,301.3357345734477,1,1,2,32.0,2485.350217157924,504.07497123611387,2509.651319159402,0.9986868364031835,0.9720224493794771,1.016255370410754,0.011902902026180157,49.84693642002105,30.039595865809844,19.80734055421121,24.301102001478284,0.9777737492974877,225.9824694235523,81.05441550878523,68.96434029428444,21.383991627707044
1333,2513.3839999845422,323.78897891875147,1,1,2,33.0,2485.350217157924,504.07497123611387,2513.3839999845422,0.996843305484502,0.97106721674351,1.0131633497448278,0.012273956120162613,14.696495690303891,-9.091728406877849,23.78822409718174,28.033782826618335,1.1279610669387208,256.48265860709006,82.376219242542,84.22674446714609,22.06852144258457
1334,2512.545345544123,329.3684449947176,1,1,2,33.0,2485.350217157924,504.07497123611387,2512.545345544123,0.9974946500911775,0.9544461127732585,1.0169207282898276,0.014395435569806221,7.6859691344797625,-17.398893266082013,25.084862400561775,27.19512838619903,1.094217152916884,210.43745277896954,87.55933782396892,55.48827526249305,22.95265069722049
1335,2512.4680111037806,331.43202532012793,1,1,2,32.0,2485.350217157924,504.07497123611387,2512.4680111037806,0.9977889099877224,0.9705127351365092,1.015109850021105,0.012160868948512598,10.496188275734795,-11.001929031258783,21.498117306993578,27.117793945856647,1.0911055415307505,219.76170672238493,87.3790036233969,68.76868688432015,22.63186187320713
1336,2508.6580591188067,294.05866046225066,11,7,18,32.0,2485.350217157924,504.07497123611387,2508.6580591188067,0.9990328429219462,0.9725856976253456,1.0164959228179018,0.011932457815132894,11.879375531041745,-6.793292668376068,18.672668199417814,23.307841960882797,0.9378091586438891,231.22891125659794,78.15515693080225,70.22698496175201,20.897860623960824
1337,2511.240937869145,326.54567443275545,1,1,2,32.0,2485.350217157924,504.07497123611387,2511.240937869145,0.9975965909469563,0.9704104840407222,1.0148749330610434,0.012182964799653707,31.269349050322717,9.599561843404672,21.669787206918045,25.890720711221093,1.0417332950696963,219.07423364516546,86.02047458459026,49.710046572291546,22.32030992233377
1338,2512.986177797946,333.92386291980966,1,1,2,33.0,2485.350217157924,504.07497123611387,2512.9861777979454,0.9948823924112856,0.9700699124866271,1.0130257951130217,0.013641972192466118,9.944314763081849,-9.65314575794298,19.59746052102483,27.63596064002195,1.1119543816896975,260.0257764051184,81.98523979677212,83.27187743180907,21.485150930158902
1339,2511.555830986809,328.2443738394937,1,1,2,33.0,2485.350217157924,504.07497123611387,2511.5558309868084,0.9980033961526198,0.9712581317850107,1.0153981179338254,0.012011884387592266,16.70383769651005,-3.585495695638997,20.289333392149047,26.205613828884907,1.0544032646977153,223.17149798223653,85.20808874219337,68.42414866841241,22.17347630728782
1340,2508.4405897990746,290.28836760491635,10,7,17,32.0,2485.350217157924,504.07497123611387,2508.4405897990746,0.9990664303399814,0.9727360722974446,1.0165586438036094,0.01188434516143193,18.54966084107693,0.19031480564515846,18.35934603543177,23.09037264115068,0.9290591113374455,230.39591306841066,77.5025248741447,70.06072938667516,20.702581063442516
1341,2511.6269390377734,343.6371438395477,1,1,2,33.0,2485.350217157924,504.07497123611387,2511.626939037774,0.9958367267454152,0.9643148333279136,1.0156266798154974,0.016145277116953877,17.818729083405685,-3.420746627596685,21.23947571100237,26.276721879849447,1.0572643524620728,197.690476153211,84.21549219274898,57.16461537740337,21.725200148769066
1342,2511.1995411389066,317.5678318510461,1,1,2,33.0,2485.350217157924,504.07497123611387,2511.1995411389066,0.9984892448298099,0.9709910509449707,1.0159422906114275,0.012057134452885743,15.1773553045075,-5.582118371635886,20.759473676143386,25.849323980982717,1.040067665415067,217.93540369535168,83.92488414030795,74.36509890960771,21.8779666362517
1343,2513.3839999845422,323.78897891875147,1,1,2,33.0,2485.350217157924,504.07497123611387,2513.3839999845422,0.996843305484502,0.97106721674351,1.0131633497448278,0.012273956120162613,14.696495690303891,-9.091728406877849,23.78822409718174,28.033782826618335,1.1279610669387208,256.48265860709006,82.376219242542,84.22674446714609,22.06852144258457
1344,2512.800752891881,341.355452504879,1,1,2,33.0,2485.350217157924,504.07497123611387,2512.800752891881,0.9972611776178999,0.9712280954221386,1.0147762270501668,0.012006378534535324,11.943791420351062,-9.148968038595541,21.092759458946603,27.450535733957167,1.1044936663030016,291.15405483871604,85.68356899757998,63.548632844412964,22.248388471517984
1345,2513.3540584524026,342.50462236062435,1,1,2,33.0,2485.350217157924,504.07497123611387,2513.3540584524026,0.9970060897417783,0.9709648173555655,1.0130991545453851,0.012247351020475744,6.959606007428931,-15.27257324451179,22.23217925194072,28.00384129447866,1.1267563460936276,226.27846384551256,89.23377621745033,69.06019264801387,23.124965327316556
1346,2508.24422858514,289.0767792852741,11,6,17,32.0,2485.350217157924,504.07497123611387,2508.2442285851394,0.9992150358515572,0.9729557382971846,1.0166195325465317,0.011911491738732884,8.733776502060664,-9.414222108211561,18.147998610272225,22.8940114272159,0.9211583650933478,230.13524871426986,77.11747909335578,70.01169725443023,20.62055485620137
1347,2512.545345544123,329.3684449947176,1,1,2,33.0,2485.350217157924,504.07497123611387,2512.545345544123,0.9974946500911775,0.9544461127732585,1.0169207282898276,0.014395435569806221,7.6859691344797625,-17.398893266082013,25.084862400561775,27.19512838619903,1.094217152916884,210.43745277896954,87.55933782396892,55.48827526249305,22.95265069722049
1348,2512.4680111037806,331.43202532012793,1,1,2,32.0,2485.350217157924,504.07497123611387,2512.4680111037806,0.9977889099877224,0.9705127351365092,1.015109850021105,0.012160868948512598,10.496188275734795,-11.001929031258783,21.498117306993578,27.117793945856647,1.0911055415307505,219.76170672238493,87.3790036233969,68.76868688432015,22.63186187320713
1349,2574.5427359729206,305.8810022072389,14,7,21,32.0,2550.532600221598,518.1031903311664,2574.5427359729206,0.9981808746987886,0.9740508832762338,1.0152122706263453,0.012011780336395775,10.971616931442895,-7.933983768971615,18.90560070041451,24.01013575132265,0.9413773322966574,223.49348171643348,79.06816506161098,51.19477727012905,21.036000144491947
1350,2578.1427384755034,338.95974195049627,1,1,2,33.0,2550.532600221598,518.1031903311664,2578.1427384755034,0.9980031446278224,0.9736845849099179,1.015077036129397,0.011904770739118801,19.442956378194737,-6.137594952640825,25.58055133083556,27.61013825390546,1.0825244206447944,207.3730880964506,79.92355883366677,80.36520067541619,21.192057179791345
1351,2578.321692304978,328.83167341880016,1,1,2,33.0,2550.532600221598,518.1031903311664,2578.3216923049786,0.9973594493880612,0.9736378318198363,1.0146640567928495,0.011903122675845935,-1.925603009837772,-21.95998022660214,20.03437721676437,27.789092083380183,1.0895407524281706,270.4103494517624,81.00479119604995,75.7828440144387,21.48218562901027
1352,2573.8986477206954,291.1476405505699,11,6,17,32.0,2550.532600221598,518.1031903311664,2573.8986477206954,0.9989636340375241,0.974809679031414,1.016103838809335,0.011891226167836225,9.429744704604389,-8.456379740003968,17.886124444608356,23.366047499097476,0.9161242438958578,219.7730358125233,76.48356776875161,73.90083375425257,20.539992923410843
1353,2577.1521596144157,313.2228329846867,1,1,2,33.0,2550.532600221598,518.1031903311664,2577.1521596144157,0.9963671273684711,0.9642699065977693,1.0173960977902123,0.01568593165695681,8.08243690509292,-10.10182953977312,18.18426644486604,26.61955939281779,1.0436863026375356,247.43162886983035,80.42820592609121,80.2713824980102,21.539392788307875
1354,2576.699067475159,359.77196920814174,1,1,2,33.0,2550.532600221598,518.1031903311664,2576.6990674751596,0.9975349463670061,0.9735807532992717,1.0142541275504393,0.011969936373046624,9.475444580324819,-10.893252836650674,20.368697416975493,26.166467253561223,1.0259216938175109,201.18953258377582,83.17791489663655,62.49988915431936,21.803666999463434
1355,2573.912807648518,291.21611520796864,8,1,9,32.0,2550.532600221598,518.1031903311664,2573.9128076485185,0.9989606685595808,0.9748023096740406,1.016100704289524,0.011891422691911232,10.006140645274712,-7.910513974993961,17.916654620268673,23.38020742692015,0.9166794192275295,219.64683921658684,76.49694636958979,74.00641642022767,20.54263986227749
1356,2577.780313339678,330.73903963250643,1,1,2,33.0,2550.532600221598,518.1031903311664,2577.7803133396783,0.996918380558094,0.9726586537600334,1.01312018063894,0.012216585692327923,17.8299879951075,-6.2022586964108655,24.032246691518367,27.2477131180799,1.0683146381156836,227.6619154918274,79.43015290160244,77.49052388428595,21.260851058929084
1357,2577.6748326176835,322.13215652176143,1,1,2,32.0,2550.532600221598,518.1031903311664,2577.6748326176835,0.9979843579089464,0.9733861748450134,1.0149094448810037,0.01200253787460721,13.921636321163675,-6.90288271271578,20.824519033879454,27.142232396085546,1.0641790029944078,210.41777491035774,84.19073192350201,74.10598593773888,22.02989938198957
1358,2581.524806339473,352.5976029793762,1,1,2,33.0,2550.532600221598,518.1031903311664,2581.524806339473,0.996478280663094,0.9506214745091117,1.0146939570974434,0.014822468832660958,12.220996984518223,-14.147532240402825,26.368529224921048,30.992206117874957,1.2151268372410633,210.4242771351242,89.64837362731006,72.39067550731887,23.570375704834813
1359,2577.678397398263,304.374519707694,1,1,2,32.0,2550.532600221598,518.1031903311664,2577.6783973982624,0.9976807535268591,0.9747929082010479,1.0145612962545179,0.011899167331956806,17.891921306859047,1.0819122463877022,16.810009060471344,27.145797176664928,1.0643187691192977,234.21139313534871,83.68498773364327,90.94789661731765,22.13915339873126
1360,2577.52924451865,339.2823686803075,1,1,2,33.0,2550.532600221598,518.1031903311664,2577.5292445186496,0.9974549245706287,0.9727877030101652,1.0143214101502604,0.011961676146845457,9.486591468696645,-11.989608115846806,21.47619958454345,26.99664429705217,1.0584708579967423,216.13709356811418,83.31668487169796,72.40492964563276,21.830132943434773
1361,2578.296293574417,324.24384725151856,1,1,2,32.0,2550.532600221598,518.1031903311664,2578.296293574417,0.9976891793896243,0.9733961899546568,1.0144589152772159,0.011993337263048064,14.81763423893625,-4.989315139269621,19.80694937820587,27.763693352819246,1.0885449317686453,209.49652134003495,85.23349502378733,75.71885948044495,22.327877106292195
1362,2574.5427359729206,305.8810022072389,14,7,21,32.0,2550.532600221598,518.1031903311664,2574.5427359729206,0.9981808746987886,0.9740508832762338,1.0152122706263453,0.012011780336395775,10.971616931442895,-7.933983768971615,18.90560070041451,24.01013575132265,0.9413773322966574,223.49348171643348,79.06816506161098,51.19477727012905,21.036000144491947
1363,2578.1427384755034,338.95974195049627,1,1,2,33.0,2550.532600221598,518.1031903311664,2578.1427384755034,0.9980031446278224,0.9736845849099179,1.015077036129397,0.011904770739118801,19.442956378194737,-6.137594952640825,25.58055133083556,27.61013825390546,1.0825244206447944,207.3730880964506,79.92355883366677,80.36520067541619,21.192057179791345
1364,2578.0599985366134,327.4568473638217,1,1,2,33.0,2550.532600221598,518.1031903311664,2578.0599985366134,0.9977614257469987,0.9735683432259159,1.0146929803004008,0.012009662960109854,11.01922996517996,-11.109329382424335,22.128559347604295,27.52739831501549,1.0792803947153558,209.1301963221276,83.66277768791839,76.74382525454813,21.944263933707177
1365,2574.4640343463416,269.366820252137,0,0,0,32.0,2550.532600221598,518.1031903311664,2574.4640343463416,0.9955149552628516,0.9745242040847082,1.012878467762282,0.013100400691577245,-1.0982896634343717,-15.941548799348112,14.84325913591374,23.931434124743646,0.9382916384861896,212.53431085782194,72.01695785749342,98.28912486301853,19.976588716189134
1366,2581.508547552253,338.05912567175153,1,1,2,33.0,2550.532600221598,518.1031903311664,2581.508547552253,0.9970344344856654,0.9741084412412927,1.0138626983730215,0.012618321097168263,10.426678580229378,-9.118906043694011,19.54558462392339,30.97594733065489,1.2144893708852655,245.10360067368134,86.92703016068471,97.6192709111064,23.026663182755883
1367,2552.488638716871,303.04041912395917,14,7,21,32.0,2530.9598428300897,515.9379760664823,2552.488638716871,0.9993993427355803,0.9736114255611633,1.0183567983746007,0.011764125619135972,41.28814130716387,22.141071926038506,19.147069381125362,21.528795886781154,0.8506178376464443,214.27717365235765,77.40082434586553,78.53981067559211,20.773391195090753
1368,2553.5679150435403,314.84042482580554,1,1,2,32.0,2530.9598428300897,515.9379760664823,2553.567915043541,0.9990408498974365,0.97365361455775,1.0179524571610703,0.011699339348928424,11.72160929420673,-7.867927064633022,19.58953635883975,22.60807221345067,0.8932608029122495,212.29243598034518,82.87293726799163,73.73751035721237,21.77792439138525
1369,2554.775361218044,334.00291506186494,1,1,2,33.0,2530.9598428300897,515.9379760664823,2554.775361218044,0.9981703952223269,0.9729806141411083,1.0170604679129984,0.011805908494795257,8.834802336900765,-11.331247436674005,20.16604977357477,23.8155183879544,0.940967848834937,224.96854420387731,83.01439171621028,65.97293355047856,21.81810332626376
1370,2552.3323259741564,300.90963218129565,14,7,21,32.0,2530.9598428300897,515.9379760664823,2552.3323259741564,0.9994697159525304,0.9737937755677675,1.0184814551428911,0.011745556478324396,20.397304705341583,1.2893761086056088,19.107928596735974,21.37248314406679,0.8444418114579143,213.3873990336699,77.49863403000403,78.00785858624495,20.937144097060234
1371,2553.4854890394845,344.26052251070206,1,1,2,33.0,2530.9598428300897,515.9379760664823,2553.4854890394845,0.9986961034903192,0.9748135009061019,1.0178843150010135,0.011532299505011097,7.674463944296264,-11.407986161847134,19.082450106143398,22.525646209394836,0.8900040936329879,205.1796808932118,80.30674295128541,70.41167086774838,21.23587271277155
1372,2552.4233857190566,307.9505727640577,13,7,20,32.0,2530.9598428300897,515.9379760664823,2552.4233857190566,0.9988678106194868,0.9734172195571749,1.0177214705590527,0.011857721492468854,-63.582549804661426,-82.89172553570694,19.309175731045514,21.463542888966913,0.8480396458983969,216.53910945423212,78.24596277398872,51.5979715568277,20.849092852103364
1373,2554.775361218044,334.00291506186494,1,1,2,33.0,2530.9598428300897,515.9379760664823,2554.775361218044,0.9981703952223269,0.9729806141411083,1.0170604679129984,0.011805908494795257,8.834802336900765,-11.331247436674005,20.16604977357477,23.8155183879544,0.940967848834937,224.96854420387731,83.01439171621028,65.97293355047856,21.81810332626376
1374,2554.4989097042353,316.07554107716453,1,1,2,33.0,2530.9598428300897,515.9379760664823,2554.4989097042358,0.998823599455854,0.9651207300646648,1.0190678929400554,0.01274740233717308,3.55555047149781,-17.28131960660886,20.83687007810667,23.539066874145647,0.9300450554689378,208.1437778115527,83.32108328406721,72.00642643928707,22.002143717115462
1375,2552.4234183101908,307.95373869924464,13,7,20,32.0,2530.9598428300897,515.9379760664823,2552.4234183101903,0.9988673500845501,0.9734183453083131,1.0177210073598453,0.011857290932601907,5.977862978305808,-13.329452054926747,19.307315033232555,21.4635754801011,0.8480409335969858,216.55996390262877,78.26558029788396,51.597971513853736,20.85305030238416
1376,2554.775361218044,334.00291506186494,1,1,2,33.0,2530.9598428300897,515.9379760664823,2554.775361218044,0.9981703952223269,0.9729806141411083,1.0170604679129984,0.011805908494795257,8.834802336900765,-11.331247436674005,20.16604977357477,23.8155183879544,0.940967848834937,224.96854420387731,83.01439171621028,65.97293355047856,21.81810332626376
1377,2554.062212779463,318.69578679335496,1,1,2,32.0,2530.9598428300897,515.9379760664823,2554.062212779463,0.9988081130494889,0.9745460109145266,1.0174026630910282,0.011610826323263893,19.35496466693121,-0.603293690833965,19.958258357765175,23.102369949373497,0.9127908534313487,231.44677967143141,82.78465496849245,75.79439636554176,21.98590113003846
1378,2551.8223582067426,292.9310448279139,11,7,18,32.0,2530.9598428300897,515.9379760664823,2551.822358206742,0.999899831691959,0.9743691485167407,1.0190689585804888,0.011725814546563587,15.684554160766794,-2.8255283844058283,18.510082545172622,20.862515376652937,0.8242926269950106,211.560035617277,75.66293172700942,77.15900464574985,20.33577736304067
1379,2554.062212779463,318.69578679335496,1,1,2,32.0,2530.9598428300897,515.9379760664823,2554.062212779463,0.9988081130494889,0.9745460109145266,1.0174026630910282,0.011610826323263893,19.35496466693121,-0.603293690833965,19.958258357765175,23.102369949373497,0.9127908534313487,231.44677967143141,82.78465496849245,75.79439636554176,21.98590113003846
1380,2558.9895747157016,361.01851430526784,1,1,2,33.0,2530.9598428300897,515.9379760664823,2558.989574715702,0.9962210319597764,0.9621988588558396,1.0140543960117798,0.01367515613370279,4.878839980349596,-16.725666520353116,21.604506500702712,28.02973188561191,1.1074743822987485,248.4307568512171,89.82756440547506,99.67434032734208,23.913931185630247
1381,2554.3883534865613,328.0652883930646,1,1,2,33.0,2530.9598428300897,515.9379760664823,2554.388353486561,0.9972386238561789,0.9661008265573288,1.0193816611059758,0.015705281997641395,21.21535301964053,1.3604080692930154,19.854944950347516,23.428510656471644,0.9256769017035907,192.4524348905153,82.24938092387583,73.67559791010967,21.526019876767865
1382,2551.938779279553,293.6467702671109,7,1,8,32.0,2530.9598428300897,515.9379760664823,2551.9387792795524,0.9995971725753471,0.9740975321533013,1.018835866233343,0.011692563997144663,8.66504098283852,-9.825200123558773,18.490241106397292,20.978936449463163,0.8288925053036307,211.6311765368112,76.04480297281417,77.20809692778258,20.41693730169157
1383,2555.524111422204,331.25923810136584,1,1,2,33.0,2530.9598428300897,515.9379760664823,2555.524111422204,0.9962248404612651,0.9721155053348142,1.0132456500339622,0.013114023276814268,7.806971377667793,-12.571998402662473,20.378969780330266,24.56426859211433,0.9705514949872478,264.7818117521399,77.46685945192662,79.43843324796362,20.58024952664623
1384,2554.6457056429185,327.25889361902296,1,1,2,32.0,2530.9598428300897,515.9379760664823,2554.645705642918,0.9986714101664967,0.9724251369881228,1.0176544557821157,0.011782964924783637,11.233470206309562,-10.288084839199257,21.52155504550882,23.685862812828873,0.9358450660498674,213.88090476922105,85.44402557517594,72.19377407354638,22.231371595257222
1385,2533.125537900902,320.4516937792856,1,1,2,33.0,2508.53669698552,511.76264236005716,2533.1255379009026,0.9987926990518105,0.9725061068392287,1.0169651229788117,0.011840148496334732,15.868573468051778,-5.4878849588234,21.35645842687518,24.588840915382207,0.9802065461083482,225.4863675933394,83.98789179573296,73.55825212644604,21.965057394889044
1386,2534.6552711266304,348.25421642942985,1,1,2,33.0,2508.53669698552,511.76264236005716,2534.6552711266304,0.9979119065281363,0.9717205806400931,1.0163085191696373,0.011716590629573259,28.364720870935002,7.49603741484276,20.868683456092242,26.118574141110457,1.041187644274722,254.18953085833772,86.37955306024922,61.679863538102474,22.573881770902666
1387,2533.088732161602,312.40413511854393,1,1,2,32.0,2508.53669698552,511.76264236005716,2533.088732161602,0.9985112794436929,0.9726859862325653,1.017223147344146,0.011530455154802569,8.0594417300143,-10.574242099147227,18.633683829161527,24.552035176081972,0.9787393266196135,247.7306035453144,85.2235517269698,74.52858446951697,22.119456153286105
1388,2530.762033329508,298.397439367742,11,7,18,32.0,2508.53669698552,511.76264236005716,2530.762033329508,0.9997344843792874,0.9733052220672455,1.0182765609434234,0.011590307620841593,49.33118112664221,30.432564143348884,18.898616983293323,22.225336343988147,0.8859880890200283,239.46392928108895,78.62823259894414,69.21483648566529,20.82962217598381
1389,2533.522058008756,308.1049493785557,1,1,2,32.0,2508.53669698552,511.76264236005716,2533.522058008756,0.999063008146412,0.9731395302576918,1.0173369943836428,0.011543242469340282,15.727616597470814,-4.281243279892692,20.008859877363506,24.985361023236237,0.99601337517848,228.84241356543038,82.60035078122469,89.89913570169433,21.793178060595256
1390,2533.538374960186,321.65067241097955,1,1,2,33.0,2508.53669698552,511.76264236005716,2533.538374960186,0.9971442668146343,0.9681802864322467,1.01832099565734,0.014507386919934284,15.500849889790175,-4.033603000507014,19.53445289029719,25.00167797466611,0.9966638321341019,272.46507545353654,82.99565337562478,79.07192583001188,21.60509705199308
1391,2531.1056946558783,302.7919264420583,1,7,8,32.0,2508.53669698552,511.76264236005716,2531.1056946558783,0.9994210297505332,0.9729794164761135,1.017973008650807,0.011576126200496589,-0.14378362248075405,-19.338377253621758,19.194593631141004,22.568997670358385,0.8996877620917124,240.16481240509594,79.66030317436099,69.6945197772615,21.16751268940587
1392,2534.323484960224,335.1825222168532,1,1,2,33.0,2508.53669698552,511.76264236005716,2534.3234849602245,0.9984127941068989,0.9716337823284829,1.0170934199628558,0.01148811947625321,9.844644730066733,-12.397723098126221,22.242367828192954,25.78678797470411,1.0279613611270588,224.45387672057487,86.1123363179973,69.66636650851838,22.343554982166506
1393,2540.2336713314307,361.62443978278736,1,1,2,33.0,2508.53669698552,511.76264236005716,2540.2336713314307,0.9981268228068823,0.9698341441841329,1.025205944826625,0.013341342884262523,12.934311596317883,-12.100695436133634,25.035007032451517,31.696974345910803,1.263564307590186,214.76615617457,93.12032669539988,89.59453913294163,24.25786936805644
1394,2530.6729286618593,297.6324842354053,11,6,17,32.0,2508.53669698552,511.76264236005716,2530.672928661859,0.9995848037461724,0.9733000594723883,1.0180874837434912,0.011568265705975264,15.695406388228747,-2.9298431011299613,18.62524948935871,22.13623167633932,0.8824360314497364,239.36541152785935,78.31718996951585,69.26180955369912,20.759766569727272
1395,2533.8469032993125,326.63631097477133,1,1,2,32.0,2508.53669698552,511.76264236005716,2533.8469032993125,0.9985607842395466,0.9715662134269466,1.0171264414818157,0.011600031459898935,18.167223376958248,-3.567674777898219,21.734898154856467,25.310206313792605,1.0089629681003907,223.60609286670558,86.61779804319116,66.98171471594817,22.333000373570805
1396,2530.6729286618593,297.6324842354053,11,6,17,32.0,2508.53669698552,511.76264236005716,2530.672928661859,0.9995848037461724,0.9733000594723883,1.0180874837434912,0.011568265705975264,15.695406388228747,-2.9298431011299613,18.62524948935871,22.13623167633932,0.8824360314497364,239.36541152785935,78.31718996951585,69.26180955369912,20.759766569727272
1397,2533.522058008756,308.1049493785557,1,1,2,32.0,2508.53669698552,511.76264236005716,2533.522058008756,0.999063008146412,0.9731395302576918,1.0173369943836428,0.011543242469340282,15.727616597470814,-4.281243279892692,20.008859877363506,24.985361023236237,0.99601337517848,228.84241356543038,82.60035078122469,89.89913570169433,21.793178060595256
1398,2531.080921673571,302.4939908087148,14,7,21,32.0,2508.53669698552,511.76264236005716,2531.080921673571,0.999428829478845,0.9729900262279065,1.0179841598523147,0.011573587371706221,11.49346146855541,-7.700322867353691,19.1937843359091,22.544224688051145,0.8987002149556864,240.15165893296037,79.56481203384837,69.76860293692513,21.143298422031204
1399,2535.335377943509,352.3058498634001,1,1,2,33.0,2508.53669698552,511.76264236005716,2535.3353779435083,0.9977646434656634,0.9715378818390946,1.0160381359303343,0.011778212413501299,19.730918472618697,-1.4381454033411387,21.169063875959836,26.798680957988836,1.0682993392200524,249.4197815787667,86.2217778961683,68.75840307400702,22.486433279229136
1400,2530.7613457841744,298.390711751076,11,7,18,32.0,2508.53669698552,511.76264236005716,2530.7613457841744,0.9997349458329786,0.9733049448934954,1.018276929520877,0.011590561372276965,9.0021992151122,-9.896206907783949,18.898406122896148,22.22464879865447,0.8859606807969594,239.45487380480995,78.61685389616201,69.21414988312559,20.827339270630876
1401,2533.8364601913154,326.47702380300956,1,1,2,33.0,2508.53669698552,511.76264236005716,2533.8364601913154,0.9985500111736686,0.973027568763519,1.0166516494740172,0.011916065773030792,9.560933137010835,-9.910131158323338,19.471064295334173,25.299763205795443,1.0085466653207777,261.32644208507935,84.24532638117499,74.11307152715857,22.14773927376226
1402,2533.7884800060688,290.53382690639734,11,1,12,32.0,2510.7714662457706,511.4644915914982,2533.7884800060688,0.9995958240610753,0.9744643047231027,1.0189302033201146,0.011848159314980585,20.568418741289605,2.4951102313690967,18.07330850992051,23.01701376029814,0.9167307367370363,222.50278852556988,76.39222455536711,73.03323137745278,20.34278653924646
1403,2537.3155123045367,330.07695038554505,1,1,2,32.0,2510.7714662457706,511.4644915914982,2537.3155123045367,0.9981226216810265,0.9723953301462204,1.017288734023278,0.01192108749176996,12.531825120941704,-8.714482069139137,21.24630719008084,26.54404605876607,1.057206775511753,214.55874687301284,86.46063837734582,61.664987955769604,22.32716036448701
1404,2535.370178487942,346.497649755691,1,1,2,33.0,2510.7714662457706,511.4644915914982,2535.370178487942,0.9982796775256978,0.9743177243461554,1.0170797309783983,0.011641755704169005,-11.063111771075654,-30.67864703745653,19.615535266380874,24.598712242171587,0.9797272500851221,209.14444192935827,81.34523908037013,64.59504599650751,21.240712287966392
1405,2534.3291980862955,303.513962841656,14,7,21,32.0,2510.7714662457706,511.4644915914982,2534.329198086295,0.9986331517786855,0.9736459489751801,1.0175984422838624,0.011950088119603167,10.085935854888504,-8.6598925047673,18.745828359655803,23.557731840524866,0.9382666705126114,226.83754320080868,78.73987888429916,50.304691302650184,20.802831922633835
1406,2534.3312934246046,303.53302094727246,13,7,20,32.0,2510.7714662457706,511.4644915914982,2534.331293424605,0.9986324069542064,0.9736448732577275,1.017597768986834,0.011950038835390728,8.177888554254281,-10.571251492277128,18.74914004653141,23.559827178833984,0.9383501244763547,226.83168119850868,78.73997871542312,50.301640287278595,20.802847011248225
1407,2536.1404602209263,315.2644002946637,1,1,2,33.0,2510.7714662457706,511.4644915914982,2536.1404602209263,0.9981695311840412,0.9740169791063782,1.0178837854608203,0.011633346117498352,6.640135065459617,-12.7673310796429,19.407466145102518,25.368993975155718,1.010406335909524,237.10438338911698,80.80836460894838,72.16863755149893,21.280934234558025
1408,2534.780810653369,298.6342187926813,1,1,2,32.0,2510.7714662457706,511.4644915914982,2534.7808106533694,0.999001333280984,0.9737812691079791,1.0184013317092167,0.011789267565999802,13.626750407266911,-5.487180070384227,19.113930477651138,24.00934440759829,0.9562536746324526,217.93376728046988,79.07728689853299,74.26456851881655,20.86366102341955
1409,2537.781572614311,340.93020864606444,1,1,2,33.0,2510.7714662457706,511.4644915914982,2537.781572614311,0.9969445456381482,0.9721497008142009,1.0131728127852129,0.012141175918381002,12.666753580144018,-10.99134680996508,23.658100390109098,27.010106368540164,1.0757692100478984,248.1300089325171,83.03148495190291,65.480336207995,21.72384037220938
1410,2538.3063796464176,328.4135062444377,1,1,2,32.0,2510.7714662457706,511.4644915914982,2538.3063796464176,0.998197739518468,0.9731515805335027,1.0170613728836841,0.012107388309137757,10.908341883247033,-8.939007861993758,19.84734974524079,27.53491340064693,1.0966714322995907,229.11185219013132,86.10736078622739,83.91040511984697,22.329294710129574
1411,2541.5900006801517,340.7619197532268,1,1,2,33.0,2510.7714662457706,511.4644915914982,2541.590000680152,0.9974251604276771,0.958767863323174,1.0175281398504514,0.013534559040158232,11.754705350388178,-12.992539670938356,24.747245021326535,30.818534434381036,1.2274527908532602,226.08232654346926,89.38596704106935,95.71269706278565,23.6160226785739
1412,2541.5815414403837,342.4526819419091,1,1,2,33.0,2510.7714662457706,511.4644915914982,2541.5815414403833,0.9978175342329599,0.9715199731599042,1.0245900183675174,0.013910727416801175,60.65872181743222,36.44299504497275,24.215726772459476,30.81007519461309,1.2271158729026754,222.8862363643005,87.71321725221223,96.45967581698368,23.362961564713718
1413,2538.3991545260665,349.67469947082054,1,1,2,33.0,2510.7714662457706,511.4644915914982,2538.3991545260665,0.998102045464987,0.9726510747095067,1.017372898678451,0.011879386466854141,54.49415655266279,29.666457908671987,24.8276986439908,27.627688280295843,1.100366506936855,212.77959101046417,84.44522389690634,65.04634713661345,21.93550842508551
1414,2540.269209551031,363.3833417536117,1,1,2,33.0,2510.7714662457706,511.4644915914982,2540.269209551031,0.9965601874311707,0.9746505923633234,1.0141466050362018,0.012109424099407556,13.726219376270933,-9.892387221018737,23.61860659728967,29.49774330526043,1.174847798846739,267.90648979576383,87.16152093155303,61.766558792743766,22.57822244598281
1415,2537.689822478844,335.64644690644,1,1,2,33.0,2510.7714662457706,511.4644915914982,2537.689822478844,0.9979773899237435,0.9730277845415959,1.0171501004320953,0.011779392954048163,22.928282858594542,2.8822791748208374,20.046003683773705,26.918356233073155,1.0721149493276187,224.40352305867984,86.38410522295989,66.89929309109685,22.32575134276925
1416,2541.5926239189885,342.81374761282063,1,1,2,33.0,2510.7714662457706,511.4644915914982,2541.5926239189885,0.9960519574223031,0.9738396707514689,1.0126588421144094,0.012211227803730792,11.918045131114752,-11.909801675205642,23.827846806320395,30.82115767321784,1.227557270248222,294.1169261963399,84.53569823006555,87.06912417262956,22.496161551029825
1417,2536.1404602209263,315.2644002946637,1,1,2,33.0,2510.7714662457706,511.4644915914982,2536.1404602209263,0.9981695311840412,0.9740169791063782,1.0178837854608203,0.011633346117498352,6.640135065459617,-12.7673310796429,19.407466145102518,25.368993975155718,1.010406335909524,237.10438338911698,80.80836460894838,72.16863755149893,21.280934234558025
1418,2534.3292558281346,303.5145005263538,14,7,21,32.0,2510.7714662457706,511.4644915914982,2534.3292558281346,0.9986331326129667,0.9736458870047509,1.0175984338174306,0.011950090219912626,-0.8249248141227099,-19.570896801109257,18.745971986986547,23.557789582363966,0.9382689702774397,226.836969843015,78.73994981448719,50.30460692191156,20.80284405269915
1419,2514.8768477107606,334.2461194934326,1,1,2,32.0,2488.62549967435,509.00559327014025,2514.8768477107606,0.9985631123163289,0.9736416867968012,1.017491994524637,0.01150931084104424,10.599557698502423,-10.05868464265842,20.658242341160843,26.25134803641049,1.0548532931068022,204.49089930261542,86.91670817971277,68.03674896487306,22.399879181495148
1420,2513.4392239341223,307.888136012341,1,1,2,32.0,2488.62549967435,509.00559327014025,2513.439223934122,0.9994169344353799,0.9746433216214736,1.0183561089320166,0.01137369867002116,13.475978016464325,-6.368092925541475,19.8440709420058,24.813724259772243,0.9970855101749642,198.1224703896109,80.76862778705865,90.40424397538244,21.436643266881287
1421,2513.173568555523,321.34231710888196,1,1,2,32.0,2488.62549967435,509.00559327014025,2513.1735685555236,0.9989419513262224,0.9743880335472815,1.0181275171407904,0.011415187965256233,-82.71146332579991,-102.09277930803313,19.381315982233218,24.548068881173094,0.9864107269006662,211.93842316476,84.3371650215506,57.92677781132544,21.878282691839793
1422,2513.922528175109,313.7659509032959,1,1,2,32.0,2488.62549967435,509.00559327014025,2513.9225281751087,0.9994973616160311,0.9744104011832094,1.018760639652352,0.011314840617402283,15.2138447883286,-6.137072125254235,21.350916913582836,25.297028500759097,1.0165060393405656,200.19569271711038,81.35544372747431,87.25561257858485,21.309263002000314
1423,2524.1619971938476,406.5533119289436,13,9,22,33.0,2488.62549967435,509.00559327014025,2524.161997193848,0.9952015936799224,0.9705615323410951,1.0147517085914068,0.012889440887858252,61.80366932220949,38.43569050410514,23.367978818104348,35.536497519497516,1.4279568189005398,245.70814537582154,95.43779982676774,99.66448652371102,25.512661599865968
1424,2510.2074771600805,318.9742023176233,1,1,2,33.0,2488.62549967435,509.00559327014025,2510.2074771600805,0.999897840450576,0.9762465594774133,1.0193053735228192,0.010986309055631024,7.40823624140009,-10.320798806649861,17.72903504804995,21.581977485730476,0.8672247989323663,178.94110201252033,74.88947251806762,64.01711213499823,20.017451760424933
1425,2526.7257389339256,395.3054220637773,19,7,26,33.0,2488.62549967435,509.00559327014025,2526.7257389339256,0.9948533568308143,0.9663969063151049,1.0143772371252602,0.013613932522171772,13.754391527411713,-12.491642367061445,26.246033894473157,38.100239259575574,1.5309752015544804,263.2435280649068,79.36182884199188,99.53616969678323,21.809251544395156
1426,2509.9680910599136,285.135442201808,11,7,18,32.0,2488.62549967435,509.00559327014025,2509.9680910599136,1.0004895722283216,0.9757894270158411,1.0200884866552473,0.01127035419967794,15.179523117935986,-2.397552413346517,17.577075531282503,21.342591385563537,0.8576055894451106,207.05683513836374,74.07144579120688,73.03201768158142,19.790445955219898
1427,2510.413689966258,296.49019951965863,13,7,20,32.0,2488.62549967435,509.00559327014025,2510.413689966258,0.9995560788048293,0.975072736207658,1.019049012388505,0.011437693613517479,11.20837405000077,-7.051326691698279,18.25970074169905,21.788190291907995,0.8755110117918142,210.6613014141963,76.20589966031626,51.67813108262088,20.202135813959547
1428,2523.665240684131,379.30784992238995,11,7,18,33.0,2488.62549967435,509.00559327014025,2523.665240684131,0.9971656637795959,0.9689562081778992,1.022194249938511,0.01404000129761808,12.103791932807269,-14.23286400311315,26.33665593592042,35.039741009780755,1.407995739590625,227.24501149261633,93.65990616667322,99.85631151615065,25.29642885516846
1429,2513.661526217246,306.67185497894627,11,7,18,33.0,2488.62549967435,509.00559327014025,2513.6615262172454,0.99942601770768,0.9765271779787258,1.0177558280721237,0.01130104066812707,9.05027514655697,-7.887101192213095,16.937376338770065,25.036026542895797,1.006018243651843,228.63500779044213,79.25849192382502,99.83217382922945,21.489061493329995
1430,2521.110810413788,377.03111157168865,13,12,25,33.0,2488.62549967435,509.00559327014025,2521.1108104137875,0.9968002826116499,0.9739092712032895,1.0131151859236673,0.012096581712590083,15.721122189837843,-5.851312102385805,21.572434292223647,32.485310739437864,1.3053515180845305,245.1470555029859,91.89842931489788,99.73452979254922,24.381899218392682
1431,2514.580818342399,332.40808531694324,1,1,2,33.0,2488.62549967435,509.00559327014025,2514.580818342399,0.9974235054373967,0.9732319944742864,1.0133429166825365,0.011940156184673622,15.919859326310217,-6.364138949443941,22.283998275754158,25.95531866804913,1.0429579971532688,225.3413708513201,81.52961434953859,81.95072085372065,21.171757586578526
1432,2513.922528175109,313.7659509032959,1,1,2,32.0,2488.62549967435,509.00559327014025,2513.9225281751087,0.9994973616160311,0.9744104011832094,1.018760639652352,0.011314840617402283,15.2138447883286,-6.137072125254235,21.350916913582836,25.297028500759097,1.0165060393405656,200.19569271711038,81.35544372747431,87.25561257858485,21.309263002000314
1433,2513.2583226255456,317.9797760337203,1,1,2,33.0,2488.62549967435,509.00559327014025,2513.258322625546,0.9990874982350063,0.9600314544545694,1.02027249696463,0.013243869958610564,9.94539754911267,-14.724408710536949,24.66980625964962,24.63282295119552,0.9898163847641542,196.91079988463045,82.1920430950538,55.665041828471864,21.63349887625784
1434,2514.8768477107606,334.2461194934326,1,1,2,32.0,2488.62549967435,509.00559327014025,2514.8768477107606,0.9985631123163289,0.9736416867968012,1.017491994524637,0.01150931084104424,10.599557698502423,-10.05868464265842,20.658242341160843,26.25134803641049,1.0548532931068022,204.49089930261542,86.91670817971277,68.03674896487306,22.399879181495148
1435,2523.700900316417,402.76595957822246,1,1,2,33.0,2488.62549967435,509.00559327014025,2523.7009003164167,0.9960270128446805,0.9616881089244891,1.0204209300138782,0.014554104419755982,20.121474599882248,-2.7869244391775965,22.908399039059844,35.07540064206705,1.4094286443121657,239.880739932097,95.59844448119713,98.0901639188839,25.361047480388894
1436,2514.2719124638975,318.3680848705376,1,1,2,33.0,2488.62549967435,509.00559327014025,2514.271912463897,0.9968241726775506,0.9504523299841443,1.0161587871779405,0.015165114066009521,9.360141901503653,-10.944799510161488,20.30494141166514,25.646412789547412,1.0305452866613873,198.15678328603445,81.32973711784315,90.07349486549425,21.5641118862558
1437,2500.106570949725,328.9990821040029,1,1,2,33.0,2471.777737861081,503.2409085568489,2500.1065709497248,0.996678069871268,0.9692945098579613,1.0135510205494282,0.012982588571223357,12.822866025300442,-10.510941872226852,23.333807897527294,28.328833088644387,1.1460914407764817,289.22636416329476,75.22062833411037,79.23338705513115,19.85711738200952
1438,2498.0533637416906,324.2163356334387,1,1,2,33.0,2471.777737861081,503.2409085568489,2498.0533637416906,0.9987821913465105,0.9722358666075555,1.0169097545364274,0.01183944555315615,-83.07417786376604,-104.04967473767508,20.975496873909037,26.275625880609823,1.063025428141734,205.17949440108714,85.4060929701219,62.43575860255365,22.148338987259915
1439,2500.0919437880098,338.0715036296194,1,1,2,33.0,2471.777737861081,503.2409085568489,2500.0919437880098,0.996918377114949,0.9714524764010405,1.013274499643623,0.012021337105114029,23.91893102415139,-1.9411057335742328,25.860036757725624,28.314205926928935,1.1454996739079886,243.91566771473188,84.21413723987041,74.3397641682296,22.414417598843357
1440,2499.9756806128307,346.1168819696268,1,1,2,33.0,2471.777737861081,503.2409085568489,2499.9756806128307,0.9977858819941353,0.971553913250762,1.0159733889784468,0.011941180256035211,15.317442385876205,-7.656585033971027,22.974027419847232,28.197942751749906,1.1407960481167942,203.20592508693758,86.05722509942505,63.367045631714234,22.28956549266652
1441,2497.434739829369,309.39260986604586,1,1,2,33.0,2471.777737861081,503.2409085568489,2497.434739829369,0.9990741070309328,0.974377608347651,1.016684453464324,0.011852919678047821,9.119584464043896,-9.84527665000337,18.964861114047267,25.657001968288114,1.0379979387018046,217.90236838206351,81.6952535084353,87.36338065216391,21.732805965809096
1442,2494.516106821453,289.913964017963,14,7,21,32.0,2471.777737861081,503.2409085568489,2494.516106821452,0.9996744602098451,0.9732295047037608,1.0180422319000721,0.01175693315633583,88.68506673381535,69.23319641237742,19.451870321437923,22.7383689603721,0.919919643747922,205.14682384613704,77.44775591930168,74.01413403533253,20.559320800441764
1443,2499.259704308934,335.4830722904995,1,1,2,33.0,2471.777737861081,503.2409085568489,2499.2597043089336,0.9968965154569878,0.970756866971284,1.0132095536543804,0.012805772912934804,16.29787886629194,-6.269189309946142,22.56706817623808,27.48196644785321,1.1118300010111086,243.3867097393939,83.55231522303073,91.40343257097902,21.867080238023494
1444,2493.7416201876895,280.66458454921906,11,6,17,32.0,2471.777737861081,503.2409085568489,2493.7416201876895,1.0000141399056344,0.9740347009069181,1.0184103218832474,0.011628562110258962,15.788030574241276,-2.777695991516225,18.5657265657575,21.963882326608655,0.8885864610794173,203.64591910032814,75.99075540012178,73.22472249038174,20.289928946398906
1445,2498.8511557444526,327.9617463814998,1,1,2,33.0,2471.777737861081,503.2409085568489,2498.851155744453,0.9984207297400394,0.9716607220850355,1.0166616968558562,0.01178715708812692,14.978018387474009,-7.778356191824997,22.756374579299006,27.073417883371803,1.0953014694112189,207.62504740734204,85.51853145421697,76.9051249724049,22.106995620402966
1446,2500.530631657823,345.4079040294164,1,1,2,33.0,2471.777737861081,503.2409085568489,2500.530631657823,0.9956464402264137,0.9716396659776585,1.0133283373538005,0.012904814578993586,21.83835856293615,1.3479964039362358,20.490362158999915,28.752893796742228,1.1632475427027331,257.5829862874477,86.45348212292072,89.57409360985866,22.47737597082123
1447,2496.039717009379,296.33386187525434,11,7,18,32.0,2471.777737861081,503.2409085568489,2496.0397170093793,0.9989647510810857,0.9733063772383759,1.0175409255795165,0.011592535415113533,9.487435617854885,-9.350849594234262,18.838285212089147,24.261979148297996,0.9815599022787853,211.30402789735632,82.4146776138153,74.80254263393952,21.590458436739137
1448,2499.853552000217,349.52273704883675,1,1,2,33.0,2471.777737861081,503.2409085568489,2499.853552000217,0.9970267209638836,0.9698096971331351,1.0140125492271341,0.013710091602726186,14.512578888335753,-10.205287999972967,24.71786688830872,28.075814139136128,1.1358551260127114,219.63778701324074,85.07564724401884,55.499469604771015,22.047933935917424
1449,2493.7433585908193,280.6488635949387,11,6,17,32.0,2471.777737861081,503.2409085568489,2493.743358590819,1.0000126585261133,0.9740387747686052,1.018408660021271,0.011626995381187166,6.1493388485697835,-12.413956488255451,18.563295336825234,21.965620729738475,0.8886567911541321,203.70725647811616,75.8803199215303,73.23985230542405,20.26797429764236
1450,2495.563019302889,281.31657969154963,12,1,13,32.0,2471.777737861081,503.2409085568489,2495.563019302889,0.9985129229878016,0.9747684842717195,1.0171306317312745,0.010931171639744079,5.114313313642924,-12.532594447394217,17.64690776103714,23.785281441808365,0.9622742804695148,221.752493804607,77.86031579732482,88.85315781371595,20.970310215880104
1451,2493.786518367058,281.1248162992643,11,7,18,32.0,2471.777737861081,503.2409085568489,2493.7865183670583,0.9999450345637187,0.973981172088781,1.0183978154568647,0.011594458622009963,10.211687701794688,-8.640117381462659,18.851805083257346,22.00878050597703,0.8904028937902009,203.52844885336268,76.2195689593101,73.19561994436914,20.335722712130895
1452,2500.078911871505,334.72229117236014,1,1,2,33.0,2471.777737861081,503.2409085568489,2500.078911871505,0.9980751068354913,0.9719262557961061,1.0153904562664864,0.012474320839546112,13.59732189627141,-7.891343500365565,21.488665396636975,28.301174010424347,1.1449724454155163,215.23738523558134,85.23733766711615,80.86023103092406,22.167716059868045
1453,2498.8555617174848,346.6649293957701,1,1,2,33.0,2471.777737861081,503.2409085568489,2498.8555617174848,0.9978798183954946,0.9714853397451464,1.0158466741677568,0.011900632532568588,-3.86595193895144,-25.919683063603742,22.053731124652302,27.07782385640394,1.0954797205931373,219.17391262947598,85.46765265684449,64.8654467199973,22.110256547982516
1454,2496.2958721325613,304.3053880903161,1,1,2,32.0,2471.777737861081,503.2409085568489,2496.2958721325613,0.99943500989247,0.9730851493732198,1.0177964988372656,0.011713656384914811,-5.11580134874643,-26.460681589762345,21.344880241015915,24.51813427148045,0.9919230963175872,203.1466801090384,81.47875153700038,69.87924638081259,21.301519878358757
1455,2479.6231029664823,309.5510423893177,1,1,2,33.0,2451.898162800111,500.45490274870104,2479.623102966482,0.9987838643290586,0.972283040512917,1.0174694453429132,0.011640544080510545,12.501937948466747,-8.020120323092385,20.522058271559132,27.724940166371198,1.1307541474197618,220.46070287279397,83.66197814428203,76.01112823421123,21.81008007540977
1456,2480.230028109576,327.4701939971621,1,1,2,33.0,2451.898162800111,500.45490274870104,2480.230028109576,0.9977733391902296,0.9680549880136102,1.0169083384055686,0.012934952500733347,18.449339858235163,-4.04619219562872,22.495532053863883,28.331865309464774,1.155507424382964,218.54254413474297,87.80486481056245,61.463876417369825,22.450634699339425
1457,2481.7406711095514,313.21917690991836,1,1,2,33.0,2451.898162800111,500.45490274870104,2481.7406711095514,0.9986740762358214,0.9625597701284719,1.018694202627486,0.013208159092153867,11.26867501782263,-13.15671951716368,24.42539453498631,29.84250830944029,1.2171185884555507,232.7184714998669,86.64710166636837,88.34448643611746,23.129057744725618
1458,2475.4449191326535,275.6795170423477,11,6,17,32.0,2451.898162800111,500.45490274870104,2475.444919132653,1.0001702123928962,0.9735170045936697,1.0186176122567052,0.011520019931686866,15.596894511033241,-2.4842455151693343,18.081140026202576,23.546756332542373,0.9603480556326026,222.32359218511567,76.59943381591434,72.30960549183365,20.29891999874525
1459,2480.4239589922363,319.9860858074221,1,1,2,33.0,2451.898162800111,500.45490274870104,2480.4239589922367,0.9989428155133998,0.972525357580092,1.0173666026211985,0.01168475777938024,16.39889253604406,-4.006779909890895,20.405672445934954,28.5257961921252,1.1634168427104752,232.8194876733179,87.45049834540573,68.44897830033887,22.54750268554169
1460,2477.720755245748,291.9765200116416,11,7,18,32.0,2451.898162800111,500.45490274870104,2477.7207552457476,0.9991543556996993,0.9726812535940816,1.0177772374488108,0.011502303635482228,-1.6608127872255523,-20.130858671460885,18.470045884235333,25.82259244563693,1.0531674127993582,229.5938443540296,84.00648518979372,73.94557650128833,21.750823657214152
1461,2482.1307910190044,326.0973077864307,1,1,2,33.0,2451.898162800111,500.45490274870104,2482.130791019005,0.9983227784143439,0.9708966129536499,1.017294850083537,0.011656058606295394,32.519842355956314,9.109014854730248,23.410827501226066,30.232628218893296,1.2330295229051071,257.22078083770856,86.98614281270211,84.72390523578753,22.584742669104468
1462,2478.395144499682,304.51880530790567,1,1,2,32.0,2451.898162800111,500.45490274870104,2478.395144499682,0.9992678456843915,0.9717799361709061,1.0178195195974111,0.01176749606734378,11.741773977018653,-9.226850357469544,20.968624334488197,26.496981699570824,1.0806721951824787,213.55196303047404,84.82257412119986,62.98477383886616,21.9869669154699
1463,2475.69343368917,274.99697940800337,14,7,21,32.0,2451.898162800111,500.45490274870104,2475.6934336891695,0.9990227563405338,0.9725085585276364,1.0177362895517603,0.011353011572063526,18.835070016205634,-0.5828579812801706,19.417927997485805,23.795270889058884,0.9704836542592887,208.55756082702084,78.04394152123916,77.67490380803726,20.597494013958197
1464,2481.5123277179587,313.5591291622669,1,1,2,33.0,2451.898162800111,500.45490274870104,2481.512327717959,0.9989268044331722,0.973930534315266,1.016661575026805,0.011737341580159327,20.743340529450336,1.705612437944211,19.037728091506125,29.614164917847575,1.2078056653065752,248.03588915202593,85.78725975993953,99.64711896954051,23.009571472564527
1465,2480.751176287807,332.39403871962554,1,1,2,33.0,2451.898162800111,500.45490274870104,2480.751176287807,0.9975385950450537,0.9709104463248248,1.0140787225485275,0.012124276097380331,-0.4120983082407008,-22.68187652648956,22.26977821824886,28.85301348769599,1.1767623111534673,224.6985792373485,88.99851010834932,54.661710372448546,23.050776656683535
1466,2481.9211346023408,333.3247820169734,1,1,2,33.0,2451.898162800111,500.45490274870104,2481.9211346023408,0.9986016917405846,0.9671925356063248,1.0245530019214957,0.013754182853521923,-113.9419734509375,-136.9395986452322,22.9976251942947,30.022971802229677,1.2244787429483985,223.07877639837042,89.6718782140437,73.61825373570986,23.127768614262788
1467,2475.9259024491093,280.4318205876322,14,7,21,32.0,2451.898162800111,500.45490274870104,2475.9259024491093,1.0000038669672866,0.9731594336661084,1.01859454294094,0.011562257901632457,15.307206528819052,-3.3126934714011043,18.619900000220156,24.02773964899825,0.9799648294347652,223.14659311317578,77.34649560734454,72.8432796893249,20.410699189162543
1468,2480.230028109576,327.4701939971621,1,1,2,33.0,2451.898162800111,500.45490274870104,2480.230028109576,0.9977733391902296,0.9680549880136102,1.0169083384055686,0.012934952500733347,18.449339858235163,-4.04619219562872,22.495532053863883,28.331865309464774,1.155507424382964,218.54254413474297,87.80486481056245,61.463876417369825,22.450634699339425
1469,2481.02072621338,329.7275628494517,1,1,2,33.0,2451.898162800111,500.45490274870104,2481.0207262133804,0.9980531934625588,0.9709750796131613,1.0147199655187182,0.011840405688955245,12.829922807982001,-11.347000694436105,24.176923502418106,29.122563413268836,1.1877558315884682,223.63078629287253,88.07131985145536,69.10911982189809,22.648688888616142
1470,2481.7417122823667,346.1831265842552,1,1,2,33.0,2451.898162800111,500.45490274870104,2481.741712282367,0.9984541346402874,0.9707751177568279,1.0172417437814003,0.011779628819220664,-135.40972287839944,-162.84462909143826,27.43490621303883,29.84354948225564,1.2171610524057728,224.72765127605493,86.14712827790322,59.73501333051116,22.28283801984898
1471,2475.925948573999,280.4299648079671,14,7,21,32.0,2451.898162800111,500.45490274870104,2475.9259485739994,1.0000037256503416,0.9731599520179136,1.0185943663354247,0.011562115934684565,-4.596390076126454,-23.215330911290607,18.618940835164153,24.0277857738879,0.9799667106258501,223.15520447319693,77.33479505960042,72.84340513490889,20.40835716810859
1472,2479.3052727654754,317.2259046425312,1,1,2,33.0,2451.898162800111,500.45490274870104,2479.3052727654754,0.9988794763699396,0.9719156751418683,1.0173108242731554,0.011549984429638014,25.7575893702643,3.9839212714184384,21.77366809884586,27.40710996536427,1.1177915290765936,214.28417560776714,83.3015410050261,85.58949831830998,21.846230509484908
1473,2462.5752488768994,305.8303769182065,1,1,2,32.0,2437.2868849218535,497.47158912575526,2462.575248876899,0.9994653882808248,0.9745227737314444,1.0183994065067452,0.011474026574408804,12.060942238874645,-8.156322538686595,20.21726477756124,25.288363955045952,1.0375620576917342,219.30821147750797,82.43700060044809,85.20954945467592,21.633434401919715
1474,2464.150672017707,325.1164857298618,1,1,2,33.0,2437.2868849218535,497.47158912575526,2464.150672017707,0.9987423621134307,0.9738105890499431,1.017232426617808,0.011673074046845202,7.910693203766726,-13.852582173593333,21.76327537736006,26.863787095853695,1.1022004533830259,215.86780805967626,84.83618976478672,83.9603929155504,22.079061668206407
1475,2464.206615480102,325.0566660735995,1,1,2,33.0,2437.2868849218535,497.47158912575526,2464.2066154801014,0.9986488826999569,0.9605459216793393,1.0192398482070089,0.013413201443266376,3.920456420415917,-21.16308402733685,25.083540447752767,26.919730558248375,1.1044957704727278,208.87313126964662,86.59614651309944,56.924721685862586,22.767076287370553
1476,2461.3316792699543,297.6930531127955,1,1,2,32.0,2437.2868849218535,497.47158912575526,2461.3316792699543,0.9997463994447271,0.9742827832338522,1.0193348568255218,0.011369297747769022,15.374667529252946,-6.109287815098298,21.483955344351244,24.044794348100822,0.9865393563988167,207.9657682079696,81.20178520354851,77.27896731663148,21.415670024387477
1477,2464.150672017707,325.1164857298618,1,1,2,33.0,2437.2868849218535,497.47158912575526,2464.150672017707,0.9987423621134307,0.9738105890499431,1.017232426617808,0.011673074046845202,7.910693203766726,-13.852582173593333,21.76327537736006,26.863787095853695,1.1022004533830259,215.86780805967626,84.83618976478672,83.9603929155504,22.079061668206407
1478,2458.146021574764,270.4225743703764,11,7,18,32.0,2437.2868849218535,497.47158912575526,2458.146021574764,1.0006193278463806,0.9757862495517323,1.0204881722546253,0.011266406699160205,8.544477645429538,-9.701872970473232,18.24635061590277,20.859136652910365,0.8558342795817067,222.15159482823972,73.88552419117866,76.616051030266,19.854209612746086
1479,2468.3682659077667,365.2478334197134,1,1,2,33.0,2437.2868849218535,497.47158912575526,2468.3682659077663,0.9970610514023118,0.9646407836125462,1.0155333999020812,0.013608422448427781,8.919051755306981,-13.819244628671157,22.73829638397814,31.081380985913256,1.275245075916035,215.56076613365897,90.2670477686876,88.37100115066211,23.41016803347007
1480,2462.300920284802,313.75329773369754,1,1,2,32.0,2437.2868849218535,497.47158912575526,2462.3009202848016,0.9987835170467355,0.9731568424857469,1.0183186897610041,0.01167826237859429,10.186490482707654,-12.433889210588973,22.620379693296627,25.01403536294856,1.0263065672611857,208.94731998081255,84.05061821687622,50.29619377542658,21.747570683613056
1481,2468.372357904944,364.0867612534461,1,1,2,33.0,2437.2868849218535,497.47158912575526,2468.372357904944,0.9971771196073359,0.9718046933682764,1.0149618282948178,0.011969591678303292,13.800145808488168,-9.262361714921383,23.06250752340955,31.085472983090312,1.2754129674023582,228.9681042108937,89.65896993564833,82.81630411044945,23.29222947248847
1482,2459.4995200060976,280.6234587612231,1,1,2,32.0,2437.2868849218535,497.47158912575526,2459.4995200060966,1.000295001821426,0.9754536181998309,1.0200998782508044,0.01127080345086707,-31.136254951619833,-50.587188550789165,19.450933599169332,22.212635084244084,0.9113672757056782,214.30346209604144,77.67227831088502,74.26960157606844,20.596184994658085
1483,2458.47640497896,273.12341226248526,1,1,2,32.0,2437.2868849218535,497.47158912575526,2458.47640497896,1.0005025457840016,0.9755319359348484,1.020389452191931,0.011289931319439771,9.641567464180469,-8.953378877634208,18.594946341814676,21.18952005710662,0.8693896556943898,221.52673456748434,74.84596697479341,75.9809408699738,20.04893039573804
1484,2462.7267814438696,308.5739701241632,1,1,2,32.0,2437.2868849218535,497.47158912575526,2462.7267814438696,0.9994783081603913,0.9741794625171931,1.0184514955897328,0.011616238085706833,9.697071891845297,-10.250918922150248,19.947990813995546,25.43989652201617,1.0437793219747231,214.7096065435555,83.57393139823127,79.71234755900538,21.759017399573946
1485,2462.14503369313,299.2037540066183,1,1,2,33.0,2437.2868849218535,497.47158912575526,2462.1450336931293,1.0001464039645966,0.9754305123377608,1.028621413957261,0.012815031386414334,15.705121859245708,-4.76621363008465,20.471335489330357,24.85814877127632,1.0199106607047346,216.48418961829896,82.82210393586105,68.37482597298204,21.698725867242107
1486,2464.150672017707,325.1164857298618,1,1,2,33.0,2437.2868849218535,497.47158912575526,2464.150672017707,0.9987423621134307,0.9738105890499431,1.017232426617808,0.011673074046845202,7.910693203766726,-13.852582173593333,21.76327537736006,26.863787095853695,1.1022004533830259,215.86780805967626,84.83618976478672,83.9603929155504,22.079061668206407
1487,2461.477957761353,308.62548862802424,1,1,2,33.0,2437.2868849218535,497.47158912575526,2461.4779577613535,0.9995164783456197,0.9749462342522951,1.0187526588825093,0.011617046005477388,9.557873308011239,-9.816566696973496,19.374440004984734,24.19107283949961,0.9925410500157534,235.6949868838397,81.91765080427673,75.1038847576312,21.49403190308816
1488,2458.0989036865303,270.0180921777265,11,6,17,32.0,2437.2868849218535,497.47158912575526,2458.098903686531,1.0006954991950203,0.9758469298842819,1.0205040513503332,0.011301363812643694,2.5200031435836365,-15.48503145936192,18.005034602945557,20.81201876467685,0.8539010689890183,222.23388306834454,73.68181198372494,76.64340499366712,19.813353227453177
1489,2461.7767360192697,309.32406451017494,1,1,2,32.0,2437.2868849218535,497.47158912575526,2461.7767360192693,0.9989214297932846,0.9734288558101114,1.0184497359996736,0.011662826564253883,-8.125903617918766,-30.1122673607247,21.986363742805935,24.48985109741625,1.0047996913667168,210.58524736886892,83.17220409324477,50.34331744790579,21.600252573607296
1490,2468.3709910238517,369.8001158524492,1,1,2,33.0,2437.2868849218535,497.47158912575526,2468.3709910238517,0.9963226368585564,0.9708563909253972,1.0124700657012609,0.012433146349004586,4.96293915420091,-19.18741546247432,24.15035461667523,31.08410610199826,1.2753568853259925,218.94501560622183,92.1307093497878,71.64339231463609,23.8219178339243
1491,2468.3723093790327,369.9642351656775,1,1,2,33.0,2437.2868849218535,497.47158912575526,2468.3723093790322,0.9972364803050336,0.9712052234545598,1.0147799207280503,0.012153728214811966,29.59786469884233,6.861799193947434,22.736065504894896,31.085424457179215,1.2754109764216741,238.39884987790438,93.08811443067503,75.61833909246926,23.97515553660203
1492,2482.9170099535977,361.46744039602174,1,1,2,33.0,2452.9013038314706,499.7353801712274,2482.9170099535972,0.9977785488341685,0.9691539685152972,1.0166914611871054,0.012004933269935781,14.516039687145565,-8.144695530123158,22.660735217268723,30.015706122127085,1.22368177126581,217.1234342978932,88.84598295212112,86.65510520359929,23.113055006458087
1493,2475.5085239656055,272.9018426941124,11,7,18,32.0,2452.9013038314706,499.7353801712274,2475.508523965606,1.0006713510336311,0.9738495612803798,1.0207413907999323,0.011360258495709841,8.877805983863198,-8.572962809090228,17.450768792953426,22.607220134134877,0.9216522531429228,240.9281766454964,75.59511279020194,78.95466677522136,20.158600466347384
1494,2480.593197373394,327.85926869640133,1,1,2,33.0,2452.9013038314706,499.7353801712274,2480.5931973733937,0.9985637873675719,0.9714641064231706,1.018434150406802,0.011566019750670595,15.765837024291642,-4.787476154266557,20.5533131785582,27.69189354192349,1.1289444666472441,262.2433591489919,85.86169473503223,65.70566901175042,22.241890902627222
1495,2475.0331332509268,267.9919384948903,11,6,17,32.0,2452.9013038314706,499.7353801712274,2475.0331332509263,1.0008622798272382,0.9742095389402384,1.020941578810546,0.011341114787670045,17.985272951482187,1.0432871371956196,16.941985814286568,22.131829419456153,0.9022715012987227,239.73776462167257,74.60084331312487,78.63938094583526,19.909015032179408
1496,2475.078900246306,268.34308289307097,11,7,18,32.0,2452.9013038314706,499.7353801712274,2475.078900246306,1.0007823092135542,0.9741475860718057,1.0209255471205818,0.011304500636728016,12.366743649446363,-4.796691955715886,17.16343560516225,22.177596414835534,0.9041373323987304,239.6417000829915,74.78062914572203,78.61623318190449,19.945367885600458
1497,2480.9430482332236,321.6087580428706,1,1,2,33.0,2452.9013038314706,499.7353801712274,2480.9430482332236,0.9968514608676721,0.9539407174179406,1.0164255125634745,0.015008407504581557,13.266063467987465,-6.971518045078909,20.237581513066374,28.04174440175302,1.1432072035654828,249.57749563396646,84.57847418933724,87.79658683371147,22.25523051113388
1498,2475.6674305075517,281.2140371922734,13,7,20,32.0,2452.9013038314706,499.7353801712274,2475.667430507551,0.9999937335361523,0.9732695587533698,1.0196474093570993,0.011496270248381263,6.962991459864639,-11.009674926748175,17.972666386612815,22.766126676081058,0.928130562795984,244.82927800733606,77.4895016601926,53.62212829555578,20.482007962949588
1499,2475.512821717301,272.95663544898747,11,7,18,32.0,2452.9013038314706,499.7353801712274,2475.5128217173014,1.0006693533819153,0.9738395735329165,1.0207412067285668,0.011360765768949612,1.3620043907704087,-16.107442544832338,17.469446935602747,22.61151788583038,0.9218274640936769,240.8476792821236,75.58404048905447,78.90451248404108,20.15597504834551
1500,2475.5085239656055,272.9018426941124,11,7,18,32.0,2452.9013038314706,499.7353801712274,2475.508523965606,1.0006713510336311,0.9738495612803798,1.0207413907999323,0.011360258495709841,8.877805983863198,-8.572962809090228,17.450768792953426,22.607220134134877,0.9216522531429228,240.9281766454964,75.59511279020194,78.95466677522136,20.158600466347384
1501,2480.9430482332236,321.6087580428706,1,1,2,33.0,2452.9013038314706,499.7353801712274,2480.9430482332236,0.9968514608676721,0.9539407174179406,1.0164255125634745,0.015008407504581557,13.266063467987465,-6.971518045078909,20.237581513066374,28.04174440175302,1.1432072035654828,249.57749563396646,84.57847418933724,87.79658683371147,22.25523051113388
1502,2475.631317353994,273.96286866942546,14,7,21,32.0,2452.9013038314706,499.7353801712274,2475.631317353994,1.0006338666542813,0.9737351806965232,1.0206880634729625,0.011382485558835967,12.543367899223483,-4.960327626922464,17.503695526145947,22.730013522523222,0.9266582999902435,240.98241865877924,75.70204030523162,79.75155187165994,20.15761678830056
1503,2475.5716936646463,275.09419935030456,0,0,0,32.0,2452.9013038314706,499.7353801712274,2475.571693664647,0.9967510498674055,0.9725000418746887,1.0148927933287342,0.012395960928249013,9.963574938971618,-7.542115737132178,17.505690676103796,22.670389833175705,0.9242275585146535,228.94404073995383,77.2178119832458,73.46448625022876,20.473174388352817
1504,2481.8187266133223,329.8413170331984,1,1,2,33.0,2452.9013038314706,499.7353801712274,2481.818726613322,0.998818723821135,0.9737139782384239,1.0176178580863715,0.01163257305694949,6.6023515074932675,-13.199791289081617,19.802142796574884,28.917422781851656,1.178906902478391,277.4448536716766,85.63766933826875,97.86461062518927,22.648224675614394
1505,2475.242478663025,266.8137344795854,14,7,21,32.0,2452.9013038314706,499.7353801712274,2475.242478663025,0.9997726077412313,0.9730187139734822,1.020279550935502,0.011253863080319679,32.45629815700781,14.07972340989906,18.376574747108748,22.341174831554326,0.910806105270402,223.8234261949223,76.08064099163971,83.92216641751669,20.196586944273367
1506,2475.0331665241624,267.992197846334,11,6,17,32.0,2452.9013038314706,499.7353801712274,2475.0331665241624,1.0008622738448307,0.9742095480627363,1.0209415726526305,0.011341110695149384,3.9711102768471562,-12.970847624379985,16.94195790122714,22.13186269269181,0.902272857783617,239.73792065099948,74.60078822088754,78.63939428196018,19.90900484460147
1507,2480.3583938554393,326.0738026349103,1,1,2,33.0,2452.9013038314706,499.7353801712274,2480.3583938554393,0.9988335695655634,0.9646119816637664,1.0197695484574787,0.01319921155831258,18.49781273003316,-2.479322008113712,20.977134738146873,27.457090023968703,1.1193719853742299,232.96362061779118,86.7491664346533,56.229812617080675,22.226479091166
1508,2475.078884884201,268.3429497015602,11,7,18,32.0,2452.9013038314706,499.7353801712274,2475.078884884201,1.0007822773865034,0.9741476082620376,1.0209255264694954,0.011304474386170889,57.56725096867126,40.4038431617939,17.16340780687736,22.177581052730602,0.9041367061156872,239.6425167047083,74.77840566613658,78.61635130042134,19.94483022051595
1509,2479.0374791659583,316.7447991600943,1,1,2,33.0,2452.9013038314706,499.7353801712274,2479.037479165958,0.9986595461810612,0.9705027905239536,1.0144806994807434,0.012672996600936893,14.797886017900339,-7.308606275883591,22.10649229378393,26.13617533448769,1.0655208708830872,234.45435833639036,82.36407062325101,60.11806623481692,21.29504400679186
1510,2475.6674305075517,281.2140371922734,13,7,20,32.0,2452.9013038314706,499.7353801712274,2475.667430507551,0.9999937335361523,0.9732695587533698,1.0196474093570993,0.011496270248381263,6.962991459864639,-11.009674926748175,17.972666386612815,22.766126676081058,0.928130562795984,244.82927800733606,77.4895016601926,53.62212829555578,20.482007962949588
1511,2514.542209025905,301.72894745111284,11,7,18,32.0,2490.547057694836,509.77276673106593,2514.542209025905,0.9986430106534492,0.9730363484769209,1.018149495793085,0.011917773837303771,7.742534048897255,-9.739082814657479,17.481616863554734,23.995151331068882,0.9634490244596287,223.45541664369236,81.80653582471238,85.16943874886361,21.36929945311996
1512,2516.6310744169105,320.5665426148129,1,1,2,33.0,2490.547057694836,509.77276673106593,2516.6310744169105,0.9983154232241732,0.9738211181169947,1.0168959275509328,0.012271640259117068,9.709710458338748,-9.191999198129793,18.90170965646854,26.084016722074466,1.047320774023717,235.52972087865135,84.35676296062756,92.61320799707909,22.1999220039583
1513,2522.3830180704185,377.01200678792065,8,7,15,33.0,2490.547057694836,509.77276673106593,2522.3830180704185,0.9954138461299561,0.9673971592574312,1.0128717459709788,0.01410472009080044,11.755551650674136,-10.844136528327908,22.599688179002044,31.835960375582545,1.2782717868036915,248.6992010989318,90.23079738732451,99.70141506048529,23.881424531849312
1514,2519.671903697542,363.96997060564115,1,1,2,33.0,2490.547057694836,509.77276673106593,2519.671903697542,0.9956109911195178,0.9672580694313959,1.0125380288217376,0.013486831986858896,13.999754534063442,-8.54758471151888,22.54733924558232,29.124846002705908,1.1694156074152984,299.86144028512297,80.17787931344793,78.0571306419076,21.0517999788466
1515,2514.412649041316,303.6269057641211,1,1,2,33.0,2490.547057694836,509.77276673106593,2514.4126490413164,0.997342003428115,0.9656967430351536,1.0206495965769256,0.015549669169940014,11.64219952231656,-6.727167925553857,18.369367447870417,23.86559134647996,0.9582469551315815,241.91771899546075,79.6630143067725,83.81305851745672,21.327472389674398
1516,2515.3859151920396,320.07579266758626,1,1,2,32.0,2490.547057694836,509.77276673106593,2515.385915192039,0.9984655341756166,0.9718664958345344,1.0175969080179683,0.012108867184925116,5.0914976322106895,-14.710637538001947,19.802135170212637,24.838857497203662,0.9973253635365416,215.83830129695457,84.3407024314083,77.46911083229928,21.908350148505633
1517,2520.853874069129,354.56543372022935,1,1,2,33.0,2490.547057694836,509.77276673106593,2520.8538740691292,0.9971281097053827,0.9671829323249452,1.0162951458693188,0.01324503993519358,-17.01025045046552,-38.094989061080184,21.084738610614664,30.306816374292794,1.2168738703674096,240.7843786255542,90.49468782643434,99.58810833033014,23.685965956140933
1518,2512.624365275252,299.97816971241866,1,1,2,32.0,2490.547057694836,509.77276673106593,2512.624365275252,0.9993840390131238,0.9723917927425417,1.0188412025467202,0.012077431380682423,-2.556482896571765,-21.320447114630156,18.76396421805839,22.07730758041589,0.8864441052099566,211.23596251359058,78.05832053649762,69.30316324702449,20.5595267221218
1519,2516.372401637225,325.5231168881739,1,1,2,33.0,2490.547057694836,509.77276673106593,2516.3724016372244,0.9959140019953251,0.970739023385186,1.0130484520995786,0.013511658918566328,5.257550350095613,-13.967933385442564,19.225483735538177,25.825343942388827,1.0369345908401293,265.0753744058089,76.55328025317598,78.35479474102364,20.204962479697972
1520,2512.624365275252,299.97816971241866,1,1,2,32.0,2490.547057694836,509.77276673106593,2512.624365275252,0.9993840390131238,0.9723917927425417,1.0188412025467202,0.012077431380682423,-2.556482896571765,-21.320447114630156,18.76396421805839,22.07730758041589,0.8864441052099566,211.23596251359058,78.05832053649762,69.30316324702449,20.5595267221218
1521,2523.2849168939765,373.2678584483481,13,1,14,33.0,2490.547057694836,509.77276673106593,2523.284916893977,0.9955596890123976,0.9736455904947544,1.0114034529661267,0.012330025004525225,11.334463244220586,-11.0239828068961,22.358446051116687,32.73785919914053,1.3144846670530914,281.11770120503945,94.89456386173246,99.6921085351859,24.584122509580144
1522,2514.8825950401474,323.8863530191825,1,1,2,33.0,2490.547057694836,509.77276673106593,2514.882595040148,0.9984537902351427,0.9715795014938285,1.0177794879320778,0.012146954410963412,13.594128069937824,-6.32898359328243,19.923111663220254,24.335537345311423,0.9771161428218728,194.71719845528034,80.7217945658482,67.43413929423944,21.083955665539175
1523,2516.6310744169105,320.5665426148129,1,1,2,33.0,2490.547057694836,509.77276673106593,2516.6310744169105,0.9983154232241732,0.9738211181169947,1.0168959275509328,0.012271640259117068,9.709710458338748,-9.191999198129793,18.90170965646854,26.084016722074466,1.047320774023717,235.52972087865135,84.35676296062756,92.61320799707909,22.1999220039583
1524,2519.671903697542,363.96997060564115,1,1,2,33.0,2490.547057694836,509.77276673106593,2519.671903697542,0.9956109911195178,0.9672580694313959,1.0125380288217376,0.013486831986858896,13.999754534063442,-8.54758471151888,22.54733924558232,29.124846002705908,1.1694156074152984,299.86144028512297,80.17787931344793,78.0571306419076,21.0517999788466
1525,2516.8973748349563,320.07826815305,1,1,2,33.0,2490.547057694836,509.77276673106593,2516.8973748349563,0.9981921194405592,0.9722009446793177,1.0175924434140005,0.012069547115790119,15.103052575033217,-3.9097537783947303,19.012806353427948,26.350317140120296,1.0580132207784596,278.76919874772284,80.83764814711031,93.94201124788782,21.36929140716122
1526,2618.1688630617964,324.6562027203415,13,7,20,32.0,2595.252269251331,531.0075460665518,2618.1688630617964,0.9975312072287671,0.9716952903110451,1.0148565042695261,0.01271409412860743,8.40617322655271,-9.951596835672262,18.357770062224972,22.9165938104652,0.8830198929785001,209.66544379316267,79.43331143731768,49.39110616508729,21.262945525858783
1527,2619.8416380386443,336.7650547511224,1,1,2,32.0,2595.252269251331,531.0075460665518,2619.8416380386443,0.9975028291265606,0.9723308744938848,1.0143120279181956,0.012401776616050934,8.045926361536061,-10.146572258337159,18.19249861987322,24.589368787313106,0.9474750905200655,217.1066651518258,85.01306537941029,81.52735996585405,22.453218797467056
1528,2624.6777029411246,385.8219784624319,14,7,21,33.0,2595.252269251331,531.0075460665518,2624.677702941124,0.9946196591922495,0.9585903150974555,1.0130470724261496,0.014917737856303905,11.103069764566953,-9.323614568607695,20.42668433317465,29.425433689793408,1.1338178580335834,240.42504569533185,90.42392186609737,99.38311187275704,24.276335388102492
1529,2619.5982024838513,322.10640073418335,11,7,18,32.0,2595.252269251331,531.0075460665518,2619.598202483851,0.9975059401298628,0.972594037256948,1.0145684456445487,0.012300266679283158,15.121165019428105,-0.9805405985533469,16.10170561798145,24.34593323252011,0.93809505615203,213.2885812269982,83.60065702148165,85.61453261209414,22.17904225572452
1530,2618.1864678327497,322.4813624863158,18,7,25,32.0,2595.252269251331,531.0075460665518,2618.1864678327497,0.998103482475004,0.9713594799063007,1.0151381063593834,0.01265961630978742,10.619432490960094,-7.227785062898761,17.847217553858854,22.934198581418514,0.883698238246199,207.00557065507908,79.74465887513482,82.96306145940395,21.552135481612435
1531,2618.197456021233,322.63000689877987,18,1,19,32.0,2595.252269251331,531.0075460665518,2618.197456021233,0.9980980869784196,0.9713521311199405,1.015133227722426,0.012659192123878822,32.38779206847073,14.51681217923715,17.87097988923358,22.94518676990174,0.8841216340221477,207.01988393638874,79.82015597413583,82.93426815414739,21.56701643699302
1532,2621.1322086488353,349.48114120673404,1,1,2,33.0,2595.252269251331,531.0075460665518,2621.132208648835,0.9976189717131189,0.9706703068515843,1.0231725963901355,0.01395745602438637,-10.060486041135277,-30.094061468622954,20.033575427487676,25.87993939750413,0.9972032277605861,202.75843790431546,89.04664124999131,63.32539918407195,23.37305138130825
1533,2619.6140355517805,339.7545036555053,1,1,2,33.0,2595.252269251331,531.0075460665518,2619.614035551781,0.9955751834745993,0.9646482869614954,1.014730895750816,0.015952791290141443,8.07718414551934,-10.053427077770408,18.130611223289748,24.36176630044929,0.938705134336597,245.8297314741297,81.72454624803825,85.32392901628563,21.894763681248385
1534,2621.4834014513544,361.67095632506266,1,1,2,32.0,2595.252269251331,531.0075460665518,2621.483401451354,0.996312514696804,0.9695776240314977,1.0137137737035806,0.012939043195514536,-72.40431237372809,-95.25443440360806,22.85012202987997,26.23113220002324,1.0107353535843473,214.3026630922949,88.20894427738583,46.43841498549508,22.94468838657578
1535,2617.0714243062644,307.20961197127434,11,6,17,32.0,2595.252269251331,531.0075460665518,2617.0714243062644,0.9986235514572024,0.9727491028699768,1.0156637729414506,0.012422142988937027,11.074165331759048,-5.221666948687613,16.29583228044666,21.819155054933162,0.8407334929805291,204.088700580565,76.28954302094537,80.19420202358623,20.645201708355874
1536,2620.159396770462,337.62836383695645,1,1,2,32.0,2595.252269251331,531.0075460665518,2620.159396770462,0.9976623906209281,0.9705548744726746,1.0147140468906752,0.012585135979498325,4.732579406091645,-15.887926079271466,20.62050548536311,24.90712751913088,0.9597189380867394,213.5535890214014,84.86192279931667,76.8477178515934,22.301891358257993
1537,2619.8416380386443,336.7650547511224,1,1,2,32.0,2595.252269251331,531.0075460665518,2619.8416380386443,0.9975028291265606,0.9723308744938848,1.0143120279181956,0.012401776616050934,8.045926361536061,-10.146572258337159,18.19249861987322,24.589368787313106,0.9474750905200655,217.1066651518258,85.01306537941029,81.52735996585405,22.453218797467056
1538,2619.888898509326,341.6636290223209,1,1,2,32.0,2595.252269251331,531.0075460665518,2619.8888985093254,0.9974097090187394,0.971271844274313,1.0144503286479054,0.012453379792149099,19.318367659953594,-0.5524966100458073,19.8708642699994,24.636629257994628,0.9492961262336825,212.09548964225226,85.05309085663328,76.3871881700033,22.4409284232314
1539,2617.6538702014045,306.53380803563743,14,7,21,32.0,2595.252269251331,531.0075460665518,2617.6538702014045,0.997443410776618,0.971306683057975,1.015246937191951,0.012314381995255431,18.884787582014326,0.744241912309036,18.14054566970529,22.401600950073316,0.8631762397624508,201.70275942009548,78.33322217894083,86.92167076137547,20.962927087215927
1540,2624.4903355329725,380.28267353261003,14,8,22,33.0,2595.252269251331,531.0075460665518,2624.4903355329725,0.9958852435902301,0.9716496284395018,1.015052390502113,0.013371389601998159,15.355398810923418,-4.872026157876462,20.22742496879988,29.238066281641295,1.1265982358653628,240.0861307150408,91.37996928535453,99.44739310991739,24.55795461951498
1541,2618.1864678327497,322.4813624863158,18,7,25,32.0,2595.252269251331,531.0075460665518,2618.1864678327497,0.998103482475004,0.9713594799063007,1.0151381063593834,0.01265961630978742,10.619432490960094,-7.227785062898761,17.847217553858854,22.934198581418514,0.883698238246199,207.00557065507908,79.74465887513482,82.96306145940395,21.552135481612435
1542,2640.2346001363876,315.84149394143407,12,6,18,32.0,2616.2376767643655,534.8598610837214,2640.2346001363876,0.9975900764811992,0.9743645497296671,1.0140570881516267,0.012673947698299565,5.504019443745847,-10.845275791225987,16.349295234971834,23.996923372022138,0.9172302495735157,215.6778021643759,77.51654248165532,81.67911088381501,20.802976068989743
1543,2644.213124215544,353.00578991431377,1,1,2,33.0,2616.2376767643655,534.8598610837214,2644.2131242155438,0.9952521865990301,0.972467132244735,1.0139533894752977,0.013386029894945382,9.533871976165784,-10.755519945674592,20.289391921840377,27.975447451178752,1.0693006869994095,233.47019978125502,85.88659373192324,80.48385190257883,22.669532718242326
1544,2644.62463910233,366.0327722476755,1,1,2,33.0,2616.2376767643655,534.8598610837214,2644.6246391023296,0.9953058250808149,0.9730848110620168,1.012494493829137,0.01309985876905233,15.694665510221455,-4.977278771584025,20.67194428180548,28.386962337964633,1.085029949307673,226.00242066932998,87.51069724794068,71.77370456372286,23.179235053171297
1545,2643.982387417681,357.74672728532335,1,1,2,33.0,2616.2376767643655,534.8598610837214,2643.982387417681,0.995841381638488,0.9734241785483789,1.0130088218159339,0.012665230631723205,6.34311047902554,-12.770569451809308,19.11367993083485,27.74471065331545,1.0604812743018344,302.3043085236387,83.18079944026678,77.98254469537895,21.934439496515065
1546,2643.369092509711,353.4939457676945,1,1,2,33.0,2616.2376767643655,534.8598610837214,2643.3690925097108,0.9965667088359154,0.9626545494386756,1.0191047217501499,0.014387024817605756,15.445692701353039,-3.9666882865566606,19.4123809879097,27.13141574534575,1.0370394091602775,217.28725589545266,86.04932521845184,74.75934356276196,22.480359367883967
1547,2642.717767923802,340.66344903606745,1,1,2,32.0,2616.2376767643655,534.8598610837214,2642.717767923802,0.9966171855533771,0.973921869340884,1.0129429391823137,0.012614982098825066,21.06031244549274,2.6296171125813714,18.43069533291137,26.480091159436597,1.0121439422195722,223.46994652212695,85.02171256972787,78.97583261782357,22.30182991850523
1548,2642.1231217208842,336.0020285243229,1,1,2,32.0,2616.2376767643655,534.8598610837214,2642.1231217208847,0.9971199605998877,0.9733939671896301,1.0135655235146954,0.012732316164914307,7.89539153896763,-10.637860561508631,18.53325210047626,25.885444956518768,0.9894148833042041,217.42854767828308,83.24024282468335,79.61878950768809,21.87061008941606
1549,2643.993386888689,351.47494580270217,1,1,2,33.0,2616.2376767643655,534.8598610837214,2643.993386888689,0.9954621558707185,0.9730543863411013,1.013395608961247,0.012930459257529637,4.254378492447643,-17.060988985220888,21.31536747766853,27.75571012432374,1.060901705178814,265.40282047194836,82.3930745548364,83.23298837318322,22.25393496039038
1550,2643.982387417681,357.74672728532335,1,1,2,33.0,2616.2376767643655,534.8598610837214,2643.982387417681,0.995841381638488,0.9734241785483789,1.0130088218159339,0.012665230631723205,6.34311047902554,-12.770569451809308,19.11367993083485,27.74471065331545,1.0604812743018344,302.3043085236387,83.18079944026678,77.98254469537895,21.934439496515065
1551,2640.7391461241104,314.6500175067475,14,7,21,32.0,2616.2376767643655,534.8598610837214,2640.7391461241104,0.9964511737492631,0.9731211722250664,1.0141281010768253,0.012528942149372065,9.936686209167704,-7.886596880732441,17.823283089900144,24.501469359744988,0.9365154235546063,214.03629280705493,79.59566036439365,87.63762190595739,21.162420490573023
1552,2643.369092509711,353.4939457676945,1,1,2,33.0,2616.2376767643655,534.8598610837214,2643.3690925097108,0.9965667088359154,0.9626545494386756,1.0191047217501499,0.014387024817605756,15.445692701353039,-3.9666882865566606,19.4123809879097,27.13141574534575,1.0370394091602775,217.28725589545266,86.04932521845184,74.75934356276196,22.480359367883967
1553,2640.2346001363876,315.84149394143407,12,6,18,32.0,2616.2376767643655,534.8598610837214,2640.2346001363876,0.9975900764811992,0.9743645497296671,1.0140570881516267,0.012673947698299565,5.504019443745847,-10.845275791225987,16.349295234971834,23.996923372022138,0.9172302495735157,215.6778021643759,77.51654248165532,81.67911088381501,20.802976068989743
1554,2641.286983482307,329.58806893863283,19,7,26,32.0,2616.2376767643655,534.8598610837214,2641.286983482307,0.997184656788562,0.9733454993897667,1.0138356796648305,0.012796794442590013,66.51093549390018,48.997781786559386,17.51315370734079,25.049306717941363,0.9574553160980817,218.60585589077775,80.5416849189698,85.02939572002845,21.640729093172187
1555,2643.982387417681,357.74672728532335,1,1,2,33.0,2616.2376767643655,534.8598610837214,2643.982387417681,0.995841381638488,0.9734241785483789,1.0130088218159339,0.012665230631723205,6.34311047902554,-12.770569451809308,19.11367993083485,27.74471065331545,1.0604812743018344,302.3043085236387,83.18079944026678,77.98254469537895,21.934439496515065
1556,2642.693908699044,344.16411584361845,1,1,2,33.0,2616.2376767643655,534.8598610837214,2642.693908699044,0.9963734415416607,0.9732955756255904,1.014101780840542,0.012688006563508838,-8.47020886946325,-26.699435373364793,18.229226503901543,26.456231934678726,1.0112319752002998,218.421217106797,82.51135426640285,73.66216844741577,21.76591660690596
1557,2643.369092509711,353.4939457676945,1,1,2,33.0,2616.2376767643655,534.8598610837214,2643.3690925097108,0.9965667088359154,0.9626545494386756,1.0191047217501499,0.014387024817605756,15.445692701353039,-3.9666882865566606,19.4123809879097,27.13141574534575,1.0370394091602775,217.28725589545266,86.04932521845184,74.75934356276196,22.480359367883967
1558,2622.0240663912246,355.0305248218347,1,1,2,32.0,2595.9769978455615,529.4310947398762,2622.0240663912246,0.9973676268285675,0.9745814051549633,1.0136602299636563,0.011771834232286608,15.606873379947501,-4.643026827611095,20.249900207558596,26.047068545663024,1.0033628405521258,207.64973317278708,88.6688113966958,87.43746853534542,23.172672481342726
1559,2621.4540629826142,359.67039584604646,1,1,2,33.0,2595.9769978455615,529.4310947398762,2621.4540629826142,0.9973976742831369,0.9683628468038467,1.0208240569548093,0.013270726779365026,14.582232413728974,-7.10017198413189,21.682404397860864,25.477065137052705,0.9814056579929824,219.66907660082916,87.31217912135786,72.9380669174702,22.789724878671482
1560,2620.1803900626683,347.91312555014036,1,1,2,33.0,2595.9769978455615,529.4310947398762,2620.1803900626683,0.9969472861783709,0.9771972834728235,1.013714817596336,0.011775633788155089,12.164683336757406,-9.659249634979773,21.82393297173718,24.20339221710674,0.9323423218770228,221.8661243771134,80.01633299901843,75.39296867157775,21.547512614116794
1561,2623.3997190185055,371.8561606342206,1,1,2,33.0,2595.9769978455615,529.4310947398762,2623.3997190185055,0.9963881108257592,0.9754029229078842,1.0127652554473099,0.01157670121112028,18.06125344603612,-2.7013943839399133,20.762647829976032,27.422721172943966,1.0563545515119153,223.2942415408761,90.98706165143103,85.53391105765577,23.700622555204895
1562,2618.0109136941587,315.18390307233204,1,1,2,32.0,2595.9769978455615,529.4310947398762,2618.0109136941587,0.9985151232166216,0.9759651836128522,1.0149554484224648,0.011595122091621349,12.122631093526564,-5.701332931080458,17.823964024607022,22.03391584859719,0.848771613418896,199.85484359670542,77.6656196690612,84.93100947748346,20.99506361747524
1563,2618.029730670293,315.1940217027485,11,7,18,32.0,2595.9769978455615,529.4310947398762,2618.0297306702923,0.998661448725619,0.9759951656190153,1.0151424884686795,0.011605661129864902,8.712087812024151,-9.274553528741649,17.9866413407658,22.052732824731265,0.8494964648389852,200.0388977323012,77.64341209985328,85.25147073440334,20.99635682974893
1564,2622.010136372596,373.86467938174115,1,1,2,33.0,2595.9769978455615,529.4310947398762,2622.0101363725958,0.9950747541398405,0.9628798077485734,1.0139860114103796,0.016218704894540907,10.792189160962153,-10.5516931674116,21.343882328373752,26.03313852703468,1.0028262403187684,204.11612494143156,85.77713200374065,73.16934778689065,22.308457889355328
1565,2619.0050503829034,330.24940807388174,14,7,21,32.0,2595.9769978455615,529.4310947398762,2619.0050503829034,0.998024245382903,0.9748118373364578,1.0144709780656642,0.011769461565880629,12.10669881107907,-6.830692404761351,18.93739121584042,23.028052537341864,0.8870668945238411,205.46290480610097,80.51630275311041,87.11969309356759,21.780882930637848
1566,2624.42517422959,398.1142295256162,1,1,2,33.0,2595.9769978455615,529.4310947398762,2624.42517422959,0.9939636629132581,0.9695599921377696,1.0120464082967708,0.01367223014229865,12.298568052959098,-11.416358864580815,23.714926917539913,28.448176384028557,1.095856257880486,290.83233447371475,80.86567705593497,82.53198354852958,21.42665580428508
1567,2621.8774116443537,376.7779235695995,1,1,2,33.0,2595.9769978455615,529.4310947398762,2621.8774116443537,0.9957681855562579,0.9720762114025512,1.0131197391080655,0.013671703190198968,-52.049449544562634,-75.04128906772947,22.99183952316683,25.900413798792215,0.9977135321417462,224.5989223597849,86.48913669618099,60.70124923597822,22.499375714199726
1568,2620.76400940814,344.041335607134,1,1,2,32.0,2595.9769978455615,529.4310947398762,2620.7640094081403,0.9974593111195151,0.9748861017801758,1.0139084106408462,0.01161420855882673,13.317843337426126,-6.178204454605748,19.496047792031874,24.7870115625783,0.9548240058809996,202.67452259099716,85.51956598414222,84.60979229960434,22.499980669587547
1569,2624.3048723480047,367.54636717899047,1,1,2,33.0,2595.9769978455615,529.4310947398762,2624.304872348004,0.9949124591942414,0.9655478414452717,1.0135597390168416,0.01451959877987376,3.859037863695306,-15.979401716618753,19.83843958031406,28.327874502443137,1.091222091950462,271.0738335597635,88.7062676916996,98.69557508604132,23.5979502714577
1570,2621.8774116443537,376.7779235695995,1,1,2,33.0,2595.9769978455615,529.4310947398762,2621.8774116443537,0.9957681855562579,0.9720762114025512,1.0131197391080655,0.013671703190198968,-52.049449544562634,-75.04128906772947,22.99183952316683,25.900413798792215,0.9977135321417462,224.5989223597849,86.48913669618099,60.70124923597822,22.499375714199726
1571,2621.4540629826142,359.67039584604646,1,1,2,33.0,2595.9769978455615,529.4310947398762,2621.4540629826142,0.9973976742831369,0.9683628468038467,1.0208240569548093,0.013270726779365026,14.582232413728974,-7.10017198413189,21.682404397860864,25.477065137052705,0.9814056579929824,219.66907660082916,87.31217912135786,72.9380669174702,22.789724878671482
1572,2618.0702741021346,315.87337724511184,14,7,21,32.0,2595.9769978455615,529.4310947398762,2618.070274102135,0.998433166983577,0.9758633674957706,1.0149300628710436,0.011570348490774618,9.730121180126162,-8.296757042877942,18.026878223004104,22.093276256573063,0.8510582441565773,200.02188148803805,77.6286494134597,85.75945540127971,20.958471255237537
1573,2621.0619906091256,396.1796234987876,1,1,2,33.0,2595.9769978455615,529.4310947398762,2621.0619906091256,0.9966022890481828,0.9742054587545754,1.012527451837477,0.011809837757209908,14.644332809583176,-5.912398924482403,20.55673173406558,25.08499276356406,0.9663025822024792,208.69124886289495,86.78165752348836,65.15199330686741,22.639886719621423
1574,2620.738621803584,348.14843554872937,1,1,2,32.0,2595.9769978455615,529.4310947398762,2620.738621803584,0.9973768292358892,0.9747382654378712,1.0136708073055847,0.011644664492609763,18.581155160768418,-1.573193922138472,20.15434908290689,24.761623958022483,0.9538460463468093,206.52129940912545,85.92412095883031,72.73810289729036,22.487638757124074
1575,2621.789948802988,363.8481864857131,1,1,2,33.0,2595.9769978455615,529.4310947398762,2621.789948802988,0.996623168786595,0.9752916638982032,1.0130111649092917,0.011606658688239175,22.754732634397755,2.1016541819631414,20.653078452434613,25.812950957426438,0.994344363561348,325.11738063399383,84.50690683048737,78.01147265486878,22.32610434458678
1576,2618.1407299792286,315.750787265805,10,7,17,32.0,2595.9769978455615,529.4310947398762,2618.140729979229,0.9983835461650354,0.9757469865956039,1.014910320616547,0.011568224704685536,15.834961570285941,-2.1166800233472713,17.951641593633212,22.163732133667054,0.8537722850418572,200.15797808430386,77.7687024907552,85.28555118295097,21.02663209922871
1577,2585.756810952684,301.61712282903954,11,6,17,32.0,2563.6582506594827,523.4737788655898,2585.7568109526846,0.9994508419949056,0.9756545846320801,1.016817696059485,0.0113721213450752,10.952208141910035,-5.919001729433035,16.87120987134307,22.098560293201444,0.8619932195532204,226.23158706701312,76.46877502995224,77.54389689599422,20.43183579546802
1578,2591.232046945586,350.98001907538287,1,1,2,33.0,2563.6582506594827,523.4737788655898,2591.232046945586,0.9976079173307899,0.9728935525673812,1.014847989574659,0.011773413943778314,15.76037022175396,-4.142596617999715,19.902966839753674,27.57379628610306,1.0755644313749657,270.70921369847616,83.65581728546549,87.43242946854056,21.89640303793591
1579,2589.693762335552,335.1507995251319,1,1,2,32.0,2563.6582506594827,523.4737788655898,2589.693762335552,0.9983751328424474,0.9731328915432306,1.015807805274426,0.011552424389205108,11.382876651491614,-9.782553793626505,21.16543044511812,26.03551167606929,1.0155609340430551,212.5868034813283,85.95574992686225,76.02585012915762,22.40563682749593
1580,2592.4750318571373,369.50996015325177,1,1,2,33.0,2563.6582506594827,523.4737788655898,2592.475031857137,0.9958317746028982,0.9710643952439552,1.0128680831139345,0.012581633714937486,22.482153012199404,1.1690151358465357,21.31313787635287,28.816781197654564,1.1240492444826315,312.2372727006538,80.64461806440399,81.39965906347581,21.222845393119265
1581,2589.50220203292,337.1287026984987,1,1,2,32.0,2563.6582506594827,523.4737788655898,2589.50220203292,0.9983376982622388,0.9733919647094276,1.0157253239059363,0.011530071159289187,8.610706759423778,-12.169026517743077,20.779733277166855,25.84395137343745,1.0080887874500932,216.62774083463475,85.87529992013309,74.16072742109262,22.3932474191572
1582,2586.5489594065807,318.0744504136566,13,7,20,32.0,2563.6582506594827,523.4737788655898,2586.5489594065803,0.99848458874207,0.9746878715756951,1.015488261134598,0.011571056803005015,14.222352495260907,-3.804917582509546,18.027270077770453,22.89070874709796,0.8928923635281532,231.48272800587287,79.5200677379011,50.890008470383506,21.032179208038997
1583,2588.3850155012246,326.50751995998434,1,1,2,32.0,2563.6582506594827,523.4737788655898,2588.385015501224,0.9985061657149048,0.9748327843530514,1.0157094750521072,0.011355843360159525,15.79190896846734,-3.011616877507663,18.803525845975003,24.726764841741897,0.9645109614505409,230.45800272877278,84.30673768386296,77.16905846386621,22.01608721222498
1584,2588.4786310483546,322.414782576894,1,1,2,33.0,2563.6582506594827,523.4737788655898,2588.478631048354,0.9988951347174361,0.9755696492897622,1.015909156821537,0.011371559773118564,11.782247460461036,-6.722272433159617,18.504519893620653,24.820380388871854,0.9681626005528229,228.1370659598092,82.05992092122445,88.05098487789407,21.637633133352768
1585,2589.2233093616487,329.98237173232405,1,1,2,32.0,2563.6582506594827,523.4737788655898,2589.2233093616487,0.9988080793852084,0.97360983321192,1.0163530180441678,0.011592006719141621,4.91952110100263,-15.940153628710618,20.859674729713248,25.56505870216597,0.997210088185098,215.25245722462384,84.05980686933182,81.25344049545976,21.82443347686654
1586,2589.1293315543608,339.4469097126591,1,1,2,33.0,2563.6582506594827,523.4737788655898,2589.1293315543608,0.9973049954906538,0.9691949571250957,1.0148392823946837,0.012974274990695757,10.301699019466128,-8.594070920089678,18.895769939555805,25.471080894878014,0.9935443184880731,238.92836648898768,84.45785006790368,86.26359712743373,22.258073474712795
1587,2585.756946188123,301.61562868924904,11,6,17,32.0,2563.6582506594827,523.4737788655898,2585.756946188123,0.9994503010997063,0.975655592951448,1.0168171884922341,0.011371620852974587,-26.128861846685197,-42.99806052095914,16.869198674273946,22.09869552864029,0.8619984946494159,226.24744750379796,76.42672756412885,77.54736789200413,20.42344757014336
1588,2588.004749887645,319.1418288933473,1,1,2,32.0,2563.6582506594827,523.4737788655898,2588.0047498876447,0.9986931354133294,0.9750214917275479,1.0161070115047095,0.011248147591858142,84.80049603701639,66.28140989425663,18.51908614275976,24.34649922816243,0.9496780322377004,227.5759674422502,82.45805076509177,80.54962985658743,21.645214216716525
1589,2590.0929112020485,353.3487539796041,1,1,2,33.0,2563.6582506594827,523.4737788655898,2590.0929112020485,0.9972078968272581,0.9720996674599698,1.014171553782904,0.01273679864124572,12.958614122281801,-9.480074450410655,22.438688572692456,26.43466054256578,1.0311304377549406,226.05852946092523,84.55295539387257,67.048858882787,22.018857090507037
1590,2590.0929112020485,353.3487539796041,1,1,2,33.0,2563.6582506594827,523.4737788655898,2590.0929112020485,0.9972078968272581,0.9720996674599698,1.014171553782904,0.01273679864124572,12.958614122281801,-9.480074450410655,22.438688572692456,26.43466054256578,1.0311304377549406,226.05852946092523,84.55295539387257,67.048858882787,22.018857090507037
1591,2588.3529619105725,325.6930833616276,1,1,2,32.0,2563.6582506594827,523.4737788655898,2588.352961910573,0.9985132632286113,0.9753107567802416,1.0156427360787517,0.011298535767950821,16.56188415153798,-2.2278546293597117,18.789738780897693,24.694711251089757,0.9632606547591599,237.011800706163,84.09394680126734,79.18077730626611,21.99941949429799
1592,2586.549511769018,318.07890613122987,13,7,20,32.0,2563.6582506594827,523.4737788655898,2586.549511769018,0.9984835221914151,0.9746897843937589,1.0154869851956343,0.011570223760718486,3.5456454563151,-14.47810691400116,18.02375237031626,22.891261109535208,0.8929139093967222,231.51627623123807,79.4735979510609,50.88955782053516,21.02295965528884
1593,2589.142099781085,335.0644215586353,1,1,2,33.0,2563.6582506594827,523.4737788655898,2589.142099781085,0.9982209376429728,0.9755771360585,1.0149871782263633,0.011601879525686821,10.621050846089531,-8.07627441655228,18.69732526264181,25.48384912160236,0.9940423656330489,245.90583505997253,84.34586974605936,82.64415768033005,22.102958703664395
1594,2588.5995478237774,329.0151132930303,1,1,2,33.0,2563.6582506594827,523.4737788655898,2588.5995478237774,0.9985056494306006,0.9746213238220622,1.0156424329486478,0.011561531099743927,10.85641076020957,-9.25542658222298,20.11183734243255,24.94129716429461,0.972879172092405,212.68056973412394,83.08508060502292,75.25514798081996,21.718279265163403
1595,2533.8537535049427,288.16728638253176,11,7,18,32.0,2511.042103114826,512.0058467411034,2533.8537535049427,0.9995284687954916,0.9723945526400862,1.0189809084141488,0.01242715851292317,-4.909338159616226,-22.63049549361807,17.721157334001845,22.811650390116483,0.9084535206247532,220.08636163981942,75.3901839873386,77.48489272712493,20.191219127953257
1596,2536.6609499488204,312.91908222734565,1,1,2,33.0,2511.042103114826,512.0058467411034,2536.660949948821,0.9986460310025099,0.9735776739530411,1.0176025416521028,0.012185286071561167,21.216419373311027,2.5534011921883177,18.66301818112271,25.618846833994212,1.0202476016716435,241.41743218958328,81.38685488804104,76.87848472912334,21.54695256621478
1597,2542.293720713535,352.3532113529848,1,1,2,33.0,2511.042103114826,512.0058467411034,2542.2937207135346,0.995627058143135,0.9673257836154042,1.0133826771288157,0.013717462607053008,39.50952320493144,17.32963693788335,22.17988626704809,31.25161759870889,1.2445676462351136,311.93686178722936,80.52964337596374,78.05307117059769,21.139593556862366
1598,2537.2945111472623,320.357943715537,1,1,2,32.0,2511.042103114826,512.0058467411034,2537.294511147262,0.9981301182828267,0.9709624845027629,1.0171803059099043,0.012441882429230626,12.017833330116872,-7.275707510355119,19.29354084047199,26.25240803243605,1.0454786082587468,220.68397667533338,84.26183461391615,78.04422304887264,21.961022296171024
1599,2540.4109299020206,362.79311918111847,1,1,2,33.0,2511.042103114826,512.0058467411034,2540.4109299020206,0.9965142623830424,0.9708946998658012,1.0141377288221525,0.012665265326417664,31.346244565457397,8.72279955238858,22.623445013068817,29.368826787194394,1.1695871905438697,244.28787114838585,86.28171867290723,57.53709729232772,22.392884073878356
1600,2539.6279035285706,363.18206326946597,1,1,2,33.0,2511.042103114826,512.0058467411034,2539.6279035285706,0.9973055016800633,0.969186362931596,1.0158925424232441,0.012642536213439698,14.555352743610541,-9.916243305267926,24.471596048878467,28.585800413744437,1.138403867393746,215.53883384427004,85.78609643842117,55.73561589151264,22.17100407946354
1601,2537.6482151372,330.7991557156327,1,1,2,32.0,2511.042103114826,512.0058467411034,2537.6482151372,0.9978892768399366,0.9699405451818376,1.016711994921507,0.012575679187908043,0.994656808607914,-19.923376176362467,20.91803298497038,26.606112022373964,1.0595645524768529,213.29057895339244,85.4170408773239,64.18753323022621,22.135785017304585
1602,2542.293720713535,352.3532113529848,1,1,2,33.0,2511.042103114826,512.0058467411034,2542.2937207135346,0.995627058143135,0.9673257836154042,1.0133826771288157,0.013717462607053008,39.50952320493144,17.32963693788335,22.17988626704809,31.25161759870889,1.2445676462351136,311.93686178722936,80.52964337596374,78.05307117059769,21.139593556862366
1603,2533.760176225969,287.3466137461445,11,6,17,32.0,2511.042103114826,512.0058467411034,2533.760176225969,0.9993618361040282,0.972399516567928,1.018758174256975,0.012393633910716063,11.367699626321325,-6.073499144118557,17.441198770439883,22.718073111142985,0.9047268894042961,219.9692449364984,75.03310701064285,77.51012984761131,20.120280448252917
1604,2538.1139915505146,324.8389837611488,1,1,2,32.0,2511.042103114826,512.0058467411034,2538.113991550515,0.9981701437513782,0.9708229529149217,1.0171182203463869,0.012532513624655059,10.823782145646845,-8.735012307705574,19.55879445335242,27.07188843568838,1.0781136804558957,203.57348106339361,86.01426986349493,78.29177876429738,22.259371886830223
1605,2533.760176225969,287.3466137461445,11,6,17,32.0,2511.042103114826,512.0058467411034,2533.760176225969,0.9993618361040282,0.972399516567928,1.018758174256975,0.012393633910716063,11.367699626321325,-6.073499144118557,17.441198770439883,22.718073111142985,0.9047268894042961,219.9692449364984,75.03310701064285,77.51012984761131,20.120280448252917
1606,2536.4884360126616,313.6330273979621,1,1,2,33.0,2511.042103114826,512.0058467411034,2536.4884360126607,0.9968939215695235,0.9666476742284317,1.0179640580000198,0.016214494401676303,27.30559090646713,7.174843036516023,20.130747869951108,25.44633289783542,1.0133773888645863,184.44950537373964,79.7830502091732,71.74905283044151,21.08355717878238
1607,2538.098370945021,324.712731168616,1,1,2,33.0,2511.042103114826,512.0058467411034,2538.098370945021,0.998524418523821,0.9715517628884723,1.026193695254601,0.013755931612237749,11.590528991228183,-8.883390056735408,20.47391904796359,27.056267830194884,1.077491603849768,219.15946294855289,85.51661215003814,65.59624731840192,22.26020850938113
1608,2534.541434801168,304.0512633437661,13,7,20,32.0,2511.042103114826,512.0058467411034,2534.541434801168,0.9983530164812512,0.9714125292578509,1.017071353766552,0.012547514844967949,9.366148922367103,-9.689209275196788,19.05535819756389,23.499331686341975,0.9358398115743337,224.17023590590355,77.79926727548381,51.042917582043856,20.660433617232783
1609,2537.7690740459175,328.05635325464283,1,1,2,33.0,2511.042103114826,512.0058467411034,2537.769074045918,0.9979962265101016,0.970642139588876,1.017213044767555,0.012382964854728394,9.926824404853079,-10.33273839057614,20.25956279542922,26.726970931091273,1.064377650137278,206.90892136582124,83.62258514486197,78.93651425924479,21.741321176843957
1610,2537.450889155948,327.9293138143413,1,1,2,33.0,2511.042103114826,512.0058467411034,2537.4508891559485,0.9979949701787598,0.9709422046557141,1.0171137322868076,0.012357025118980916,25.939973308930746,6.328968309066738,19.611004999864008,26.408786041121857,1.0517062222239537,220.13334892072663,83.52354682360365,77.40538432371328,21.800419153098865
1611,2536.150379351971,302.7437548157596,7,1,8,32.0,2511.042103114826,512.0058467411034,2536.150379351971,0.998267476501442,0.9717821504800509,1.0179225041755169,0.012314709608104414,3.262449030298882,-14.29253034422095,17.55497937451983,25.108276237144764,0.9999145855021373,228.8509222654598,82.71877733644118,79.78018468509927,21.681836052759785
1612,2533.8537535049427,288.16728638253176,11,7,18,32.0,2511.042103114826,512.0058467411034,2533.8537535049427,0.9995284687954916,0.9723945526400862,1.0189809084141488,0.01242715851292317,-4.909338159616226,-22.63049549361807,17.721157334001845,22.811650390116483,0.9084535206247532,220.08636163981942,75.3901839873386,77.48489272712493,20.191219127953257
1613,2538.6666751165803,338.075481520441,6,3,9,33.0,2511.042103114826,512.0058467411034,2538.666675116581,0.9964667687945101,0.9695646399138971,1.0127417112571329,0.013059264410360556,8.88832861798437,-13.855412499584247,22.743741117568618,27.62457200175413,1.1001238078599793,228.29756634097382,82.57650254632513,80.5982452915832,21.50592110251558
1614,2489.9632448912675,387.62880685715214,1,1,2,33.0,2452.4531664139204,496.53293547391615,2489.963244891267,0.9947469781117496,0.967085920682313,1.012468331192625,0.013409188186966025,25.029601209941433,0.846336586558067,24.183264623383366,37.51007847734718,1.5294921424410313,210.65231810919536,97.82962866575083,99.21465707604935,25.757276492641818
1615,2490.0147004061896,407.9134999078652,1,1,2,33.0,2452.4531664139204,496.53293547391615,2490.0147004061896,0.9939671876972911,0.9657146786871575,1.0132807324218251,0.013952869560483808,-33.852765868627955,-61.521992455974726,27.66922658734677,37.56153399226923,1.5315902667039827,281.90701365261793,95.39618068104001,92.16416566905663,25.711747203516374
1616,2474.6963390643177,268.6217800212153,11,6,17,32.0,2452.4531664139204,496.53293547391615,2474.6963390643173,1.0000260496925977,0.9737213706438533,1.0184862401040762,0.011818003771709818,9.301039609448452,-8.216571132218832,17.517610741667283,22.243172650397355,0.9069764493371448,202.2357990285175,75.1411835805645,72.57380727173405,20.131268157361145
1617,2489.995232533169,387.5943965274144,1,1,2,33.0,2452.4531664139204,496.53293547391615,2489.995232533169,0.9961905134413351,0.9661911668868137,1.0200115549154962,0.014293590244071853,18.187767023567744,-5.0495897933338085,23.237356816901553,37.54206611924883,1.5307964544800834,223.5404549384415,98.79251538876186,97.95557801320088,25.995667096972873
1618,2489.9563886147694,389.29202480301694,1,1,2,33.0,2452.4531664139204,496.53293547391615,2489.9563886147694,0.9956337359960751,0.9693671261296881,1.0135290014094445,0.01291603749342658,5.558331439230301,-17.77887107464491,23.337202513875212,37.503222200848995,1.5292125743501057,241.23151838813436,97.4901278569177,99.41437639473418,25.864378606037462
1619,2478.0302974330293,303.4686574951883,1,1,2,32.0,2452.4531664139204,496.53293547391615,2478.030297433029,0.9988703596397048,0.9715881444213375,1.0173415801112191,0.011933554979454357,4.80337515234109,-15.768048548654718,20.57142370099581,25.577131019108947,1.0429202632443701,200.94410158101206,85.122329319299,64.0388131292723,22.04903035604744
1620,2489.9632448912675,387.62880685715214,1,1,2,33.0,2452.4531664139204,496.53293547391615,2489.963244891267,0.9947469781117496,0.967085920682313,1.012468331192625,0.013409188186966025,25.029601209941433,0.846336586558067,24.183264623383366,37.51007847734718,1.5294921424410313,210.65231810919536,97.82962866575083,99.21465707604935,25.757276492641818
1621,2489.9563886147694,389.29202480301694,1,1,2,33.0,2452.4531664139204,496.53293547391615,2489.9563886147694,0.9956337359960751,0.9693671261296881,1.0135290014094445,0.01291603749342658,5.558331439230301,-17.77887107464491,23.337202513875212,37.503222200848995,1.5292125743501057,241.23151838813436,97.4901278569177,99.41437639473418,25.864378606037462
1622,2484.32079181611,367.6810332313052,1,1,2,33.0,2452.4531664139204,496.53293547391615,2484.32079181611,0.9954502384085391,0.9647701996357904,1.0130190130379357,0.013684457760398654,17.795258671031007,-8.369177058569136,26.164435729600143,31.867625402189788,1.2994183064783236,286.89962884902565,84.2935145287758,74.24549980149916,21.94952950930423
1623,2489.944957257769,387.308560237317,1,1,2,33.0,2452.4531664139204,496.53293547391615,2489.9449572577696,0.9954068982318032,0.9678449750733861,1.0135837656019722,0.012991378725347117,11.0590998661811,-12.456149779399965,23.515249645581065,37.491790843848776,1.5287464550717942,217.30273817065512,97.51869987554387,99.44979113772942,25.83426491466731
1624,2487.1242365204707,375.23644305549817,8,7,15,33.0,2452.4531664139204,496.53293547391615,2487.1242365204707,0.9943862549672708,0.9650999645684522,1.0129193472937925,0.015556071546323947,18.36340891953631,-5.781485024477178,24.14489394401349,34.67107010655036,1.413730161348926,285.6522000210093,93.84932619055185,99.7169707875278,24.987293057433714
1625,2477.2542484203814,289.57636918327455,1,1,2,33.0,2452.4531664139204,496.53293547391615,2477.2542484203814,0.9993427751409326,0.9733707979734362,1.017377369673827,0.011960940504312236,6.63387450024382,-11.087259133165702,17.721133633409522,24.801082006461,1.0112764780224603,208.70694274750116,81.04406448308286,85.12202434802415,21.397234257212983
1626,2480.832075272447,333.2231393657571,1,1,2,32.0,2452.4531664139204,496.53293547391615,2480.832075272447,0.9979673540821971,0.9708794355414424,1.0160919415172476,0.012004097257330523,13.796304255869671,-7.82665174934786,21.62295600521753,28.378908858526756,1.1571641508662767,214.3699766129565,91.07940498673507,56.73182915915592,23.27960101526935
1627,2489.8276538850555,393.6132745271571,1,1,2,33.0,2452.4531664139204,496.53293547391615,2489.8276538850555,0.9927709517075064,0.9692546387830983,1.0121955285605704,0.014079210865811292,124.82555132330725,100.63400204320396,24.19154928010329,37.374487471135126,1.5239633515931994,323.70222933205326,92.67010959488174,99.60807916355034,24.514377357742312
1628,2482.0765990239015,353.1718863118418,1,1,2,33.0,2452.4531664139204,496.53293547391615,2482.0765990239015,0.9979986465561245,0.97090283856957,1.0160524002688054,0.012040075060219521,18.030395081487143,-8.129727025211793,26.160122106698935,29.623432609981137,1.2079102270196564,210.8145013711345,87.70267371800196,62.460504215797116,22.666814531120725
1629,2489.9632448912675,387.62880685715214,1,1,2,33.0,2452.4531664139204,496.53293547391615,2489.963244891267,0.9947469781117496,0.967085920682313,1.012468331192625,0.013409188186966025,25.029601209941433,0.846336586558067,24.183264623383366,37.51007847734718,1.5294921424410313,210.65231810919536,97.82962866575083,99.21465707604935,25.757276492641818
1630,2477.2542484203814,289.57636918327455,1,1,2,33.0,2452.4531664139204,496.53293547391615,2477.2542484203814,0.9993427751409326,0.9733707979734362,1.017377369673827,0.011960940504312236,6.63387450024382,-11.087259133165702,17.721133633409522,24.801082006461,1.0112764780224603,208.70694274750116,81.04406448308286,85.12202434802415,21.397234257212983
1631,2480.0498682623243,315.42589100895134,1,1,2,33.0,2452.4531664139204,496.53293547391615,2480.0498682623243,0.9960758391060812,0.9501546309194849,1.0141738564819083,0.015758881838070362,16.78023139661545,-3.991077614890827,20.771309011506276,27.59670184840388,1.1252692702285905,200.47236149706964,84.94086190493715,85.64743208371034,22.119056735875507
1632,2389.3160407484493,248.1071880942626,11,6,17,32.0,2368.549730907377,484.7224984937269,2389.3160407484493,1.0026383406468105,0.9791040090054036,1.0244378547683417,0.010476575801406684,7.741839058027523,-8.996841170097554,16.738680228125077,20.766309841072143,0.8767521141773407,205.61241578115198,74.01500787200379,71.01026036417201,19.72910371449162
1633,2389.432210351792,248.98190696271877,11,7,18,32.0,2368.549730907377,484.7224984937269,2389.4322103517925,1.002843595259532,0.9791230360403207,1.024711820369094,0.010520411022798125,8.533345756207638,-8.510368514146847,17.043714270354485,20.882479444414912,0.8816567865102397,205.68100910803452,74.20909144232878,71.1024635702007,19.775921921653616
1634,2392.410870725964,284.10863309918847,1,1,2,33.0,2368.549730907377,484.7224984937269,2392.4108707259634,1.0008857624638614,0.975299034101511,1.0228202316004875,0.011332494022289726,-3.2284525462548856,-24.216010066421745,20.98755752016686,23.861139818586707,1.007415614171869,198.37058803489907,81.48091131988006,68.28093270894684,21.106321193555697
1635,2397.572664810568,329.7762062177288,1,1,2,33.0,2368.549730907377,484.7224984937269,2397.5726648105674,0.9990411603560156,0.9714220368015253,1.017288948827678,0.01150989603929724,18.022321175471234,-7.396091504200001,25.418412679671235,29.022933903190733,1.2253461907287977,264.54074296054824,81.57688415263932,91.75151720393225,21.54849198139847
1636,2395.555301012581,285.203544759449,1,1,2,33.0,2368.549730907377,484.7224984937269,2395.555301012581,1.0011988755975079,0.9692934404207857,1.023853245143913,0.011978753394896277,4.2081478492731605,-21.634046439663905,25.842194288937065,27.005570105203788,1.1401732356642609,193.71191143355773,83.00832870330679,92.83567602959376,22.29510237123803
1637,2397.572664810568,329.7762062177288,1,1,2,33.0,2368.549730907377,484.7224984937269,2397.5726648105674,0.9990411603560156,0.9714220368015253,1.017288948827678,0.01150989603929724,18.022321175471234,-7.396091504200001,25.418412679671235,29.022933903190733,1.2253461907287977,264.54074296054824,81.57688415263932,91.75151720393225,21.54849198139847
1638,2389.595671670388,252.07740201265688,1,1,2,32.0,2368.549730907377,484.7224984937269,2389.5956716703886,1.0025307534524137,0.9788810456279374,1.0243855794584396,0.010472745929955672,19.980145849364078,2.479020889842701,17.501124959521377,21.045940763011004,0.888558111674034,204.80688918269445,75.50094859321325,68.20745275944672,20.025949894622837
1639,2389.798551052907,252.9157392721487,11,7,18,32.0,2368.549730907377,484.7224984937269,2389.798551052907,1.0024593475705654,0.9787519365786774,1.024270658139807,0.010498998016030197,18.104401599206938,0.8486900924033876,17.25571150680355,21.248820145529862,0.8971236646734695,206.4822510917713,74.63694696270473,71.40412289333202,19.82673910077658
1640,2394.336971458372,288.3122610979673,1,1,2,33.0,2368.549730907377,484.7224984937269,2394.336971458372,1.0006277767781886,0.9768408908358682,1.0172044168426548,0.010696716955129094,12.086661288090028,-9.201643490733346,21.288304778823374,25.78724055099474,1.088735449144055,247.7265769857642,81.55123701300414,90.3383243882245,21.95380220302408
1641,2392.781875213042,299.0074803937711,1,1,2,33.0,2368.549730907377,484.7224984937269,2392.781875213042,0.9993631317059894,0.9719004394926171,1.023847344183774,0.013458624773089324,41.218615861986706,19.244605160396418,21.974010701590288,24.23214430566486,1.0230793970444383,243.8933788348211,82.07134321491776,60.76772770883666,21.27438407743524
1642,2394.336971458372,288.3122610979673,1,1,2,33.0,2368.549730907377,484.7224984937269,2394.336971458372,1.0006277767781886,0.9768408908358682,1.0172044168426548,0.010696716955129094,12.086661288090028,-9.201643490733346,21.288304778823374,25.78724055099474,1.088735449144055,247.7265769857642,81.55123701300414,90.3383243882245,21.95380220302408
1643,2394.402174606482,304.2251832513069,1,1,2,32.0,2368.549730907377,484.7224984937269,2394.402174606482,1.0009450375712554,0.9759015664193191,1.022491914587707,0.010789683421883767,14.316365194282213,-7.131484659680837,21.44784985396305,25.852443699104697,1.091488321387315,211.87574905905663,87.43231936611211,56.46383595182301,22.387451129258793
1644,2396.42839791994,317.68939167059085,1,1,2,32.0,2368.549730907377,484.7224984937269,2396.4283979199395,1.0005500314429694,0.9756520736725054,1.02232386181198,0.010588419566651472,2.747451304004983,-21.038687995075918,23.7861392990809,27.8786670125628,1.177035324560513,203.3295884995051,90.09745018114513,63.07636731987423,23.221747330419863
1645,2395.1328703219224,313.29433615550306,1,1,2,33.0,2368.549730907377,484.7224984937269,2395.132870321922,1.0005252607265969,0.9774480031776418,1.0217768531026457,0.010529281711098947,12.06303868538231,-7.89075806777069,19.953796753153,26.583139414545258,1.1223382421597463,203.26042407399584,84.53833287959057,70.39019649582501,22.009897173235235
1646,2395.430799027452,296.2616880151587,1,1,2,33.0,2368.549730907377,484.7224984937269,2395.430799027452,1.0014048479425828,0.9728604561845531,1.0298611404462912,0.012466788495650697,10.629104854574848,-10.028403408688945,20.657508263263793,26.881068120074815,1.1349167707691254,188.9807998127787,85.73940083136715,87.44702782808464,22.310775393719734
1647,2395.6054066810984,321.6104023091405,1,1,2,33.0,2368.549730907377,484.7224984937269,2395.605406681098,1.0001530419778712,0.9763817621759256,1.021596795163486,0.010822051302802723,16.850973669487416,-4.767234669356043,21.61820833884346,27.055675773721305,1.142288693400431,200.4667511914152,87.82331330548534,57.4578405541857,22.545973805815482
1648,2395.929591638422,294.2752382815171,1,1,2,33.0,2368.549730907377,484.7224984937269,2395.9295916384226,1.0000429591743443,0.9771484711435816,1.0168467963650079,0.010466881170769108,12.727661790418495,-10.737341008990427,23.46500279940892,27.379860731045028,1.1559757590800497,218.26144311861086,82.38876668796082,98.06312479066585,22.144058255781857
1649,2393.1371238309493,275.018559127118,1,1,2,33.0,2368.549730907377,484.7224984937269,2393.1371238309493,1.0016207532754249,0.9726953253126451,1.0247462568080317,0.011883178272806636,9.459464615842961,-9.659834248744716,19.119298864587677,24.587392923572224,1.0380779682490746,197.46375695463533,81.08728473310806,87.84255466114853,21.123558348412484
1650,2395.937277517847,323.1431940661181,1,1,2,33.0,2368.549730907377,484.7224984937269,2395.9372775178476,1.0008747257517712,0.9773876116352218,1.0224251433439668,0.010373422590689683,24.5804070667202,0.9274793358357556,23.652927730884443,27.387546610470054,1.1563002563589007,203.17510600601753,87.22907432453559,86.0892816895648,22.539410399259967
1651,2370.969351857639,296.2825012633337,1,1,2,33.0,2343.4922044943996,477.6651945371501,2370.969351857639,0.9997717667126599,0.973497371652515,1.0196911573561613,0.011568850810349439,103.4129028047908,79.54398422213762,23.86891858265318,27.47714736323951,1.1724872525943653,206.67074981213153,84.22221626242761,84.3026478676237,21.993798976730684
1652,2364.476558367,255.72646678524566,11,6,17,32.0,2343.4922044943996,477.6651945371501,2364.476558367,1.0014979531934034,0.9757660980915398,1.0216551607475193,0.01135093695672064,8.920855797753063,-9.840610770361366,18.76146656811443,20.984353872600423,0.8954309228064073,225.23076669601386,74.77274283425967,69.1759471507126,19.921835839334218
1653,2364.6546576219384,257.1227593953985,10,7,17,32.0,2343.4922044943996,477.6651945371501,2364.6546576219384,1.0013884321449555,0.9756255013862204,1.0216130789160869,0.011331295555662958,14.686645045451314,-4.367023029908381,19.053668075359695,21.16245312753881,0.9030306602664606,225.53530316509583,75.14799915494984,69.21975952407088,19.99625898088026
1654,2372.5703500491386,312.5922073487536,1,1,2,33.0,2343.4922044943996,477.6651945371501,2372.570350049138,0.9996248555429572,0.9733520486811178,1.0185879771315665,0.011657797242568034,-0.6058657397680065,-26.10034707059259,25.494481330824584,29.078145554738967,1.2408040231144049,213.96780631240455,87.4265363784902,88.37232749054537,22.606808136312726
1655,2371.2162021146255,293.9553015596233,1,1,2,33.0,2343.4922044943996,477.6651945371501,2371.2162021146255,0.9978926102389923,0.9753260670089581,1.0133649971594045,0.012431949658036687,17.504646229612348,-1.665458582579845,19.170104812192193,27.723997620225873,1.1830206888273918,296.3790913939417,77.7934535493362,90.6739526713872,20.682724066364297
1656,2370.7226947253303,301.32663255087635,1,1,2,33.0,2343.4922044943996,477.6651945371501,2370.7226947253303,0.9998077247763124,0.9738371554553145,1.0196236777715362,0.01147335505853347,38.08020089935329,14.69755122602075,23.382649673332537,27.230490230930627,1.1619620572540164,201.38888574154515,84.98198126535215,84.83491489499531,22.161808607175566
1657,2370.969351857639,296.2825012633337,1,1,2,33.0,2343.4922044943996,477.6651945371501,2370.969351857639,0.9997717667126599,0.973497371652515,1.0196911573561613,0.011568850810349439,103.4129028047908,79.54398422213762,23.86891858265318,27.47714736323951,1.1724872525943653,206.67074981213153,84.22221626242761,84.3026478676237,21.993798976730684
1658,2364.476549709508,255.72648283603314,11,6,17,32.0,2343.4922044943996,477.6651945371501,2364.4765497095077,1.0014979587874426,0.9757660656302467,1.021655172754181,0.011350943460314835,-30.083607423405425,-48.84513404334052,18.761526619935097,20.984345215108533,0.8954305533794525,225.23028679599454,74.77314449253288,69.17591934537354,19.921915980286013
1659,2364.476549709508,255.72648283603314,11,6,17,32.0,2343.4922044943996,477.6651945371501,2364.4765497095077,1.0014979587874426,0.9757660656302467,1.021655172754181,0.011350943460314835,-30.083607423405425,-48.84513404334052,18.761526619935097,20.984345215108533,0.8954305533794525,225.23028679599454,74.77314449253288,69.17591934537354,19.921915980286013
1660,2364.4765546852127,255.72512159368534,11,6,17,32.0,2343.4922044943996,477.6651945371501,2364.4765546852122,1.001497877023212,0.9757663586845559,1.021655061088908,0.011350853981716617,7.088438127355403,-11.672825129423956,18.76126325677936,20.984350190813075,0.8954307656995333,225.23486658813883,74.76636274935149,69.17649668509203,19.920559358612866
1661,2372.5703500491386,312.5922073487536,1,1,2,33.0,2343.4922044943996,477.6651945371501,2372.570350049138,0.9996248555429572,0.9733520486811178,1.0185879771315665,0.011657797242568034,-0.6058657397680065,-26.10034707059259,25.494481330824584,29.078145554738967,1.2408040231144049,213.96780631240455,87.4265363784902,88.37232749054537,22.606808136312726
1662,2370.063025496214,280.22541449738117,1,1,2,33.0,2343.4922044943996,477.6651945371501,2370.063025496214,1.0003596564429007,0.9615036462159223,1.021757783022366,0.013369307244597893,24.092042247019464,-4.458635068189551,28.550677315209015,26.570821001814238,1.1338130739609948,200.78295747018348,82.60227479249998,94.93552387719215,22.195877008235612
1663,2371.954375314608,334.7477904121208,1,1,2,33.0,2343.4922044943996,477.6651945371501,2371.954375314608,0.998148665236991,0.9686880160640421,1.0147818305526979,0.013707648347467375,19.639052865457728,-8.827852418440386,28.466905283898114,28.462170820208485,1.2145195433389162,232.857501615878,85.65766989313386,48.0110323637001,21.988494434158554
1664,2370.969351857639,296.2825012633337,1,1,2,33.0,2343.4922044943996,477.6651945371501,2370.969351857639,0.9997717667126599,0.973497371652515,1.0196911573561613,0.011568850810349439,103.4129028047908,79.54398422213762,23.86891858265318,27.47714736323951,1.1724872525943653,206.67074981213153,84.22221626242761,84.3026478676237,21.993798976730684
1665,2367.7526818759425,261.7202878956733,1,1,2,33.0,2343.4922044943996,477.6651945371501,2367.7526818759425,1.0018666631545738,0.9762519195323774,1.0316915008376124,0.012794945262758966,13.243572482165007,-7.940727715603856,21.184300197768863,24.26047738154284,1.035227569138723,192.65294723489453,80.83129105952622,74.6905036063706,21.084846866459667
1666,2370.0690850548863,329.4539739566403,1,1,2,33.0,2343.4922044943996,477.6651945371501,2370.0690850548863,0.9996890673923237,0.9729299899095271,1.0197136887517604,0.011498986225166262,16.045101058301157,-10.325028527966595,26.37012958626775,26.576880560486643,1.1340716435718,215.37163045885706,88.7873224137323,58.91590996877998,22.753998776339294
1667,2366.4661086164742,263.2026116067441,0,0,0,32.0,2343.4922044943996,477.6651945371501,2366.4661086164747,0.9973287106236772,0.973584948790746,1.0156778422333692,0.012523131291334052,14.304766610253523,-5.895478766217025,20.200245376470548,22.9739041220746,0.9803277381514116,210.37712965224702,77.79718749726993,82.23974976989425,20.5191643063088
1668,2367.241224236396,316.46716456440316,1,1,2,33.0,2343.4922044943996,477.6651945371501,2367.2412242363966,1.0005502625968408,0.9751565560095725,1.021181497442858,0.011125392644382129,-5.249423081020609,-27.394515210584643,22.145092129564034,23.749019741996563,1.013402975971082,209.29115780788158,82.58156852868022,46.11635225973827,21.263403489703403
1669,2370.695465680386,300.9420041969505,1,1,2,32.0,2343.4922044943996,477.6651945371501,2370.6954656803864,0.9998961220304085,0.9721830910561553,1.0196687635117596,0.011761475800602305,11.011773156473907,-13.990424531996354,25.00219768847026,27.20326118598632,1.1608001568691086,234.62664249244676,86.06333111394697,71.26949222568435,22.19108200894883
1670,2370.0676969377223,294.1031842054468,1,1,2,33.0,2343.4922044943996,477.6651945371501,2370.067696937722,1.000546442307335,0.9743786579335516,1.0199801214633817,0.011566615834764012,18.750730788026033,-6.921767564457326,25.67249835248336,26.575492443322673,1.1340124107242868,208.59081284920347,79.65502575648473,96.21869433779675,21.326494694258372
1671,2349.8308059498004,244.84839830067932,11,7,18,32.0,2329.148029894408,474.5258604207039,2349.830805949801,1.0025494177640013,0.977366733261439,1.0238626083451121,0.010813490834620342,8.252140492629735,-9.698359023796655,17.95049951642639,20.682776055392424,0.8879974904957019,215.02451917675435,73.4211383351479,75.63683315793111,19.459062601110777
1672,2350.3843996425126,254.127096251739,1,1,2,33.0,2329.148029894408,474.5258604207039,2350.384399642512,1.0021781317265035,0.977434244055727,1.0231674885382986,0.010907110409671244,6.470313625764305,-12.730778928509835,19.20109255427414,21.236369748104607,0.9117655673034814,211.16008165283776,75.86815138971927,72.46619947856114,19.965600351234695
1673,2354.320162026992,288.7029397221889,1,1,2,32.0,2329.148029894408,474.5258604207039,2354.320162026992,1.001067800106403,0.9750601956196759,1.021925891447921,0.011002569808914044,8.643679387360407,-13.476361531087093,22.1200409184475,25.17213213258401,1.0807441952809325,204.19032196195315,85.16316729805396,55.59335219183984,21.88260876295366
1674,2349.5315200416626,241.557673217507,10,7,17,32.0,2329.148029894408,474.5258604207039,2349.5315200416626,1.0026017951995272,0.9775238079022651,1.0239871161468488,0.010781051251100631,8.43800967631816,-9.26866976807338,17.70667944439154,20.383490147254633,0.8751479032519337,214.42932200275501,73.22574245677379,75.33702607420956,19.406618459203063
1675,2350.773315645735,251.48362194988232,1,1,2,32.0,2329.148029894408,474.5258604207039,2350.7733156457343,1.0023284987898091,0.9769687070354881,1.0235801088793433,0.010813661741934917,-3.2680565826653094,-22.5151689575776,19.24711237491229,21.625285751326828,0.9284633468447779,199.1811004585057,76.90937057877947,72.49592434672493,20.12191792252826
1676,2356.063942865719,303.5365800703375,1,1,2,33.0,2329.148029894408,474.5258604207039,2356.0639428657196,1.0003888632864317,0.9759236055823578,1.021227677873472,0.010813362228559938,2.159548456134644,-18.554838045924413,20.714386502059057,26.915912971311172,1.1556119502001514,281.17245420982323,84.2543374481067,68.6710181518343,21.721000143073752
1677,2349.830803681074,244.84835854599064,11,7,18,32.0,2329.148029894408,474.5258604207039,2349.830803681074,1.0025494126582317,0.9773667407885048,1.023862604090007,0.01081348625548463,1.7213091071315887,-16.229195267826157,17.950504374957745,20.682773786666075,0.8879973930898557,215.02466523904374,73.42078875188753,75.63686547157,19.458992858706797
1678,2350.3730455431387,255.66028878034948,1,1,2,33.0,2329.148029894408,474.5258604207039,2350.3730455431387,1.002202725089516,0.9769952209032544,1.0236581989645521,0.010715829226008632,14.699784267380664,-4.514303645653428,19.214087913034092,21.225015648730732,0.9112780886534279,210.03103647449083,75.75273273618555,72.44401586561071,19.922795336152433
1679,2352.082418736328,273.94166880980737,1,1,2,33.0,2329.148029894408,474.5258604207039,2352.082418736328,0.9999530098573827,0.9708749309432267,1.02429534028046,0.014048180280404466,12.552692970637196,-8.13224339529387,20.684936365931065,22.934388841919827,0.9846685804233558,236.4129269272927,79.8181923675889,66.50161460958314,20.855700387074705
1680,2351.6105146335817,256.16530163217584,1,1,2,33.0,2329.148029894408,474.5258604207039,2351.6105146335817,1.00102226096173,0.9729883932905027,1.0252461180135766,0.01395622918734673,-17.007842841804575,-36.62125841274468,19.613415570940106,22.46248473917376,0.9644077770442138,182.209978399671,75.38238378551961,93.78655876202218,20.029835686653097
1681,2355.7029985735962,307.4792813074518,1,1,2,33.0,2329.148029894408,474.5258604207039,2355.7029985735962,1.0005176381230523,0.9743948563114598,1.0212263584011376,0.011024551610338012,18.539352458728104,-4.505922544253821,23.045275002981924,26.554968679188278,1.1401151124083835,202.1472842784177,86.2536210611899,54.16911382183234,22.109091152347418
1682,2352.9583761038016,280.0009266669495,1,1,2,33.0,2329.148029894408,474.5258604207039,2352.9583761038016,1.0016045901357882,0.9764812559355037,1.0224116388276423,0.011024000676663504,15.235508958283873,-3.5453994569392933,18.780908415223166,23.81034620939363,1.0222770688590828,218.8871437202248,82.17460669898557,78.51247916251144,21.261213337788462
1683,2356.962359770754,317.6464044074356,1,1,2,33.0,2329.148029894408,474.5258604207039,2356.962359770754,0.9991115784309331,0.9739065344428874,1.0158859770301085,0.011331909220288693,15.849505434056596,-10.23576066147433,26.085266095530926,27.814329876346164,1.1941847198783295,270.3216578912966,85.63762286552783,61.06983985479141,22.303764637251746
1684,2349.3974363056223,240.6023955732464,11,7,18,32.0,2329.148029894408,474.5258604207039,2349.397436305622,1.0026428111708376,0.9776190811821327,1.0240203784724569,0.010767580187744643,160.495230780038,142.80109846406413,17.69413231597389,20.249406411214295,0.8693911314916426,214.09437221843996,72.78495173292245,75.26615632863893,19.317536407543145
1685,2356.6028229144754,304.85635107047005,1,1,2,33.0,2329.148029894408,474.5258604207039,2356.602822914475,0.9994889621403592,0.9721908624572134,1.0178160345964113,0.011672561102940219,19.404055594752094,-4.378963574628415,23.78301916938051,27.454793020067427,1.1787483091537163,295.0416256111216,78.4656369161388,72.09634131450382,20.487730197561728
1686,2351.1447724464997,261.9719749697546,1,1,2,33.0,2329.148029894408,474.5258604207039,2351.1447724464997,1.00145377781092,0.9764812124783526,1.0193971363315766,0.01170263749890832,10.831910196074517,-9.632448034874272,20.46435823094879,21.996742552091746,0.9444115303005868,204.9252554593059,77.06015434548586,74.557466189567,20.062883452452485
1687,2358.763114087552,312.3742747011793,1,1,2,33.0,2329.148029894408,474.5258604207039,2358.763114087552,0.9981515001284205,0.954784073356449,1.0191740299718592,0.014692797205396955,-29.45439712200016,-54.01901459123309,24.564617469232928,29.615084193143957,1.2714985828739516,199.30139852762386,87.15238947447283,99.14828929694298,23.003360297259157
1688,2356.3766197424793,308.4356935342363,1,1,2,32.0,2329.148029894408,474.5258604207039,2356.3766197424798,1.00047813269461,0.9740739190009489,1.0208907595211096,0.011200561407959657,16.346195340263336,-7.11810636669523,23.464301706958565,27.22858984807135,1.169036467351788,204.9789654091951,88.44171541019985,56.0534373542725,22.730524358277595
