scenario_id,total_gen_power,total_gen_reactive,num_gens_at_pmax,num_gens_at_pmin,num_gens_at_limit,num_gens_in_service,total_load_p,total_load_q,total_gen_at_bus,avg_voltage,min_voltage,max_voltage,voltage_std,max_angle_deg,min_angle_deg,angle_spread_deg,power_imbalance,power_imbalance_pct,max_branch_flow,avg_branch_flow,max_line_loading_pct,avg_line_loading_pct
0,2197.6762061694453,274.5392061590067,1,1,2,32.0,2164.895644176565,439.7810408129613,2197.6762061694453,1.0012558449660391,0.9789589841988052,1.0230306721795441,0.01077168055567092,26.80619119042754,6.082047777262034,20.724143413165507,32.78056199288039,1.5141867036897632,244.41209387453128,92.47735338798837,99.6007446266016,24.437318821240442
1,2204.7445205279337,336.7589984727423,1,13,14,33.0,2164.895644176565,439.7810408129613,2204.744520527933,0.9980042149250625,0.9623252930694531,1.0204069239257922,0.013601014433317479,24.41569484242808,-4.121795794398821,28.537490636826902,39.848876351368745,1.84068347398452,250.62685565918633,100.42493648824347,99.88677809246266,25.792428286833
2,2191.015899452829,231.8135027837014,1,1,2,33.0,2164.895644176565,439.7810408129613,2191.015899452829,1.0026629641499791,0.9767950271854097,1.0267115769425081,0.010738812234607353,12.722416860288746,-10.97109927793258,23.693516138221327,26.120255276264288,1.2065364603844142,204.32604266477244,81.84130431522317,92.63863204526852,21.527878454434315
3,2191.015899452829,231.8135027837014,1,1,2,33.0,2164.895644176565,439.7810408129613,2191.015899452829,1.0026629641499791,0.9767950271854097,1.0267115769425081,0.010738812234607353,12.722416860288746,-10.97109927793258,23.693516138221327,26.120255276264288,1.2065364603844142,204.32604266477244,81.84130431522317,92.63863204526852,21.527878454434315
4,2191.9968542713746,261.28132097368876,1,1,2,33.0,2164.895644176565,439.7810408129613,2191.996854271375,1.000023473131429,0.9775100184924992,1.0195049797905522,0.01130116781413259,10.818278030239554,-9.837974651298538,20.656252681538092,27.10121009480963,1.2518483358636803,239.4105988752531,83.21177494000705,92.66488333850744,21.644514936803585
5,2186.200533090675,216.47936986670547,1,1,2,32.0,2164.895644176565,439.7810408129613,2186.200533090675,1.0037534167282025,0.9780763075085466,1.0280544386433994,0.010948882455890782,-19.002750336083864,-38.73138594380538,19.728635607721515,21.30488891411005,0.984106969378357,220.24005108026495,76.31237379145095,54.89754182869814,20.032682273523346
6,2196.5331971543046,307.4978852250306,1,1,2,33.0,2164.895644176565,439.7810408129613,2196.533197154305,1.000956844969035,0.9713529660329582,1.0320469483360328,0.013682698383931349,14.9498872767617,-14.723551846514539,29.67343912327624,31.637552977739688,1.4613892851067785,264.255620958236,92.12002631613328,55.437250292787986,23.122871877535612
7,2190.48994576318,258.68937174850174,1,1,2,33.0,2164.895644176565,439.7810408129613,2190.48994576318,1.0022886004441076,0.9767254841679017,1.0270609898262204,0.010816977084074132,19.34875544211306,-4.171287926526162,23.52004336863922,25.594301586615074,1.182241816387878,214.64716306393487,84.82894423695875,54.93852574841056,21.70490389976696
8,2195.88020169674,280.1172252378708,1,9,10,33.0,2164.895644176565,439.7810408129613,2195.8802016967397,1.0014315786237413,0.9776464497502323,1.0239654163210228,0.010633839641895041,158.98416958519374,136.48641861202395,22.497750973169786,30.984557520175258,1.4312263782100443,227.23666365772078,87.68935554995646,99.89454118743298,23.435963377363482
9,2190.986082084823,276.0149320948266,1,1,2,33.0,2164.895644176565,439.7810408129613,2190.986082084823,1.0019940197037531,0.9751736536906946,1.0259827187852235,0.01138989774353793,14.583177070929082,-8.56814856490223,23.151325635831313,26.09043790825808,1.2051591483607877,207.08291153141764,88.69440065301809,53.42733821322598,22.497243668351942
10,2193.7279136867146,288.0516115491287,1,1,2,32.0,2164.895644176565,439.7810408129613,2193.7279136867146,1.0012970528305016,0.9729244310883097,1.0254552609995615,0.011545492837610558,8.38152245131755,-17.59145598220323,25.97297843352078,28.832269510149672,1.3318087450407454,247.44155932037734,90.68435977344808,51.9561000047039,22.851023332515968
11,2197.6762061694453,274.5392061590067,1,1,2,32.0,2164.895644176565,439.7810408129613,2197.6762061694453,1.0012558449660391,0.9789589841988052,1.0230306721795441,0.01077168055567092,26.80619119042754,6.082047777262034,20.724143413165507,32.78056199288039,1.5141867036897632,244.41209387453128,92.47735338798837,99.6007446266016,24.437318821240442
12,2190.4026276439413,268.44370107699535,1,1,2,33.0,2164.895644176565,439.7810408129613,2190.4026276439413,1.0009720762308378,0.9745234174949426,1.0227326121466618,0.011484945389585732,25.972936984245848,2.112444449851779,23.86049253439407,25.506983467376358,1.1782084524946301,220.91143133235857,85.79921105443886,69.72800432754043,21.76644884985901
13,2191.5727331107946,251.15600833951038,1,1,2,33.0,2164.895644176565,439.7810408129613,2191.5727331107946,1.0022114764344696,0.9771282267281657,1.0257195075794818,0.010877959008677118,8.288916774992344,-13.448071706315687,21.736988481308032,26.677088934229687,1.232257499616178,191.3127112199736,81.65060469423481,80.84374801927702,21.26788931789275
14,2190.4026276439413,268.44370107699535,1,1,2,33.0,2164.895644176565,439.7810408129613,2190.4026276439413,1.0009720762308378,0.9745234174949426,1.0227326121466618,0.011484945389585732,25.972936984245848,2.112444449851779,23.86049253439407,25.506983467376358,1.1782084524946301,220.91143133235857,85.79921105443886,69.72800432754043,21.76644884985901
15,2190.9779872249237,241.05768798358508,1,1,2,33.0,2164.895644176565,439.7810408129613,2190.9779872249237,1.000955318555386,0.9718510564321242,1.027747900603414,0.01404797205658906,22.707879062383455,0.41980542835966617,22.28807363402379,26.08234304835878,1.204785233806473,213.80979214500329,81.66034594722142,88.7417719923077,21.030535105710516
16,2190.4026276439413,268.44370107699535,1,1,2,33.0,2164.895644176565,439.7810408129613,2190.4026276439413,1.0009720762308378,0.9745234174949426,1.0227326121466618,0.011484945389585732,25.972936984245848,2.112444449851779,23.86049253439407,25.506983467376358,1.1782084524946301,220.91143133235857,85.79921105443886,69.72800432754043,21.76644884985901
17,2185.379059829894,206.39483494375884,1,1,2,32.0,2164.895644176565,439.7810408129613,2185.379059829894,1.0027404891420588,0.9779367222587075,1.0276505358013872,0.010430544709754271,3.5143072632891403,-14.968124541795248,18.48243180508439,20.483415653328848,0.9461618026914123,227.08679309664905,73.97705338959663,61.46889886568647,19.555375038918076
18,2193.7469512447087,252.0280971100538,1,1,2,32.0,2164.895644176565,439.7810408129613,2193.7469512447087,1.0021842857073533,0.9751021702622283,1.0253197545315076,0.011114648039513718,15.219103438299783,-9.113983554002743,24.333086992302526,28.851307068143797,1.3326881203605367,235.6575053176155,86.20735494281224,89.64337514798191,22.401608391881386
19,2189.908953111879,209.02280480172405,1,1,2,33.0,2164.895644176565,439.7810408129613,2189.908953111879,1.0033950870853872,0.9654899231616608,1.0291069995858804,0.012745267418890609,-5.874170314324829,-32.01316732193675,26.13899700761192,25.013308935313944,1.1554048345285461,215.965517353247,79.62834582350752,92.88960328360803,21.094891817343747
20,2153.81523853013,275.9544562946005,1,1,2,33.0,2128.086745037853,437.7152269407288,2153.81523853013,1.003246366831501,0.9774715142226514,1.0290487757188462,0.010892377753604604,19.634062762104577,-5.964732820335115,25.598795582439692,25.728493492277266,1.208996463714153,222.5325010560538,86.73880051448714,61.630103391991064,22.19710511821071
21,2155.4850893701214,292.1170745263931,1,1,2,33.0,2128.086745037853,437.7152269407288,2155.4850893701214,1.0026555297294146,0.9764649469616559,1.0286163213867991,0.010661388767810214,-3.2138345982434657,-29.542209617402676,26.32837501915921,27.398344332268607,1.2874636993136888,257.3711040881528,88.04231682854204,73.53115444474588,22.582157365088435
22,2153.813076173095,264.9107385987273,1,1,2,33.0,2128.086745037853,437.7152269407288,2153.813076173095,1.0030016557595103,0.9780539289402537,1.025724127359258,0.010353259827568176,10.070825103229424,-18.423302034820182,28.494127138049606,25.726331135242162,1.2088948533338364,224.2321544583056,82.95306430582627,73.74165101348986,22.216489358477773
23,2162.5045234126833,325.12131603809786,1,9,10,33.0,2128.086745037853,437.7152269407288,2162.504523412683,1.0020024639136442,0.9748017974852217,1.0358255087823303,0.012893399135713189,14.401082835448562,-13.94791152147792,28.348994356926482,34.417778374830505,1.6173108758411212,243.0856582573835,96.66082125354917,99.23346400728563,25.14151566283713
24,2159.3267579234857,327.78051048864666,1,1,2,32.0,2128.086745037853,437.7152269407288,2159.3267579234857,1.0010704243821829,0.9745145779870272,1.0256197015468698,0.011334201232470024,12.988613082005457,-17.555196757228373,30.54380983923383,31.24001288563295,1.4679858778537374,256.82041192885396,93.81095561979247,53.15216699891459,23.848836808131814
25,2154.534415378101,275.6162027513112,1,1,2,33.0,2128.086745037853,437.7152269407288,2154.534415378101,1.0029482474796485,0.9781740587304362,1.0297094503080257,0.010507074062155945,87.39949985854645,60.875245203030886,26.524254655515563,26.44767034024835,1.2427909906359536,203.83445075552967,87.09422923934925,54.407449757457286,22.360002178812007
26,2149.4341610318834,207.53719674923977,0,0,0,32.0,2128.086745037853,437.7152269407288,2149.4341610318834,1.0011922430661213,0.9807162568894715,1.0253360279624535,0.01084778408140043,45.795793375879214,27.0846459554553,18.711147420423913,21.347415994030598,1.0031271537124717,185.71255484242204,76.47154462053874,86.6118403132836,20.391424215571618
27,2155.518240305515,274.0938531278493,1,1,2,33.0,2128.086745037853,437.7152269407288,2155.518240305515,1.0031752110519374,0.9783352973111439,1.0278327017800828,0.010546741394583238,13.787667593144931,-10.505067355874843,24.292734949019774,27.431495267662285,1.2890214805211972,239.6578637380497,87.9984759329717,88.67032208243553,22.91260220092906
28,2156.643713876383,279.66517229010043,1,1,2,32.0,2128.086745037853,437.7152269407288,2156.6437138763827,1.003001003892627,0.9776049614945365,1.0287015087840286,0.01038965345955751,-78.41706805622437,-104.67583106971423,26.25876301348987,28.556968838530338,1.341908120292455,240.13800249470813,89.49607600766508,87.78198933202724,23.165513209335963
29,2152.5879133108474,261.7900933831255,1,7,8,33.0,2128.086745037853,437.7152269407288,2152.5879133108474,1.0039008696862237,0.9788113473690672,1.030038055148529,0.010699419036503597,15.469197553378962,-8.61458355040645,24.083781103785412,24.50116827299462,1.151323757366799,201.78554226831093,85.74106710738684,55.432776211538915,22.158194768798875
30,2157.409616768992,336.1015176330452,1,1,2,33.0,2128.086745037853,437.7152269407288,2157.409616768992,1.000934919073659,0.9738959531057109,1.026223636639061,0.011185061989222131,24.80367139980237,-4.306645372215428,29.110316772017796,29.322871731139003,1.3778983304845231,290.01300939489334,91.36873574663498,58.002601878978666,23.063099335854222
31,2154.1573968774637,257.9731320669665,1,1,2,32.0,2128.086745037853,437.7152269407288,2154.1573968774637,1.003215078068509,0.9789489670203789,1.0292513495620628,0.010327402690941718,14.339740783890761,-8.910347453908088,23.25008823779885,26.070651839610946,1.2250746780130535,206.32569491137906,90.35057684607413,80.16969844943891,23.213060910884234
32,2152.5879133108474,261.7900933831255,1,7,8,33.0,2128.086745037853,437.7152269407288,2152.5879133108474,1.0039008696862237,0.9788113473690672,1.030038055148529,0.010699419036503597,15.469197553378962,-8.61458355040645,24.083781103785412,24.50116827299462,1.151323757366799,201.78554226831093,85.74106710738684,55.432776211538915,22.158194768798875
33,2156.183242176539,283.29641349296884,1,1,2,33.0,2128.086745037853,437.7152269407288,2156.183242176539,1.0027261594969048,0.977168511301287,1.0281165972905186,0.010529914332324483,40.96480415479169,15.18731990903521,25.777484245756483,28.096497138686118,1.3202702946296656,251.86973542634684,86.16252724813478,94.09180448092378,22.72293607965534
34,2152.5879133108474,261.7900933831255,1,7,8,33.0,2128.086745037853,437.7152269407288,2152.5879133108474,1.0039008696862237,0.9788113473690672,1.030038055148529,0.010699419036503597,15.469197553378962,-8.61458355040645,24.083781103785412,24.50116827299462,1.151323757366799,201.78554226831093,85.74106710738684,55.432776211538915,22.158194768798875
35,2157.7142322603145,284.57250227716406,1,1,2,32.0,2128.086745037853,437.7152269407288,2157.7142322603145,1.0028884519631458,0.9782848347408781,1.0285014770634267,0.010249850458827155,12.997259168424023,-12.961543705472025,25.958802873896047,29.627487222461696,1.3922123847416146,228.06157767724972,89.90266063255535,91.09144844949732,23.362628320584296
36,2154.037653417764,281.82207087886974,1,1,2,33.0,2128.086745037853,437.7152269407288,2154.037653417764,1.0033197140983163,0.9770906721955654,1.0290792517874867,0.0108484119274299,9.586421297410027,-15.062551761379098,24.648973058789124,25.950908379911198,1.2194478651033374,242.3423386651987,87.23750595138465,64.86314474661727,22.337445144114838
37,2127.260732073801,270.2597721606373,1,1,2,33.0,2096.666079140772,430.52932764656924,2127.260732073801,1.0035333911830697,0.9756190916422952,1.0291862805236252,0.01045905543712902,22.712353049938855,-4.424096302990705,27.13644935292956,30.59465293302901,1.4592048413148795,235.9969080843856,88.10406819198322,84.4456104129107,22.66109863850882
38,2127.639680055574,275.2632681481933,1,1,2,33.0,2096.666079140772,430.52932764656924,2127.639680055574,1.0031910609393369,0.9697666229978293,1.0304089282180626,0.011646035982429477,17.266845645492765,-9.804845251127261,27.071690896620026,30.973600914801864,1.4772786769887103,286.8721448150862,92.46539728715578,57.37442896301723,23.60230323145542
39,2126.688400610525,254.78618661637967,1,1,2,33.0,2096.666079140772,430.52932764656924,2126.688400610525,1.0035597061259462,0.9769655845112264,1.0279859807974026,0.010482014717388783,14.291345184959539,-8.08585994888324,22.37720513384278,30.022321469753024,1.4319076255603074,221.75578833810712,86.50948028085313,94.49112062597902,22.525218402240387
40,2126.8728444835374,278.85332558915405,1,1,2,32.0,2096.666079140772,430.52932764656924,2126.8728444835374,1.0028226950801358,0.9741476661865835,1.0293348330835637,0.011118602972531602,-2.98115609682867,-28.014410486803797,25.033254389975127,30.206765342765266,1.4407046330975222,242.27331934408247,91.07653302711424,51.701296032622615,23.080756024879623
41,2121.8246426191586,249.29092677650078,1,1,2,32.0,2096.666079140772,430.52932764656924,2121.8246426191586,1.0038239952413577,0.9799195322712863,1.029789133268925,0.0103489967284974,5.849878921217083,-15.612460306195288,21.46233922741237,25.15856347838644,1.1999318216993613,249.15727699970444,86.05567220502826,53.91422649149208,22.00807752583927
42,2119.6721870716974,214.03211868918646,10,15,25,32.0,2096.666079140772,430.52932764656924,2119.6721870716974,1.0043825983806556,0.9811938413219267,1.0299949972576015,0.010031061494639382,12.362405932828324,-6.578436800563253,18.940842733391577,23.006107930925282,1.0972709560099976,246.61533705722655,78.97248590437272,66.23519118731556,20.641965063020436
43,2119.945076309092,224.9937205425602,0,0,0,32.0,2096.666079140772,430.52932764656924,2119.945076309092,1.0006992574849145,0.976319330486182,1.0253948109855235,0.011355388465494477,-148.76158114891058,-170.01175708625988,21.250175937349297,23.278997168320075,1.1102863445885462,196.02052896040934,81.51543387580938,50.71365991046598,20.843544575121186
44,2123.5395537828094,250.3372320380622,3,1,4,33.0,2096.666079140772,430.52932764656924,2123.5395537828094,1.0027524593581065,0.9708035727227241,1.033267278677989,0.013947778112120564,39.01976627475048,13.917092201157516,25.102674073592965,26.87347464203731,1.2817241099760739,211.35797477198545,85.33866441093744,50.47523102156239,22.034136160298697
45,2130.596148405378,265.48836015139204,1,1,2,32.0,2096.666079140772,430.52932764656924,2130.596148405378,1.0030112875959558,0.9721142819080812,1.028187290713403,0.011271324282135564,-14.612732921760824,-40.86946468565736,26.25673176389654,33.93006926460566,1.6182867459042611,281.83927319225444,90.38885374962398,88.04112687837467,23.481086071606533
46,2120.7361275066205,225.19650976400794,1,9,10,32.0,2096.666079140772,430.52932764656924,2120.7361275066205,1.0043104984492384,0.9768892761072889,1.0307225810097822,0.010724051710785408,-4.626558734088377,-25.992751238562334,21.366192504473958,24.07004836584838,1.148015347093918,226.04989909500293,79.75508855007072,52.560168389110174,20.74975600459922
47,2125.821451342853,231.21039527392136,1,5,6,33.0,2096.666079140772,430.52932764656924,2125.821451342853,1.0036814543747674,0.9776027846052712,1.0291357147651288,0.01014659253273745,15.57912468757624,-8.551793935961143,24.130918623537383,29.155372202080798,1.390558682288067,208.76121257314674,82.2995060324226,98.59793019932819,21.904719537826953
48,2127.973641111049,253.2009999585086,1,1,2,32.0,2096.666079140772,430.52932764656924,2127.973641111049,1.0032060300139671,0.9812007715851558,1.0277418210938936,0.009643885923964136,13.529039471010549,-4.720754259109924,18.249793730120473,31.307561970276765,1.4932068716973192,247.61023613641368,91.78970640662392,99.59252199311291,24.073595148514872
49,2134.4234978650793,328.55288688722146,1,1,2,32.0,2096.666079140772,430.52932764656924,2134.4234978650793,1.0012295929938715,0.969692579328747,1.0277566451214897,0.011847966678557887,-74.32021879372417,-104.38359372089961,30.063374927175445,37.75741872430717,1.8008312863906502,297.41177835738836,99.58916470648671,59.48235567147767,25.17375905771901
50,2124.794035382572,265.9137348314878,1,1,2,33.0,2096.666079140772,430.52932764656924,2124.7940353825725,1.0035751184343875,0.9754836922081773,1.030643565399938,0.01100401813303826,1.0490785981050692,-23.68430141087896,24.733380008984028,28.127956241799893,1.341556317509888,235.10609296758017,88.65347472917385,57.26482348113995,22.431571571165836
51,2123.8339913031996,231.14996763873424,1,1,2,33.0,2096.666079140772,430.52932764656924,2123.8339913031996,1.0042288609324237,0.9704264990566257,1.0319725340657666,0.011941925005103632,13.950809043482707,-14.10274501475277,28.053554058235477,27.167912162427456,1.2957672388900883,200.65864318603923,84.41572623444891,65.22736956045561,22.473915188787277
52,2128.380262870522,291.7466634562596,1,1,2,33.0,2096.666079140772,430.52932764656924,2128.3802628705225,1.0021700286320374,0.9733806907290695,1.0288559888623012,0.011381464557972763,9.651014055748192,-16.22622853690706,25.87724259265525,31.714183729749948,1.5126006017489744,241.4933017450756,88.94073363912605,50.46638689966721,22.709971060967717
53,2124.794035382572,265.9137348314878,1,1,2,33.0,2096.666079140772,430.52932764656924,2124.7940353825725,1.0035751184343875,0.9754836922081773,1.030643565399938,0.01100401813303826,1.0490785981050692,-23.68430141087896,24.733380008984028,28.127956241799893,1.341556317509888,235.10609296758017,88.65347472917385,57.26482348113995,22.431571571165836
54,2122.0818946575946,212.31956338562088,1,9,10,32.0,2096.666079140772,430.52932764656924,2122.0818946575946,1.0050376223657198,0.9779162570256275,1.0302291473017096,0.010553006127750878,2.3882975423093455,-18.40323748264308,20.791535024952424,25.415815516822477,1.212201397717945,224.84958646141976,77.40756649918491,83.1897047190361,20.464861588650976
55,2122.822448229282,294.04082438381926,1,1,2,33.0,2089.304411677936,425.93219310796417,2122.822448229282,1.0018987855806682,0.9738764903925994,1.0276670139982662,0.01145979008205557,23.107964085492313,-8.092697296493952,31.200661381986265,33.518036551346086,1.604267734467066,302.32177630639745,96.19368860453085,73.24617441023969,24.43948463364649
56,2119.9641949546804,305.1613825326003,1,1,2,33.0,2089.304411677936,425.93219310796417,2119.9641949546804,1.0003217388359071,0.9768823374013511,1.0198994246289934,0.011141356221951589,-8.593660987198064,-34.98341333311555,26.389752345917486,30.659783276744292,1.4674636738129123,273.64980828795905,87.04176612938664,54.72996165759181,22.13742386328497
57,2120.1524020641464,293.90064473119116,1,1,2,33.0,2089.304411677936,425.93219310796417,2120.1524020641464,1.0028186106467845,0.9776452049432608,1.0276402117653287,0.010277512880424276,15.762732153261425,-11.501765442162764,27.26449759542419,30.847990386210313,1.4764717967276038,251.87217554793241,91.95257887996642,53.26444485380344,23.1147931034797
58,2122.822448229282,294.04082438381926,1,1,2,33.0,2089.304411677936,425.93219310796417,2122.822448229282,1.0018987855806682,0.9738764903925994,1.0276670139982662,0.01145979008205557,23.107964085492313,-8.092697296493952,31.200661381986265,33.518036551346086,1.604267734467066,302.32177630639745,96.19368860453085,73.24617441023969,24.43948463364649
59,2116.2794955043346,234.13931945737775,1,1,2,33.0,2089.304411677936,425.93219310796417,2116.279495504334,1.0044513346508008,0.9845452422400867,1.0289531093244988,0.009747207532243672,10.177975107066942,-8.801472335971141,18.979447443038083,26.97508382639853,1.2911035689976187,237.05793531242185,86.64014353596691,90.93580019347888,22.888183707007286
60,2118.5882880810477,251.85125586274168,1,1,2,32.0,2089.304411677936,425.93219310796417,2118.5882880810477,1.004220448032154,0.9795654646170758,1.029677547164156,0.010002625720081246,59.818406131909,34.46640786070918,25.351998271199818,29.283876403111663,1.4016088914297349,238.7120102059375,88.6368535532031,72.78612882264326,22.428156343303936
61,2117.48769811909,278.88967703961043,1,1,2,33.0,2089.304411677936,425.93219310796417,2117.48769811909,1.0014626206409825,0.979048597805621,1.0224418056518085,0.010268235765758586,-141.86656040835365,-166.53496369984242,24.668403291488772,28.183286441153996,1.3489315527036956,269.4353342346096,88.88578199634588,57.0142562061918,22.29066663032991
62,2111.991945880064,192.59484885741549,1,5,6,32.0,2089.304411677936,425.93219310796417,2111.991945880064,1.0044969922693276,0.9845533716856283,1.0301848378015548,0.009243096977846033,12.175531073704548,-5.457644952397061,17.63317602610161,22.687534202128063,1.085889355103957,227.3948875404353,76.28628451059264,83.96595256920098,20.525292108146605
63,2123.422124651499,335.9367513236672,1,1,2,33.0,2089.304411677936,425.93219310796417,2123.422124651499,1.001625451604719,0.9777351186018275,1.0255265654448333,0.010008931703419136,53.300287747949255,22.61892111092655,30.681366637022705,34.1177129735629,1.6329699388402052,232.96706656247852,98.09906938859187,54.772425098152176,24.625322672599747
64,2120.907438357258,262.1580936707829,1,1,2,33.0,2089.304411677936,425.93219310796417,2120.907438357258,1.0035528946318435,0.9800094101344508,1.0291647017962144,0.00980907422440009,-13.306522805841496,-39.22036347966781,25.913840673826314,31.60302667932183,1.5126099625636267,226.41259602540518,89.51303899719336,94.71376223357282,23.206315527231833
65,2120.4800964958167,288.1075717481846,1,1,2,32.0,2089.304411677936,425.93219310796417,2120.4800964958167,1.002979203886347,0.9769785179335735,1.0276515957079355,0.010353404325439911,-1.0057703430682352,-29.392790625160018,28.387020282091783,31.175684817880665,1.492156176171726,262.5920501835468,93.05923138536875,52.89091078339728,23.401848884169535
66,2119.503647282436,280.5506741900112,1,1,2,32.0,2089.304411677936,425.93219310796417,2119.503647282436,1.0033011740307598,0.9775126073131913,1.0281860838683512,0.010287757479948215,59.25712807858997,31.72180125678466,27.535326821805313,30.19923560449979,1.445420563691174,255.0240784834668,92.23391155627993,54.17865465916588,23.135863803763357
67,2117.936227052828,234.0514511462581,1,1,2,32.0,2089.304411677936,425.93219310796417,2117.936227052828,1.004808553234316,0.9850898589952999,1.0298510254775275,0.009474612926496649,175.78691977178426,157.43987931604352,18.34704045574074,28.631815374892085,1.3703994121133196,235.47411953885393,89.57917417347372,98.64303753995472,23.670597351223734
68,2121.598355563956,273.83869127454375,1,1,2,33.0,2089.304411677936,425.93219310796417,2121.5983555639555,1.0022358332726427,0.9769639237525687,1.0290497993059031,0.01152317918961214,-69.33562378645293,-95.6814240661323,26.345800279679366,32.29394388601986,1.5456792081381934,231.67992129995784,89.05651944634147,98.50190159166125,23.469624000943377
69,2119.3216507964935,268.16773459395023,1,1,2,32.0,2089.304411677936,425.93219310796417,2119.321650796494,1.0040362163050596,0.9795857794712095,1.029826831563737,0.009916546579818566,10.629135936175942,-15.773270209328018,26.40240614550396,30.017239118557427,1.436709698729366,223.93681684393343,94.32885794076462,55.649502057609865,23.50307929860902
70,2120.407456097143,265.5779158450921,1,1,2,32.0,2089.304411677936,425.93219310796417,2120.407456097143,1.003858731182675,0.9760971068700006,1.0299963935269674,0.010576327521902046,9.983582853112381,-18.378323453951538,28.36190630706392,31.10304441920698,1.4886794018793983,290.351667643442,92.95756201592272,80.9498845281987,23.615110830702083
71,2119.323812072412,278.767958189456,1,1,2,32.0,2089.304411677936,425.93219310796417,2119.323812072412,1.0033794545429515,0.977594445463524,1.0283564580122049,0.010277346152334551,-83.95290302099076,-111.49593943646059,27.543036415469828,30.019400394475724,1.4368131434885987,255.4725329138588,92.55662679100567,54.128799551157535,23.340850735063533
72,2120.907438357258,262.1580936707829,1,1,2,33.0,2089.304411677936,425.93219310796417,2120.907438357258,1.0035528946318435,0.9800094101344508,1.0291647017962144,0.00980907422440009,-13.306522805841496,-39.22036347966781,25.913840673826314,31.60302667932183,1.5126099625636267,226.41259602540518,89.51303899719336,94.71376223357282,23.206315527231833
73,2111.991945880064,192.59484885741549,1,5,6,32.0,2089.304411677936,425.93219310796417,2111.991945880064,1.0044969922693276,0.9845533716856283,1.0301848378015548,0.009243096977846033,12.175531073704548,-5.457644952397061,17.63317602610161,22.687534202128063,1.085889355103957,227.3948875404353,76.28628451059264,83.96595256920098,20.525292108146605
74,2101.40958763044,246.04803080151618,1,1,2,33.0,2070.04647658899,419.9545644726345,2101.40958763044,1.003849115600625,0.9774892337103809,1.0293950432831873,0.010031559955522771,16.990446941822256,-9.845821700462665,26.83626864228492,31.363111041449883,1.5150921197252454,255.42759979390038,91.24639717810187,97.22343088239491,23.719649610157862
75,2103.23194498307,259.2634106398765,1,9,10,33.0,2070.04647658899,419.9545644726345,2103.23194498307,1.0032217377744905,0.9780109556173231,1.0276667117916551,0.010244089708027102,15.439119301101556,-9.86292981195487,25.302049113056427,33.18546839408009,1.603126730215396,223.0932245104256,92.50967536413611,99.0524011793797,24.043365301434083
76,2093.099180930941,197.35041166415937,0,0,0,32.0,2070.04647658899,419.9545644726345,2093.099180930941,1.0021482932654253,0.9788797361898377,1.0268030654371694,0.010734422413804167,-41.23249773638119,-62.90667769539607,21.67417995901488,23.052704341951085,1.113632210806068,214.48142991025537,79.58726372744441,69.46574774937018,20.449130707744388
77,2101.6912416017817,261.2566763558324,1,1,2,33.0,2070.04647658899,419.9545644726345,2101.6912416017817,1.0041105678416866,0.98360174023138,1.0290635663026877,0.009395614724640393,9.958581194352746,-8.54775588703913,18.506337081391877,31.644765012791595,1.5286982862788494,245.55552838845162,93.44393057794042,97.50249877659728,24.512852100993335
78,2102.0120725351,248.93247139461874,1,1,2,33.0,2070.04647658899,419.9545644726345,2102.0120725351,1.0039834141213984,0.9778931819783622,1.0275228238671499,0.00982453072069631,26.72309195947051,0.21809103732496737,26.50500092214554,31.965595946109715,1.5441970171984944,261.73312416860847,91.60673392737897,96.46388719265865,23.730988786885703
79,2094.8784262379004,219.9463508714377,1,1,2,33.0,2070.04647658899,419.9545644726345,2094.8784262379004,1.0042579534905878,0.9789974813872813,1.027952097224021,0.009948452655676175,-32.516137281280265,-56.92869033753425,24.412553056253984,24.831949648910268,1.1995841605367334,224.29928847059824,80.9115739451568,95.73031009536261,21.475703843477554
80,2102.673066932261,279.3266563819594,1,1,2,33.0,2070.04647658899,419.9545644726345,2102.673066932261,1.0039518315108233,0.978431183067611,1.0293479186412504,0.009770525620590545,-74.9527993268655,-104.67147832749261,29.718679000627105,32.62659034327089,1.576128396741738,228.71228622807834,93.80238330174247,94.62520067118295,24.07164593621495
81,2102.8533217661206,278.24728309212406,1,1,2,32.0,2070.04647658899,419.9545644726345,2102.8533217661206,1.0033839017689268,0.9743757089303435,1.0301075052498383,0.010661577389204986,20.354011676212764,-8.958592493889597,29.31260417010236,32.806845177130526,1.584836164219339,312.3861156664324,96.0869974826807,62.47722313328647,24.1274481366883
82,2106.4964942370566,307.98612712738145,1,1,2,32.0,2070.04647658899,419.9545644726345,2106.4964942370566,1.001833341876636,0.9743931243880227,1.0270496026737845,0.01115488680561136,-101.20081496943021,-132.6212229007051,31.420407931274895,36.45001764806648,1.7608308827987569,278.44202477124355,98.15455516791927,55.68840495424872,25.068933204018673
83,2093.099180930941,197.35041166415937,0,0,0,32.0,2070.04647658899,419.9545644726345,2093.099180930941,1.0021482932654253,0.9788797361898377,1.0268030654371694,0.010734422413804167,-41.23249773638119,-62.90667769539607,21.67417995901488,23.052704341951085,1.113632210806068,214.48142991025537,79.58726372744441,69.46574774937018,20.449130707744388
84,2101.7443031442044,274.54417152140473,1,1,2,32.0,2070.04647658899,419.9545644726345,2101.7443031442044,1.0037837411906458,0.975306259115002,1.030030996721291,0.010870732147141838,9.690784435098578,-17.612454906355424,27.303239341454002,31.697826555214306,1.531261588263747,282.308512562438,93.49060658241198,56.4617025124876,23.682703303522857
85,2103.4431839530444,275.92829468435656,1,1,2,32.0,2070.04647658899,419.9545644726345,2103.443183953045,1.003367822460213,0.9741750824024692,1.0300471995850857,0.010631811106985505,-11.920051954067844,-41.60566739962951,29.685615445561666,33.39670736405424,1.6133312822562866,327.780704342031,97.12937849470441,65.5561408684062,24.31096618500327
86,2097.2917551400046,205.29573083694638,7,15,22,32.0,2070.04647658899,419.9545644726345,2097.2917551400046,1.004977957062344,0.9803683987898686,1.0294520444411266,0.009927562165868105,69.78122152288927,50.08441826084811,19.696803262041158,27.245278551014508,1.3161674802543135,212.65004142506885,84.23863582944709,99.90972856272126,22.366868694831755
87,2114.6616956264447,375.863384363164,1,15,16,33.0,2070.04647658899,419.9545644726345,2114.6616956264447,1.0003242956660996,0.9712382071031315,1.0257436844045043,0.011261459907020146,118.27414586756674,83.37527247755685,34.898873390009896,44.61521903745461,2.1552761999320564,296.7550813657779,107.11707130180346,59.35101627315559,26.691533765078255
88,2101.7842817835203,244.1209454227582,1,1,2,32.0,2070.04647658899,419.9545644726345,2101.78428178352,1.004058449837384,0.9764133710420105,1.0295549936295312,0.01023753959764836,15.886970349313174,-11.932658923207583,27.819629272520757,31.73780519453021,1.533192880134149,292.0196820763047,91.39734570015304,94.53541260398495,23.748597521155
89,2100.6079581647887,248.24272345421647,1,1,2,33.0,2070.04647658899,419.9545644726345,2100.607958164789,1.0024559323364188,0.9758770237627712,1.0250155631729285,0.010721688552485257,19.4248583877326,-6.773849538039826,26.198707925772425,30.561481575798553,1.4763669280584257,294.0355112999302,88.10381719644495,93.56625099247499,23.057655927062036
90,2093.099180930941,197.35041166415937,0,0,0,32.0,2070.04647658899,419.9545644726345,2093.099180930941,1.0021482932654253,0.9788797361898377,1.0268030654371694,0.010734422413804167,-41.23249773638119,-62.90667769539607,21.67417995901488,23.052704341951085,1.113632210806068,214.48142991025537,79.58726372744441,69.46574774937018,20.449130707744388
91,2103.1592517022045,289.8454603476789,1,1,2,33.0,2070.04647658899,419.9545644726345,2103.1592517022045,1.0025901905032795,0.970316101019817,1.0299324069334481,0.011572642228683778,20.932269073192458,-10.219348584915451,31.15161765810791,33.11277511321441,1.5996150563622822,352.49464775411894,96.03748345216157,70.49892955082379,24.44076984480649
92,2101.9188449183043,260.7141675066049,1,1,2,32.0,2070.04647658899,419.9545644726345,2101.9188449183043,1.003852725751267,0.9749043819108691,1.03009481377873,0.0106388662409955,50.78867037084578,23.016616334712722,27.772054036133056,31.872368329314213,1.5396933687128274,311.71383461478126,94.55652792259197,68.66986797930956,23.88093394520825
93,2090.4543993877155,181.51806836535513,1,1,2,33.0,2065.499804979039,420.88949705435044,2090.4543993877155,1.0053822725841353,0.9721198187900144,1.0315136427834122,0.011900576777593501,-2.3170139393689624,-26.86022472817723,24.543210788808267,24.954594408676712,1.208162515848311,171.4996609583552,77.69323170867608,95.67137227825256,21.734616517863103
94,2095.3518945967658,262.73878663121286,11,15,26,32.0,2065.499804979039,420.88949705435044,2095.3518945967658,1.002303076997982,0.9788111876288426,1.02568211009401,0.011243665623268412,140.93595736813825,114.61264821481666,26.32330915332159,29.85208961772696,1.4452719649629746,245.9089534905886,82.45296758131185,49.24453859329246,22.054033358634108
95,2109.33043302661,350.51345046390054,1,1,2,33.0,2065.499804979039,420.88949705435044,2109.33043302661,0.9981779302004723,0.9727830443799022,1.0160023133308176,0.011494198439477304,-104.703528349808,-135.04397398637255,30.340445636564553,43.83062804757128,2.122034964220976,398.85281981975754,86.07740937836195,92.70435724230872,23.361891728099305
96,2099.7271557007048,295.64491289790686,1,1,2,32.0,2065.499804979039,420.88949705435044,2099.7271557007048,1.0020768887170066,0.9750041781134834,1.0269484167319407,0.011249012656003615,-2.1143463396840616,-31.871818415966203,29.75747207628214,34.22735072166597,1.6570977464707781,261.1984012719339,93.59431504269395,52.239680254386776,23.923343440503018
97,2101.1061765648947,305.1356540745711,1,1,2,33.0,2065.499804979039,420.88949705435044,2101.1061765648947,1.0014399799315636,0.9676412346291795,1.0243790595264313,0.012545297152717329,57.44745236358992,21.932553454264053,35.514898909325865,35.60637158585587,1.7238622584240433,239.0643126679186,90.55631824938615,68.73883224055866,23.601678316179733
98,2098.1744851440103,250.61314765662263,1,1,2,32.0,2065.499804979039,420.88949705435044,2098.1744851440108,1.0031349218072618,0.9835727615400265,1.0273221675832462,0.00970268673167939,-47.78520999418089,-67.3056594210945,19.520449426913615,32.674680164971505,1.5819260832756696,276.600918191075,94.20466221530424,96.96762416275631,24.688836269095237
99,2101.0815300291556,274.86527876660944,1,1,2,32.0,2065.499804979039,420.88949705435044,2101.0815300291556,1.0027723620410711,0.9738739226362066,1.028215325077101,0.011045510008850241,2.6623160899439995,-27.52848343289051,30.19079952283451,35.5817250501168,1.7226690103937286,289.0296820873315,94.11082104500512,89.23350748072039,24.3097956297026
100,2105.3539562537635,283.56950467102496,1,1,2,32.0,2071.3401123516246,421.921548350443,2105.3539562537635,1.0023143843158955,0.9734570889585272,1.0257431136830482,0.010815991641396034,33.68394705254536,5.112608393234268,28.571338659311095,34.01384390213889,1.642117762279148,276.5890929991556,94.9071811511038,55.317818599831114,23.76169189722644
101,2100.4775893520846,218.30547920607165,2,11,13,32.0,2071.3401123516246,421.921548350443,2100.4775893520846,1.0045281465579163,0.9790222555591246,1.0279256477814627,0.010261958518836515,-78.39834328164038,-97.93615972246826,19.537816440827882,29.137477000459967,1.4066968928332941,233.608800908989,82.92544112243758,99.99618763269805,22.299209873979777
102,2108.0878208956938,289.45653311056003,1,9,10,33.0,2071.3401123516246,421.921548350443,2108.0878208956938,1.001976932793932,0.9713878599700614,1.027288812134197,0.010985873207228731,15.99947686967289,-13.475700693480434,29.475177563153323,36.747708544069155,1.774103070999234,346.63170881904705,99.92116022075118,98.26595372804428,25.45150996222009
103,2104.947533429031,324.8349629076242,1,1,2,33.0,2071.3401123516246,421.921548350443,2104.947533429031,1.000016045552061,0.9706162665903524,1.0208660030221062,0.011488002008175855,-4.282427160790462,-32.42041592967857,28.137988768888107,33.60742107740634,1.6224965121373194,300.43786439329585,97.29537718760507,60.08757287865917,24.23264982170107
104,2108.070838432262,289.3469495845843,1,9,10,33.0,2071.3401123516246,421.921548350443,2108.070838432262,1.0019080031247658,0.9713544574654499,1.0272872220273244,0.011014391815165094,-138.49613959239278,-167.93751570863566,29.44137611624288,36.730726080637396,1.7732831929246247,346.1986456804038,99.92165492435608,98.43085580782454,25.4571797498675
105,2106.0467589057253,288.40677974882243,1,1,2,32.0,2071.3401123516246,421.921548350443,2106.0467589057253,1.00207250343641,0.9731288728036365,1.0250236879113432,0.010968200039557532,27.81175134267974,-0.08443348538466466,27.896184828064406,34.706646554100644,1.6755648358828743,281.9822447232053,94.88939985107152,56.396448944641065,23.680550984520426
106,2104.947533429031,324.8349629076242,1,1,2,33.0,2071.3401123516246,421.921548350443,2104.947533429031,1.000016045552061,0.9706162665903524,1.0208660030221062,0.011488002008175855,-4.282427160790462,-32.42041592967857,28.137988768888107,33.60742107740634,1.6224965121373194,300.43786439329585,97.29537718760507,60.08757287865917,24.23264982170107
107,2102.1424957009663,241.05399998955465,1,1,2,32.0,2071.3401123516246,421.921548350443,2102.1424957009663,1.0036510800991167,0.9830309841904508,1.027693150115306,0.009616324395810314,45.27481803587068,26.565345477026682,18.709472558844,30.802383349341653,1.4870751145919359,245.3912642194049,91.08587195214635,95.66844450001794,24.32471065762396
108,2108.441534534651,306.1083349262031,1,1,2,33.0,2071.3401123516246,421.921548350443,2108.441534534651,1.0012619745396771,0.9686609275524223,1.0245852981414154,0.012211813410692914,26.304250497963153,-3.7438117389799572,30.04806223694311,37.10142218302644,1.7911796310893928,303.3858731485933,96.824196108925,60.677174629718664,24.123801027774448
109,2108.7613334282637,291.8697387233067,1,9,10,32.0,2071.3401123516246,421.921548350443,2108.7613334282632,1.0022599995262913,0.9711026307317443,1.0272942477856415,0.011013456735010457,-22.684361866665142,-52.520127728160816,29.835765861495673,37.421221076639085,1.8066188576898745,360.0360766878996,101.34095020266173,95.477528286404,25.670450950665508
110,2110.3479131642853,302.5935735105023,9,13,22,32.0,2071.3401123516246,421.921548350443,2110.3479131642853,1.0018439426257173,0.9702737650988005,1.0268461114006129,0.011148496389248946,-130.8474234989303,-161.1121457074173,30.264722208487,39.00780081266066,1.8832156332054275,363.14650756669477,103.43088959919574,99.98534472285117,26.49572255207533
111,2104.8618489546034,290.0832724878424,1,1,2,33.0,2071.3401123516246,421.921548350443,2104.8618489546034,1.001443072982744,0.9722073636065289,1.0208385242775164,0.011004463646584075,13.994190298860417,-16.37746945807612,30.371659756936538,33.52173660297876,1.618359843614529,264.18960264843133,89.78681218948853,66.04740066210783,22.848462154304123
112,2096.0900768512965,211.2764652337198,0,0,0,32.0,2071.3401123516246,421.921548350443,2096.090076851297,1.0012176476556285,0.9780316417125716,1.0244566909024222,0.010661775121124272,-77.04982111839763,-98.51414384887175,21.464322730474123,24.749964499671933,1.1948768988774574,194.55679001003816,81.82045040360536,53.90125024243972,20.9305970161459
113,2102.157495810766,281.72825029885814,1,1,2,32.0,2068.0753622343436,416.2826610478142,2102.157495810766,1.0029170921874102,0.9760996182223178,1.0281302679252906,0.010956276985564511,43.2011977507475,15.112929198158156,28.08826855258934,34.082133576422166,1.6480121662297602,267.0056890985775,95.9100013967028,53.401137819715494,24.267126099424335
114,2107.2362865838622,280.5485310715973,1,1,2,33.0,2068.0753622343436,416.2826610478142,2107.2362865838627,1.0027595043269144,0.9718461573961276,1.0282539874764045,0.010990613885763188,25.908910369698702,-4.194127890128726,30.10303825982743,39.16092434951861,1.8935927125600123,421.80073364043886,99.86148479606815,95.76581603588926,25.829816208072963
115,2107.2362865838622,280.5485310715973,1,1,2,33.0,2068.0753622343436,416.2826610478142,2107.2362865838627,1.0027595043269144,0.9718461573961276,1.0282539874764045,0.010990613885763188,25.908910369698702,-4.194127890128726,30.10303825982743,39.16092434951861,1.8935927125600123,421.80073364043886,99.86148479606815,95.76581603588926,25.829816208072963
116,2099.762860226116,274.56641989258713,1,1,2,33.0,2068.0753622343436,416.2826610478142,2099.7628602261157,1.00202724743526,0.9729115292222168,1.029367539042682,0.013377077825882417,21.451956682621073,-6.574630703770197,28.02658738639127,31.68749799177249,1.5322216284003012,221.64130945487312,90.658297453008,54.14091842372933,23.236621211531485
117,2098.4579400572743,259.00532589942327,1,1,2,32.0,2068.0753622343436,416.2826610478142,2098.4579400572743,1.0029189479822733,0.9793482971484004,1.0271215743142448,0.010857716884994614,3.1242789640017463,-23.093002908481395,26.21728187248314,30.38257782293067,1.4691233393982996,238.9754978440125,88.13148097688811,52.72774967031475,22.902369056350217
118,2099.762860226116,274.56641989258713,1,1,2,33.0,2068.0753622343436,416.2826610478142,2099.7628602261157,1.00202724743526,0.9729115292222168,1.029367539042682,0.013377077825882417,21.451956682621073,-6.574630703770197,28.02658738639127,31.68749799177249,1.5322216284003012,221.64130945487312,90.658297453008,54.14091842372933,23.236621211531485
119,2102.309570675775,238.52235684001545,2,18,20,32.0,2068.0753622343436,416.2826610478142,2102.3095706757754,1.0041456473831736,0.9799948476734904,1.0276620610195275,0.010162236555141707,119.46990296411951,96.92543751637749,22.544465447742027,34.23420844143129,1.6553656151313914,216.50871942825853,91.80083506993509,99.9485340569121,24.101284591898445
120,2100.1768911462677,239.56231503800956,1,1,2,33.0,2068.0753622343436,416.2826610478142,2100.1768911462677,1.0045264560286955,0.9781153160086729,1.0305814380281046,0.01061247502885402,73.20628198877853,46.4773442684463,26.728937720332226,32.101528911924106,1.55224173635731,262.47879942310766,92.18565897211295,82.39043115876747,23.394567522578143
121,2102.309570675775,238.52235684001545,2,18,20,32.0,2068.0753622343436,416.2826610478142,2102.3095706757754,1.0041456473831736,0.9799948476734904,1.0276620610195275,0.010162236555141707,119.46990296411951,96.92543751637749,22.544465447742027,34.23420844143129,1.6553656151313914,216.50871942825853,91.80083506993509,99.9485340569121,24.101284591898445
122,2098.4579400572743,259.00532589942327,1,1,2,32.0,2068.0753622343436,416.2826610478142,2098.4579400572743,1.0029189479822733,0.9793482971484004,1.0271215743142448,0.010857716884994614,3.1242789640017463,-23.093002908481395,26.21728187248314,30.38257782293067,1.4691233393982996,238.9754978440125,88.13148097688811,52.72774967031475,22.902369056350217
123,2103.8921667676054,294.0081670712165,1,1,2,32.0,2068.0753622343436,416.2826610478142,2103.8921667676054,1.0018527499636953,0.9761812593467151,1.0261039029238792,0.011263394338978789,17.118636559426704,-13.69362650733683,30.812263066763535,35.8168045332618,1.7318906838368509,258.70394094857204,96.44327480174498,51.7407881897144,24.871096610765413
124,2122.0384165822816,306.30043590116156,1,1,2,33.0,2086.972534306539,426.3877397633727,2122.038416582281,1.0006625415534744,0.9822140042149903,1.0219456363723565,0.010145351329190056,-144.9858027461876,-168.87364958069023,23.887846834502625,35.06588227574275,1.6802273005185704,280.83212306938077,96.61291863049138,98.73438002256945,25.011178765092126
125,2115.930956285383,272.40816317587365,1,1,2,32.0,2086.972534306539,426.3877397633727,2115.9309562853828,1.0030954680378936,0.9775777057023102,1.027280475561973,0.010553876166339588,27.33662154767478,2.5349668011069753,24.801654746567806,28.9584219788444,1.3875804066806625,256.82518553823996,90.75990979883875,54.82410022916599,22.7833864980381
126,2112.7689721695747,202.56360695109782,1,1,2,32.0,2086.972534306539,426.3877397633727,2112.7689721695747,1.0047860566738438,0.9825591592587056,1.0284521683978571,0.009937657520188627,-7.977351447499643,-26.868745755919747,18.891394308420104,25.796437863035862,1.2360698302916346,189.531313360187,81.72668251977332,99.55562621418545,21.83997279148877
127,2116.987309015712,265.23538558696646,1,1,2,33.0,2086.972534306539,426.3877397633727,2116.9873090157116,1.003185187603304,0.9766635973755109,1.0275125899101978,0.01065768205221557,17.65555559556472,-9.105830148977873,26.761385744542594,30.014774709173253,1.4381969199775113,285.3104371913068,89.83797464402491,66.2872239242737,22.533298369507182
128,2114.0180554448493,268.03157132650256,1,1,2,33.0,2086.972534306539,426.3877397633727,2114.018055444849,1.0023394459651798,0.9792049236116243,1.0215943232136242,0.010229570404804678,-60.64483225084189,-86.8156814312057,26.170849180363817,27.045521138310505,1.2959212780103604,240.5792162868837,84.31989510820478,60.14480407172093,21.9444150761379
129,2112.7689721695747,202.56360695109782,1,1,2,32.0,2086.972534306539,426.3877397633727,2112.7689721695747,1.0047860566738438,0.9825591592587056,1.0284521683978571,0.009937657520188627,-7.977351447499643,-26.868745755919747,18.891394308420104,25.796437863035862,1.2360698302916346,189.531313360187,81.72668251977332,99.55562621418545,21.83997279148877
130,2108.8525871347447,198.14769577650702,1,5,6,32.0,2086.972534306539,426.3877397633727,2108.8525871347447,1.0036920600823624,0.9813602859051539,1.0297106657605442,0.00956110998565258,39.37538400485539,20.53757596560945,18.837808039245942,21.880052828205862,1.0484111538859415,208.76603057336638,79.030767231774,69.07805768656686,20.583982349661323
131,2106.8427600496943,206.4622276181308,1,1,2,33.0,2086.972534306539,426.3877397633727,2106.8427600496943,1.005249916070113,0.9843425270420559,1.029751939927091,0.009774398547884621,19.19397439684616,3.029708615742919,16.16426578110324,19.870225743155515,0.9521076783005202,172.55207035359192,75.20481334549676,73.69458450173195,19.458520187484226
132,2121.8466731871376,333.0945334227395,1,1,2,33.0,2086.972534306539,426.3877397633727,2121.846673187137,0.9979549834616611,0.9746972420921015,1.0139968784098008,0.01130798557344881,3.6517014022045657,-22.07284460799596,25.724546010200527,34.87413888059882,1.6710396666617768,321.83101217228983,92.12702167158295,98.91571701827175,24.126344728037203
133,2108.338459515096,204.89444482701504,1,1,2,32.0,2086.972534306539,426.3877397633727,2108.338459515096,1.0052690954722323,0.9819245690316392,1.0302112167566766,0.010061057733946442,55.83151896019086,35.8592497899613,19.972269170229566,21.3659252085572,1.023776061128504,231.23175372306287,76.952554360735,57.53548489144461,20.233110348723834
134,2111.2897295341427,219.88545685567092,1,1,2,32.0,2086.972534306539,426.3877397633727,2111.2897295341427,1.0045984626006643,0.9821668838826892,1.0292985522332965,0.009919406269863238,-87.91870547384747,-107.49137174845873,19.572666274611265,24.31719522760386,1.1651899978493967,218.53932417633325,85.14066261297171,63.27492480335019,21.745124282877573
135,2112.35168006432,218.0346122902368,1,1,2,33.0,2086.972534306539,426.3877397633727,2112.35168006432,1.00471996051341,0.9805707411504032,1.0286793829047622,0.010366552317929425,5.440597630335418,-15.371170494004161,20.81176812433958,25.379145757781316,1.2160747369976443,217.60242076349368,80.7026020447438,87.3053416207044,21.233741807104376
136,2125.909914105942,309.61871389117607,9,9,18,32.0,2086.972534306539,426.3877397633727,2125.9099141059414,1.0014265969740024,0.9720930168836989,1.025047269170111,0.011175132961622727,178.42283227651745,-178.7810519766945,357.203884253212,38.93737979940306,1.8657351335168006,327.0238019527328,98.53328851782216,99.96054511407266,25.529128546470826
137,2122.228640602762,291.9416601269258,1,1,2,33.0,2086.972534306539,426.3877397633727,2122.228640602762,1.0011673420368192,0.972383132247202,1.0252860962583354,0.011890712130422507,15.434225156216314,-14.137375174619905,29.57160033083622,35.25610629622315,1.689342131564663,319.26397451845935,94.33963482333809,88.51021862089789,24.338078834569167
138,2113.349507148052,271.8627013588553,1,1,2,33.0,2086.972534306539,426.3877397633727,2113.3495071480525,1.0015100944287079,0.9723354474442958,1.027947711074636,0.013684156313892774,-39.24889228251163,-65.17238176358194,25.923489481070305,26.37697284151318,1.263886917911823,215.89527725618197,85.51338459012887,56.4233575708654,21.80673505596007
139,2114.0180554448493,268.03157132650256,1,1,2,33.0,2086.972534306539,426.3877397633727,2114.018055444849,1.0023394459651798,0.9792049236116243,1.0215943232136242,0.010229570404804678,-60.64483225084189,-86.8156814312057,26.170849180363817,27.045521138310505,1.2959212780103604,240.5792162868837,84.31989510820478,60.14480407172093,21.9444150761379
140,2112.7689721695747,202.56360695109782,1,1,2,32.0,2086.972534306539,426.3877397633727,2112.7689721695747,1.0047860566738438,0.9825591592587056,1.0284521683978571,0.009937657520188627,-7.977351447499643,-26.868745755919747,18.891394308420104,25.796437863035862,1.2360698302916346,189.531313360187,81.72668251977332,99.55562621418545,21.83997279148877
141,2112.7689721695747,202.56360695109782,1,1,2,32.0,2086.972534306539,426.3877397633727,2112.7689721695747,1.0047860566738438,0.9825591592587056,1.0284521683978571,0.009937657520188627,-7.977351447499643,-26.868745755919747,18.891394308420104,25.796437863035862,1.2360698302916346,189.531313360187,81.72668251977332,99.55562621418545,21.83997279148877
142,2115.941432716146,248.14097130357402,2,1,3,33.0,2086.972534306539,426.3877397633727,2115.9414327161467,1.00356819894665,0.9800983946464327,1.0274413393527535,0.010021164693234118,-127.54862807232541,-150.1180725008178,22.569444428492375,28.96889840960739,1.3880823984697626,218.5715889938252,87.54897062829136,99.8814773121219,23.03075700211394
143,2149.154413478855,296.02268580011423,1,1,2,33.0,2118.0733680817466,429.86136054947326,2149.1544134788555,0.9994602039922943,0.9746431386585045,1.0177455657447516,0.011579946737865936,13.857872598697185,-9.430838349028761,23.288710947725946,31.081045397108483,1.4674206222260058,284.824803857127,92.76443134435074,60.49328036806347,23.099134081908588
144,2150.0567526869036,266.96325467307844,1,1,2,33.0,2118.0733680817466,429.86136054947326,2150.0567526869036,1.002645941736164,0.9722879605394228,1.0257665728055156,0.011067803921848595,148.62851148944765,122.69459918090126,25.933912308546383,31.98338460515697,1.5100225085273145,272.97049222667937,85.8096554688833,85.86423390069146,22.18108619882268
145,2145.7848836689745,252.4723813788943,1,1,2,32.0,2118.0733680817466,429.86136054947326,2145.7848836689745,1.003111388490372,0.9760083294846282,1.0257079841399444,0.010958726272054149,-20.414240706734745,-42.85718099302136,22.442940286286614,27.71151558722795,1.3083359625226367,222.55352648125887,87.79213361457742,55.012211884335684,22.35036414072768
146,2150.3542435858903,282.9796074212664,1,1,2,32.0,2118.0733680817466,429.86136054947326,2150.3542435858903,1.002048279261191,0.9732170677855371,1.0248334830662675,0.011201498774417559,20.954878010847665,-5.8089669723514135,26.76384498319908,32.28087550414375,1.5240678623601804,266.41908188436736,94.06823134249794,53.66837234473294,23.641431289452886
147,2152.5232092077194,304.2354547777807,1,1,2,33.0,2118.0733680817466,429.86136054947326,2152.5232092077194,1.001369734990788,0.9720480356087274,1.0240410069358807,0.011331846954643163,10.38186271436092,-18.360563135518873,28.742425849879794,34.44984112597285,1.626470623969588,280.49421693609486,94.85120084002465,56.09884338721896,23.762242311094752
148,2160.201007876015,346.501804885616,1,1,2,32.0,2118.0733680817466,429.86136054947326,2160.201007876015,0.9990899591804355,0.9674755735986152,1.0212875131776342,0.012474209634614217,30.50407460734229,-6.172020132869363,36.67609474021165,42.12763979426836,1.988960365070907,334.4153936218115,105.01474200267815,66.88307872436229,26.754400459852643
149,2146.8855062287453,269.37321982837364,1,1,2,33.0,2118.0733680817466,429.86136054947326,2146.8855062287457,1.0020120965790011,0.974344238569838,1.021916988212387,0.01077995760865087,37.874097605380314,10.696265900712632,27.177831704667682,28.812138146998677,1.3602993447338732,263.9644847493059,86.78225117551699,65.99112118732647,22.371682707314857
150,2152.704788751743,286.18957872856043,1,1,2,33.0,2118.0733680817466,429.86136054947326,2152.704788751743,1.0027454842407482,0.9793212904625317,1.0247115178768744,0.009832362232278085,7.275671439948695,-19.31006356403458,26.585735003983274,34.63142066999626,1.6350434877220772,224.93326755733958,90.88773102521034,98.58053050312073,23.690846009528222
151,2150.803163681379,254.3724317884203,1,1,2,33.0,2118.0733680817466,429.86136054947326,2150.803163681379,1.0028390731140284,0.9745970605314777,1.0244338891957694,0.010557808426590912,17.154449252548602,-9.088907128675231,26.243356381223833,32.729795599632325,1.5452626000993714,261.625929101559,92.24130307396764,98.11545030155105,23.787661927920446
152,2152.6118108891737,303.6861423363916,1,1,2,33.0,2118.0733680817466,429.86136054947326,2152.6118108891737,1.0013723882641783,0.972026494143241,1.024053686559429,0.011351016194251091,17.051623051269416,-11.779268611666396,28.830891662935812,34.538442807427145,1.6306537501440386,281.53562532962917,95.44166691653834,56.30712506592583,23.88105535466077
153,2141.1460133557803,214.2275399456736,5,8,13,32.0,2118.0733680817466,429.86136054947326,2141.1460133557803,1.004407130464599,0.9784112780677852,1.027323485450343,0.010455944856187909,34.41655559586928,16.504187329421455,17.912368266447828,23.072645274033675,1.0893222879682227,215.49465442030265,79.17698747522583,58.95141865059814,20.869121163032222
154,2152.1141429546733,256.2364816974606,1,1,2,33.0,2118.0733680817466,429.86136054947326,2152.1141429546738,1.002392067119118,0.9641022533166828,1.0253829023597874,0.012600104025021756,87.68594857013164,59.9915440642489,27.694404505882744,34.040774872926704,1.6071574944429832,197.19320477351005,94.75970586982821,96.7874641029967,25.575265965049976
155,2145.7848836689745,252.4723813788943,1,1,2,32.0,2118.0733680817466,429.86136054947326,2145.7848836689745,1.003111388490372,0.9760083294846282,1.0257079841399444,0.010958726272054149,-20.414240706734745,-42.85718099302136,22.442940286286614,27.71151558722795,1.3083359625226367,222.55352648125887,87.79213361457742,55.012211884335684,22.35036414072768
156,2152.381071453385,296.1469978350595,1,1,2,32.0,2118.0733680817466,429.86136054947326,2152.381071453385,1.0015187590481356,0.9722097066846984,1.024054554991902,0.011417631502663592,13.309588640174667,-15.133738877711352,28.44332751788602,34.30770337163858,1.6197599142993655,279.9136671946478,95.44092765314566,55.982733438929564,23.865382985882047
157,2147.599908699308,237.15197568935585,1,1,2,32.0,2118.0733680817466,429.86136054947326,2147.599908699308,1.003676447286194,0.9762041732827833,1.0257973362638257,0.010619713836316073,24.135508924596223,3.4292230249338047,20.70628589966242,29.526540617561295,1.3940282269023707,246.87681485863266,87.40004090503366,82.00224862178621,22.405000594101566
158,2145.008284237001,212.8618151194709,0,0,0,32.0,2118.0733680817466,429.86136054947326,2145.008284237001,1.0005438892207161,0.9747578943208123,1.0218822989601741,0.011328406728893738,8.380964875962775,-13.188395627360364,21.56936050332314,26.93491615525454,1.271670592773111,233.23883549289252,84.73220211807457,95.5310086713307,22.184588177638428
159,2152.0691493698228,299.03012509865044,1,1,2,33.0,2118.0733680817466,429.86136054947326,2152.0691493698228,1.0013451870289598,0.9726312274494187,1.0239257052341362,0.0113291478293,21.42371921977758,-6.700299588418261,28.124018808195842,33.99578128807616,1.6050332250230201,275.06247585123515,94.79885274900174,55.012495170247036,23.7207554569392
160,2141.0404568828867,215.7417270519518,13,15,28,32.0,2118.0733680817466,429.86136054947326,2141.0404568828867,1.0032311986878584,0.9767913271262219,1.0266256978471013,0.010533969538219607,9.533852700293608,-10.372054266441694,19.9059069667353,22.967088801140108,1.0843386800118482,210.58182532072723,78.2601739723687,55.94143833392381,20.45437060686865
161,2145.008284237001,212.8618151194709,0,0,0,32.0,2118.0733680817466,429.86136054947326,2145.008284237001,1.0005438892207161,0.9747578943208123,1.0218822989601741,0.011328406728893738,8.380964875962775,-13.188395627360364,21.56936050332314,26.93491615525454,1.271670592773111,233.23883549289252,84.73220211807457,95.5310086713307,22.184588177638428
162,2156.049597068639,297.04577406052306,1,1,2,33.0,2118.0733680817466,429.86136054947326,2156.049597068639,1.001112093019965,0.9698753135326234,1.0241604416297208,0.011312463315273776,-123.81614118053278,-152.15314796273583,28.337006782203048,37.97622898689224,1.792960978555987,338.63469396026835,99.2003249271569,98.26229103366703,25.363352140742876
163,2165.2516272256953,300.46329370230694,1,1,2,32.0,2128.1218734367567,433.88488884760716,2165.2516272256953,1.001801573293107,0.9694385343852493,1.026463910162657,0.011286425889271322,-4.52269976898171,-33.508197166120425,28.985497397138715,37.129753788938615,1.7447193345640895,308.02144354405624,98.294785491,99.95261409920198,25.526055427744538
164,2162.255244029671,309.6209253909562,1,1,2,33.0,2128.1218734367567,433.88488884760716,2162.2552440296704,1.0006915562214151,0.971878147136954,1.0237054663895424,0.011743466546696536,115.12771441177841,87.64891277653271,27.478801635245702,34.13337059291416,1.6039199173208691,256.7891979626224,93.6992156434369,57.519448853278924,23.86755532363899
165,2158.783438449253,267.59790466357697,1,1,2,33.0,2128.1218734367567,433.88488884760716,2158.783438449253,1.0029316583073962,0.9732809157502034,1.0282997081662222,0.010653395681529634,28.181412143766096,0.8862702861267451,27.29514185763935,30.66156501249634,1.4407805020574418,253.94744697358402,90.40275136074631,72.70039492018242,23.136133991409718
166,2153.954729841977,206.93276840185578,1,1,2,33.0,2128.1218734367567,433.88488884760716,2153.954729841977,1.0052430091295943,0.9789889797289397,1.039271730615242,0.012374936485320795,76.27960446576697,53.231696216888935,23.04790824887803,25.832856405220355,1.2138804984651672,178.2726164146341,83.38506378930876,85.35864848295324,22.095930244254852
167,2157.778851548392,263.22288213929033,1,1,2,32.0,2128.1218734367567,433.88488884760716,2157.778851548392,1.001392359671913,0.976023675893709,1.026163815228915,0.010071191806325059,-41.80286324343348,-63.7646143777431,21.961751134309623,29.656978111635453,1.3935751745148723,219.832359273179,90.05845640541612,53.4628458893402,22.83733084077882
168,2165.2516272256953,300.46329370230694,1,1,2,32.0,2128.1218734367567,433.88488884760716,2165.2516272256953,1.001801573293107,0.9694385343852493,1.026463910162657,0.011286425889271322,-4.52269976898171,-33.508197166120425,28.985497397138715,37.129753788938615,1.7447193345640895,308.02144354405624,98.294785491,99.95261409920198,25.526055427744538
169,2160.608085814302,290.03703426211337,1,1,2,32.0,2128.1218734367567,433.88488884760716,2160.608085814302,1.0022022382979026,0.9722790563289369,1.0268857048846889,0.010866772601251717,13.140240344025358,-14.321353801452744,27.461594145478102,32.486212377545144,1.5265202986275572,264.8911418178125,94.93887322485425,52.97822836356251,23.99973668252974
170,2165.3818943973165,304.2817945339526,9,8,17,33.0,2128.1218734367567,433.88488884760716,2165.3818943973165,1.0020565031537945,0.9695131605659084,1.0356001035845628,0.013482732476626612,58.15799844305951,29.088458131724394,29.069540311335118,37.260020960559814,1.7508405616069198,302.59494009015316,97.9397824273375,99.16699449640191,25.475384560469255
171,2153.719744300858,230.8097647028134,5,9,14,32.0,2128.1218734367567,433.88488884760716,2153.719744300858,1.0037614558092536,0.9784198756216327,1.0273714554765332,0.010504738268031662,13.893459128932562,-5.489800146952433,19.383259275884996,25.597870864101424,1.2028385772269137,231.93376613950377,81.93661311954942,55.10777503558263,21.281111957176474
172,2158.0033785273595,257.7563548315611,1,1,2,32.0,2128.1218734367567,433.88488884760716,2158.0033785273595,1.0034791184560248,0.9737149964135279,1.0278431142700712,0.010810512955788725,23.894990278462473,-0.6044912757216707,24.499481554184143,29.881505090602786,1.4041256501135626,259.06791300863335,88.77479518505994,77.97350736690446,22.88671618854345
173,2161.2002933588988,296.8124564799647,1,1,2,33.0,2128.1218734367567,433.88488884760716,2161.2002933588988,1.0021483099425346,0.9733517854933618,1.0256389668641728,0.011447995746925753,11.618366914444039,-15.634706246221754,27.253073160665792,33.078419922142075,1.5543480068048412,216.09188015055003,90.23183125554827,51.627860376242474,23.018676617543274
174,2157.7926076940244,262.25601215367965,6,1,7,32.0,2128.1218734367567,433.88488884760716,2157.792607694025,1.0031043623781044,0.9751517877726193,1.02686866450703,0.010964210696080542,8.369585970830343,-15.519669804156138,23.88925577498648,29.670734257267668,1.3942215729098102,220.5156347429957,88.2026731025718,52.29990733405222,22.61250125723303
175,2163.77983877215,288.815824233719,1,1,2,33.0,2128.1218734367567,433.88488884760716,2163.77983877215,1.0023606079514955,0.9693195636753055,1.0279258437318242,0.011725826698882485,20.54963604266962,-7.896330234063811,28.44596627673343,35.65796533539333,1.6755603041572238,305.9375122057207,96.86676099067145,99.18031692644729,25.02585213113402
176,2163.0647687891947,285.3250708575653,1,1,2,32.0,2128.1218734367567,433.88488884760716,2163.0647687891947,1.0022725358699747,0.9744769725585206,1.0256263501945264,0.010266381865108747,-60.57707269466533,-87.0553825522312,26.47830985756586,34.94289535243797,1.6419593157983863,236.1718147118765,91.27260425111088,99.09237208308362,23.964163068431127
177,2162.7901443801024,314.18419488465327,1,1,2,33.0,2128.1218734367567,433.88488884760716,2162.7901443801024,1.001456613459041,0.9719620032283066,1.0254859378076957,0.011204753756094353,179.9266068010166,152.29516427391354,27.631442527103047,34.66827094334576,1.6290547724768747,257.6457846526682,94.86007804992491,51.529156930533645,24.061696392248617
178,2165.3818943973165,304.2817945339526,9,8,17,33.0,2128.1218734367567,433.88488884760716,2165.3818943973165,1.0020565031537945,0.9695131605659084,1.0356001035845628,0.013482732476626612,58.15799844305951,29.088458131724394,29.069540311335118,37.260020960559814,1.7508405616069198,302.59494009015316,97.9397824273375,99.16699449640191,25.475384560469255
179,2162.255244029671,309.6209253909562,1,1,2,33.0,2128.1218734367567,433.88488884760716,2162.2552440296704,1.0006915562214151,0.971878147136954,1.0237054663895424,0.011743466546696536,115.12771441177841,87.64891277653271,27.478801635245702,34.13337059291416,1.6039199173208691,256.7891979626224,93.6992156434369,57.519448853278924,23.86755532363899
180,2171.353428178729,368.0344109552109,1,9,10,32.0,2128.1218734367567,433.88488884760716,2171.353428178729,0.9989786700740829,0.9704343367573055,1.0211958263221013,0.011506410563466045,4.021405263433081,-29.504422868707024,33.525828132140106,43.231554741972104,2.0314416801776676,255.27405302557688,103.35562720332899,52.540704346687725,26.365211600294153
181,2176.0224780129683,242.32868129049484,1,9,10,32.0,2146.4830025472006,435.61876288876965,2176.0224780129683,1.003419755895396,0.9789867676507265,1.0279767440387164,0.010291616499182504,23.824678214166624,4.554106025222808,19.270572188943817,29.539475465767737,1.3761802646801147,243.6266588713549,89.80242083943135,99.65900164731045,23.75685741313932
182,2171.7524481721175,204.30307576166294,11,15,26,32.0,2146.4830025472006,435.61876288876965,2171.752448172117,1.0035114394395126,0.9757183537905842,1.02821360908257,0.010918430645478787,-154.2118488864494,-175.08120074179993,20.869351855350544,25.269445624916898,1.177248810958671,223.71682606004225,79.53626826829316,99.9982456562377,21.430765817779385
183,2178.6127556104907,297.15578499265905,1,1,2,33.0,2146.4830025472006,435.61876288876965,2178.612755610491,1.0016659113435666,0.9716150458948473,1.024199346339695,0.011346901832420474,30.157999424999105,-0.07753098466719166,30.235530409666296,32.12975306329008,1.4968556948814487,253.44142175037038,91.09355798407277,63.360355437592595,23.242423623498187
184,2181.536532842883,317.4186784859106,1,1,2,33.0,2146.4830025472006,435.61876288876965,2181.536532842883,1.0008754541489508,0.972335061060007,1.023895189266156,0.011259922766702075,9.52138358286706,-19.016827074038105,28.538210656905164,35.05353029568232,1.633068151673449,239.7986839277187,93.94687742584063,54.933729363674644,23.566441043344287
185,2177.8722455285347,293.3660449284577,1,1,2,33.0,2146.4830025472006,435.61876288876965,2177.8722455285347,1.001007424861631,0.9724528559404325,1.0225270890756049,0.011511944108029915,6.186388427259914,-22.82612923579316,29.012517663053075,31.389242981334064,1.462356931971271,269.5200469229706,89.97264364524922,61.07254611655938,23.223113138641974
186,2181.753204955139,320.7442653791155,1,1,2,33.0,2146.4830025472006,435.61876288876965,2181.7532049551396,1.0009795846860492,0.9692729335450453,1.0250803386341547,0.011675021931340781,161.42479365647011,129.66678456350314,31.758009092966972,35.27020240793854,1.6431624366968616,290.0758439310344,99.00706962388405,58.015168786206885,24.781760364505146
187,2177.121364310214,247.9305740230781,1,1,2,32.0,2146.4830025472006,435.61876288876965,2177.121364310214,1.0034044439282561,0.9782489152009882,1.0276068798305251,0.010451685489656602,-37.89756503920313,-58.1385926654343,20.241027626231173,30.638361763013563,1.4273750002518286,209.7571263936758,91.43967569424981,99.1210289781722,23.953472921052253
188,2171.0136665881028,262.37695925982194,1,1,2,33.0,2146.4830025472006,435.61876288876965,2171.0136665881028,1.0039562117625769,0.976388985981479,1.028677638736944,0.010550929586995906,16.073866761978906,-7.8006332692086175,23.874500031187523,24.53066404090214,1.1428305750286376,228.81424476474828,85.40137719941023,45.76284895294966,21.343346097500877
189,2182.6795516417324,321.9157600361297,1,1,2,32.0,2146.4830025472006,435.61876288876965,2182.679551641732,1.0004356849940779,0.971956635790546,1.0225187687671278,0.011611553660673339,17.679229049364835,-14.1910784095069,31.870307458871736,36.19654909453175,1.6863189250312172,236.67404863127817,97.32907871755528,53.856163640231756,24.795928980804064
190,2187.71162203321,325.344922026308,10,9,19,32.0,2146.4830025472006,435.61876288876965,2187.7116220332096,1.0007849280758696,0.9674225654949146,1.0255443048066817,0.01213301846667037,11.86337259136863,-18.964597051784693,30.827969643153324,41.22861948600939,1.9207521996253398,324.24671284858937,105.25284002189775,99.94339316466659,26.997932216564866
191,2173.0390661760184,224.59571505857758,1,1,2,32.0,2146.4830025472006,435.61876288876965,2173.0390661760184,1.0041585386352592,0.9774696320167466,1.0289973905750849,0.010623080557902929,170.04289883920887,147.5544001114281,22.48849872778078,26.55606362881781,1.237189560658254,210.7638185120005,83.27071565113661,90.65968597596395,22.32522181515108
192,2179.1839760665925,286.5912480386303,1,1,2,33.0,2146.4830025472006,435.61876288876965,2179.183976066593,1.0022877128807586,0.9738648452117618,1.0265518770365873,0.010932205719441115,14.70173664851464,-11.042809459320637,25.744546107835276,32.70097351939194,1.5234676203159383,239.60995104047987,91.35500319597023,67.08353921170004,22.895904280997485
193,2175.675768235066,305.1052248618032,1,1,2,33.0,2146.4830025472006,435.61876288876965,2175.675768235066,0.9995343735407544,0.9730734047009423,1.0185727766805868,0.011591952700295272,47.72270603263945,23.75091049277765,23.9717955398618,29.192765687865176,1.3600278061006092,282.19924313640564,90.89425490418948,62.56838712674697,22.729717366541887
194,2181.753204955139,320.7442653791155,1,1,2,33.0,2146.4830025472006,435.61876288876965,2181.7532049551396,1.0009795846860492,0.9692729335450453,1.0250803386341547,0.011675021931340781,161.42479365647011,129.66678456350314,31.758009092966972,35.27020240793854,1.6431624366968616,290.0758439310344,99.00706962388405,58.015168786206885,24.781760364505146
195,2177.121364310214,247.9305740230781,1,1,2,32.0,2146.4830025472006,435.61876288876965,2177.121364310214,1.0034044439282561,0.9782489152009882,1.0276068798305251,0.010451685489656602,-37.89756503920313,-58.1385926654343,20.241027626231173,30.638361763013563,1.4273750002518286,209.7571263936758,91.43967569424981,99.1210289781722,23.953472921052253
196,2181.0350691571675,332.9656873597809,1,1,2,33.0,2146.4830025472006,435.61876288876965,2181.0350691571675,1.0013084175566946,0.9717467219943084,1.0246998767174023,0.011210272524135477,-125.84423002400392,-158.1791622300762,32.33493220607228,34.552066609966914,1.609706043279377,249.27849821464517,96.81900861652757,54.31862917945748,24.184113755281555
197,2179.9089793228864,305.1999438889346,1,1,2,33.0,2146.4830025472006,435.61876288876965,2179.908979322886,1.000849064061379,0.9685842904465959,1.022444396615691,0.011907425031740563,29.493734496021318,1.7296453249450394,27.76408917107628,33.42597677568574,1.557243953761554,320.21724106899046,84.31343582337823,64.04344821379809,21.83573247870935
198,2179.4880094625028,275.05040106259105,1,1,2,33.0,2146.4830025472006,435.61876288876965,2179.4880094625023,1.0027448939129135,0.9719730353204354,1.0270423931017991,0.011700799377644384,28.88082385406699,3.1602944364885275,25.72052941757846,33.00500691530215,1.537631878572324,311.775782089139,88.42216632718367,98.65863780990487,23.07988262681406
199,2175.675768235066,305.1052248618032,1,1,2,33.0,2146.4830025472006,435.61876288876965,2175.675768235066,0.9995343735407544,0.9730734047009423,1.0185727766805868,0.011591952700295272,47.72270603263945,23.75091049277765,23.9717955398618,29.192765687865176,1.3600278061006092,282.19924313640564,90.89425490418948,62.56838712674697,22.729717366541887
200,2171.0136665881028,262.37695925982194,1,1,2,33.0,2146.4830025472006,435.61876288876965,2171.0136665881028,1.0039562117625769,0.976388985981479,1.028677638736944,0.010550929586995906,16.073866761978906,-7.8006332692086175,23.874500031187523,24.53066404090214,1.1428305750286376,228.81424476474828,85.40137719941023,45.76284895294966,21.343346097500877
201,2184.8991166492965,309.535863631029,1,1,2,32.0,2147.4511973637236,434.1293171426703,2184.899116649297,1.0013047094417347,0.9740110389313115,1.023683310768527,0.010411594505952498,28.958994419966047,-1.0775785326970038,30.03657295266305,37.44791928557288,1.743830981190403,285.9634939868689,100.90682774662291,99.93432824349739,25.919356384739775
202,2186.597190179162,363.9599541047202,1,1,2,33.0,2147.4511973637236,434.1293171426703,2186.5971901791618,0.9989484088648561,0.9707838538553978,1.0209672547860447,0.012060131071517686,36.7963162059971,5.036883638751021,31.75943256724608,39.1459928154386,1.8229048866626358,331.90332227574567,100.69594055723098,66.38066445514913,25.600907323775097
203,2175.026188614131,276.5019303933173,1,1,2,33.0,2147.4511973637236,434.1293171426703,2175.026188614131,1.0011736877745134,0.9731491901483431,1.0266092626272894,0.012399139457975859,-16.54766778958964,-42.10771294838651,25.560045158796868,27.574991250407493,1.284079996055761,246.4635552226143,90.71938507205572,56.19215876320373,22.89289618458639
204,2176.254937546801,251.1112001795707,1,1,2,32.0,2147.4511973637236,434.1293171426703,2176.254937546801,1.003263245809067,0.9772734070081739,1.0265355392035251,0.01023966273541704,3.3472367360541284,-21.974836553700584,25.322073289754712,28.80374018307748,1.3412989416680494,249.29484046853844,89.72916240225635,82.59526874536608,23.11585855106723
205,2178.0528660167774,267.00299847219725,1,1,2,33.0,2147.4511973637236,434.1293171426703,2178.0528660167774,1.0024965020622432,0.9815296580404825,1.024785159635771,0.00962281113371182,-13.470942590918924,-33.08603587775323,19.61509328683431,30.60166865305382,1.4250227754009666,265.33433161528984,92.37259405822854,95.85294404931723,24.150484730854142
206,2177.8717304099773,289.501735433057,1,1,2,32.0,2147.4511973637236,434.1293171426703,2177.8717304099773,1.001906753531296,0.9752138503535686,1.025443015196292,0.01100682700850984,128.5651406591611,100.67123059445396,27.893910064707143,30.420533046253695,1.4165878639569955,274.986119712118,93.80961637653587,54.9972239424236,23.56505824860733
207,2175.4402826029386,249.30348784154233,1,1,2,32.0,2147.4511973637236,434.1293171426703,2175.440282602939,1.0031255781373816,0.9800492540722138,1.0256527998430847,0.009777576918352618,117.87365854993004,96.62137440901671,21.252284140913332,27.989085239215,1.3033630414314072,198.5623535201952,88.43429820223746,84.80426651670354,23.070053134196204
208,2168.502172352999,200.98269226239955,12,1,13,32.0,2147.4511973637236,434.1293171426703,2168.502172352999,1.003573690983356,0.9800739308343622,1.0278385457329273,0.009626822864762833,-143.88241813767974,-161.34177628784744,17.459358150167702,21.050974989275346,0.980277224232996,234.0288519185188,75.47160989638151,66.17909236704728,19.842995295861737
209,2169.846979878607,214.96813131692844,1,1,2,32.0,2147.4511973637236,434.1293171426703,2169.846979878607,1.0041786204792362,0.9800574950287522,1.027939833475463,0.010102273396179178,12.460311206097714,-7.581894766108036,20.04220597220575,22.395782514883194,1.0429006508914818,224.3573254397925,78.33452531070986,56.54585106790356,20.405817979017012
210,2174.8592228635844,264.4927788519586,1,1,2,32.0,2147.4511973637236,434.1293171426703,2174.8592228635844,1.0031427234914794,0.9766933151092739,1.027359954144057,0.010700349864320271,12.81143937278992,-13.415265247702251,26.22670462049217,27.40802549986074,1.276304929933107,247.17045877787888,90.63202745946637,53.559008906618956,22.89239635404881
211,2178.95852656777,295.1165759194445,1,1,2,32.0,2147.4511973637236,434.1293171426703,2178.95852656777,1.0018162135735695,0.9740112037374186,1.0256970773189857,0.011104113943961125,71.24350673343969,42.68174627859983,28.561760454839856,31.507329204046528,1.467196518492522,292.80022412298894,96.8029418168666,58.56004482459779,24.279307450453274
212,2169.846979878607,214.96813131692844,1,1,2,32.0,2147.4511973637236,434.1293171426703,2169.846979878607,1.0041786204792362,0.9800574950287522,1.027939833475463,0.010102273396179178,12.460311206097714,-7.581894766108036,20.04220597220575,22.395782514883194,1.0429006508914818,224.3573254397925,78.33452531070986,56.54585106790356,20.405817979017012
213,2175.9419441446935,273.1961476552617,1,1,2,33.0,2147.4511973637236,434.1293171426703,2175.9419441446935,1.0024785643604845,0.9802303940300922,1.0256065597486663,0.010121258705703788,-0.5155145703236599,-21.012979129080094,20.497464558756434,28.490746780969857,1.3267238303690423,260.65978034938087,91.25085612493221,63.56185124439387,23.04306049829141
214,2181.4003091612176,293.77111427453815,1,12,13,33.0,2147.4511973637236,434.1293171426703,2181.4003091612176,1.0025356316945782,0.9750362501379956,1.034710239215538,0.012645657901730677,13.201189319801642,-13.329900238690385,26.531089558492027,33.94911179749397,1.580902599284721,259.05678274383416,96.95292780837234,93.66988856783513,24.86355471249879
215,2177.427014753012,277.5159809743436,1,1,2,33.0,2147.4511973637236,434.1293171426703,2177.4270147530124,1.003049403401908,0.9757961197897437,1.0376776872280131,0.012851518458311485,43.99160508810678,15.265422931890328,28.726182156216453,29.975817389288295,1.395878864492358,266.0629578397907,93.74450562469615,57.943681095315,23.668519396342074
216,2168.502172352999,200.98269226239955,12,1,13,32.0,2147.4511973637236,434.1293171426703,2168.502172352999,1.003573690983356,0.9800739308343622,1.0278385457329273,0.009626822864762833,-143.88241813767974,-161.34177628784744,17.459358150167702,21.050974989275346,0.980277224232996,234.0288519185188,75.47160989638151,66.17909236704728,19.842995295861737
217,2169.6679741427124,212.73041883325047,5,1,6,32.0,2147.4511973637236,434.1293171426703,2169.6679741427124,1.0042704204078998,0.9803683224207599,1.0279000632336202,0.010110719621702121,9.95460105745289,-8.787236039459913,18.741837096912803,22.216776778988788,1.0345649207890162,230.03259611721862,78.20188987055958,58.03523453955509,20.378069001845507
218,2177.987864546411,292.97791788442714,1,1,2,32.0,2147.4511973637236,434.1293171426703,2177.987864546411,1.001799026410515,0.974934212796482,1.0255640719681844,0.010870403813930311,80.5768674372112,52.49211373476476,28.08475370244645,30.536667182687324,1.4219958628244993,268.54388263168534,94.65570425478214,53.97686107239662,23.74829699892748
219,2177.9259853717213,294.45020571111064,1,1,2,32.0,2147.4511973637236,434.1293171426703,2177.9259853717213,1.0017643889998802,0.9752975470113815,1.0253208465328125,0.01085301914747847,166.36028347713966,138.5397332831369,27.82055019400275,30.47478800799763,1.4191143456675248,260.71806022544376,94.7930628987106,55.308545232860226,23.989325137657268
220,2181.4003091612176,293.77111427453815,1,12,13,33.0,2147.4511973637236,434.1293171426703,2181.4003091612176,1.0025356316945782,0.9750362501379956,1.034710239215538,0.012645657901730677,13.201189319801642,-13.329900238690385,26.531089558492027,33.94911179749397,1.580902599284721,259.05678274383416,96.95292780837234,93.66988856783513,24.86355471249879
221,2170.1223044529015,294.43124614884954,1,1,2,32.0,2137.837340559651,435.4437576836023,2170.1223044529015,1.0019989309398951,0.9737710861568606,1.0261702544148412,0.011244624778861732,-127.52502938286341,-155.07433105868563,27.54930167582222,32.28496389325073,1.5101693323776944,278.1866072278223,93.4730713859713,55.63732144556447,23.576535026986733
222,2169.8649233935585,307.3677283321802,1,1,2,33.0,2137.837340559651,435.4437576836023,2169.8649233935585,1.0013452942446028,0.9808354929998752,1.0233611974598575,0.010642071083967244,20.3679265087155,-6.11975269924244,26.48767920795794,32.02758283390767,1.4981300132742268,285.88540576984246,86.60334166981536,57.17708115396849,22.22627200178791
223,2164.6015317920824,235.30516208758917,1,1,2,33.0,2137.837340559651,435.4437576836023,2164.6015317920824,1.0036818600500637,0.9734129283670537,1.0286404015714627,0.011584828732495918,-9.460164935057776,-32.72776424136731,23.267599306309535,26.764191232431585,1.2519283261010474,218.97254576014086,83.75040965350952,73.9859802419886,21.65553219488757
224,2164.5663788565394,240.77656901159554,1,1,2,32.0,2137.837340559651,435.4437576836023,2164.566378856539,1.003692645790123,0.9769072253903487,1.0280955593835355,0.01057643712229711,-145.09917381477385,-170.2544920238808,25.15531820910695,26.729038296888575,1.2502840038284369,239.99912658342967,86.86867804751921,59.3491518154759,22.185209780701665
225,2165.721919332135,253.08309902039048,1,1,2,33.0,2137.837340559651,435.4437576836023,2165.7219193321343,1.0039873571596523,0.9780483265400756,1.0382768117891632,0.012830653839917903,1.6418897505459142,-24.346057008416267,25.98794675896218,27.88457877248402,1.3043358464860706,214.9564707975392,89.70441573990138,60.41976254649306,22.99967406530626
226,2167.0306469977686,262.6169271545425,1,1,2,32.0,2137.837340559651,435.4437576836023,2167.030646997769,1.0030069189519881,0.9764653592753337,1.0270741025744095,0.01066934055026326,19.55468957085813,-5.487934157763561,25.04262372862169,29.193306438117816,1.3655532104456314,248.85700976264252,89.5666433366343,54.219853781214496,22.664524021236076
227,2159.21428976858,202.6909411841406,5,11,16,32.0,2137.837340559651,435.4437576836023,2159.2142897685794,1.0048649145807476,0.9805292008958457,1.0288539992678853,0.010331318229499002,13.288343928412672,-5.492925987701966,18.78126991611464,21.37694920892909,0.9999333814298966,231.52392800914168,75.9312690714331,58.33284542622859,20.06546849754707
228,2167.0306469977686,262.6169271545425,1,1,2,32.0,2137.837340559651,435.4437576836023,2167.030646997769,1.0030069189519881,0.9764653592753337,1.0270741025744095,0.01066934055026326,19.55468957085813,-5.487934157763561,25.04262372862169,29.193306438117816,1.3655532104456314,248.85700976264252,89.5666433366343,54.219853781214496,22.664524021236076
229,2167.4380471440195,274.06392511879824,1,1,2,33.0,2137.837340559651,435.4437576836023,2167.43804714402,1.0032711300075676,0.9798155911481494,1.0268212941607984,0.009871554328922942,15.556184900129495,-9.291283911690272,24.847468811819766,29.60070658436871,1.3846098588875675,207.85227399042597,89.61804615413807,82.45501008059507,23.17463856377226
230,2164.7419505188313,264.86078850839414,1,1,2,33.0,2137.837340559651,435.4437576836023,2164.7419505188313,1.0017436833465503,0.9720742982413847,1.0280071456126205,0.013318833525058414,20.93034942463754,-3.344272120632553,24.274621545270094,26.90460995918056,1.2584965866550621,204.14702263727392,86.12597261855213,57.54631105639404,22.008832233801456
231,2168.9149507724505,287.14317065968555,1,1,2,32.0,2137.837340559651,435.4437576836023,2168.9149507724505,1.0022470460864132,0.9751422912478634,1.0263154422530862,0.011075287672464679,16.26668147246778,-9.902264644164433,26.168946116632213,31.077610212799755,1.4536938626333538,255.37864564383662,92.71741284588138,54.610669522006575,23.52993163246947
232,2169.597550335908,259.5317338477197,1,1,2,32.0,2137.837340559651,435.4437576836023,2169.597550335908,1.0026628736324905,0.981767417654698,1.0245353090822302,0.009822327109629965,134.48956713382682,114.4153038752138,20.07426325861303,31.760209776257398,1.4856233060249147,267.17856442046957,92.4090657358734,98.48364101035115,24.555310054070638
233,2170.7514007480518,300.44544460352864,1,1,2,32.0,2137.837340559651,435.4437576836023,2170.7514007480518,1.0013166144477594,0.9750940387038268,1.0247468904167776,0.011298374415314673,14.075733544592566,-13.415688685574338,27.491422230166904,32.91406018840098,1.539596093862998,250.05567662914223,93.74066640478928,52.8560743316425,23.716511802431313
234,2170.027820063295,298.59571043357005,1,1,2,33.0,2137.837340559651,435.4437576836023,2170.0278200632956,1.001375461971952,0.9749673580475212,1.0249700881210744,0.011454595188325896,39.74162527352638,12.974851164193922,26.76677410933246,32.19047950364438,1.505749707562758,259.3983535030922,93.0911236746801,57.61533628197849,23.59858026607597
235,2158.5389154377885,197.2563473033376,7,7,14,32.0,2137.837340559651,435.4437576836023,2158.538915437788,1.0041333828097916,0.9802059875235101,1.028422432425989,0.010191555536196594,-94.69116038431186,-113.55462911146797,18.863468727156118,20.701574878137762,0.9683419072808612,226.49101272517277,73.79624893543406,59.5786204045849,19.592102072360063
236,2162.6900525122805,212.1104682205485,0,0,0,32.0,2137.837340559651,435.4437576836023,2162.69005251228,1.0009780163625683,0.9778300049343358,1.023447557900217,0.011039245531324017,34.98145665457503,13.777029039483693,21.204427615091333,24.85271195262976,1.1625165058686704,210.9465003897729,79.90075774439866,85.0436847037588,20.95966136410993
237,2164.5663788565394,240.77656901159554,1,1,2,32.0,2137.837340559651,435.4437576836023,2164.566378856539,1.003692645790123,0.9769072253903487,1.0280955593835355,0.01057643712229711,-145.09917381477385,-170.2544920238808,25.15531820910695,26.729038296888575,1.2502840038284369,239.99912658342967,86.86867804751921,59.3491518154759,22.185209780701665
238,2156.0219381688157,289.84957444556727,1,1,2,32.0,2128.914568614271,433.4837446155392,2156.0219381688157,1.0015192660882988,0.9769598294475001,1.0237800721655879,0.010738696861599882,-28.734225860096615,-55.605297138376585,26.87107127827997,27.107369554544675,1.2732953193227052,232.96952336651754,91.29022010788,50.6435120664266,23.11060610666188
239,2155.854452579111,300.8934932962777,1,1,2,33.0,2128.914568614271,433.4837446155392,2155.854452579111,1.0019874185311988,0.976959144724107,1.0245250305126359,0.010760641346508754,5.369488133168289,-19.177321887142057,24.546810020310346,26.939883964839737,1.2654281370423963,224.4332304899642,93.66288956041251,52.82584788825096,23.591035956149035
240,2151.9074915058536,219.88553506594417,0,0,0,32.0,2128.914568614271,433.4837446155392,2151.9074915058536,1.0007888406046128,0.9768896623908907,1.0251306800605215,0.011355155770993369,122.80901469930575,98.76123174293178,24.047782956373965,22.992922891582566,1.0800303229898445,230.82955569164758,82.56576782370888,90.69114510072176,21.66062768771715
241,2158.6075307962465,318.9924505462433,1,1,2,33.0,2128.914568614271,433.4837446155392,2158.6075307962465,1.0009215838182433,0.9756435908452705,1.0237903412639908,0.010694607600389677,40.53783923929464,12.972915900407173,27.564923338887468,29.692962181975417,1.3947465351464443,248.44168529624096,92.42077919954181,51.66380030382498,23.229276506853324
242,2153.1547418714836,263.86456849165603,1,1,2,32.0,2128.914568614271,433.4837446155392,2153.1547418714836,1.0026829434187443,0.978546928944937,1.026551271382853,0.01035503320687096,103.24564871515321,81.63122284834543,21.614425866807778,24.24017325721252,1.1386165332595124,231.67295790237276,90.48903494287647,53.61721157735931,22.99750998263787
243,2157.759653577516,306.0079114894218,1,1,2,32.0,2128.914568614271,433.4837446155392,2157.7596535775156,1.0014457902655005,0.9761307236575654,1.0237676361480577,0.010709823364270414,13.425999199246007,-13.962131266127386,27.388130465373393,28.84508496324497,1.354919797557705,240.9634743106682,94.34864668651619,52.06609690855134,23.699100858087558
244,2151.7387502469287,229.52187917659376,1,1,2,33.0,2128.914568614271,433.4837446155392,2151.7387502469282,1.0029470152417768,0.9763320010916196,1.0315237191749702,0.013764997231675716,-17.278552164082072,-37.81205022103393,20.533498056951856,22.824181632657655,1.0721041590463685,175.54855337902262,80.94022198236084,89.63153852883255,21.412306273516123
245,2158.689703051867,286.666052918351,1,1,2,32.0,2128.914568614271,433.4837446155392,2158.6897030518676,1.0024093193397041,0.9735801945635062,1.027785647101528,0.011115494952044393,41.756385318745316,12.908930896223609,28.847454422521707,29.77513443759608,1.3986063544568148,305.7329798430818,94.02422220696748,68.29192213283888,23.636100015340823
246,2161.490213695,337.38950180800646,1,1,2,33.0,2128.914568614271,433.4837446155392,2161.490213695,0.9998548168356037,0.9739583901819268,1.0186427090988834,0.01100372825174405,13.477082234711702,-26.33929953974402,39.81638177445572,32.57564508072892,1.530152762397257,285.87189501242136,95.75130519592388,65.92530222818563,23.973392606673578
247,2157.53703575006,305.8454618130927,1,1,2,33.0,2128.914568614271,433.4837446155392,2157.53703575006,1.00188428780295,0.974667514686037,1.0245676307042129,0.010981936316397108,4.778835071903302,-22.809737751551125,27.588572823454427,28.622467135789066,1.3444629276232385,255.89112519947764,93.36695648477405,51.82627803427777,23.460879848687053
248,2155.8830362681774,289.7196434024782,1,1,2,32.0,2128.914568614271,433.4837446155392,2155.8830362681774,1.0021091297867917,0.9768464182339104,1.0247134016096615,0.01070037449294267,-0.7852932145832767,-26.44630852072106,25.661015306137784,26.968467653906373,1.266770778475173,232.73727324612904,91.9807421796272,52.39240339586129,23.212977147282636
249,2158.094494093275,268.03057878472373,1,1,2,32.0,2128.914568614271,433.4837446155392,2158.094494093275,1.0031559588279215,0.9753983445541006,1.028820931007551,0.010891266206140296,14.059819851641919,-14.553096829739133,28.61291668138105,29.17992547900394,1.3706480245469599,282.3514689058827,92.3923496640068,92.22222171585385,23.76106772299546
250,2157.396542800779,272.2657658568195,1,1,2,32.0,2128.914568614271,433.4837446155392,2157.396542800779,1.00270145399805,0.9813078207006898,1.02720582320294,0.010094277840723568,9.37231662179994,-11.0285569324802,20.40087355428014,28.48197418650807,1.337863651571854,263.5282207095857,93.57640266855597,84.85903013269449,24.129248647129913
251,2154.9481564004027,293.6558559148998,1,1,2,33.0,2128.914568614271,433.4837446155392,2154.9481564004027,1.0007282189105802,0.9726104571119898,1.0252070165351213,0.01250005409890407,-114.70711777590915,-141.05884556753713,26.35172779162798,26.033587786131648,1.222857326918343,242.54113954041637,92.0462555072692,55.46276275581658,23.381807162838378
252,2157.042209381749,285.3371895419509,1,1,2,33.0,2128.914568614271,433.4837446155392,2157.042209381749,1.0021284185078174,0.9682136732007852,1.0276689203582008,0.01242406508156452,15.679443477028684,-14.99541612272219,30.674859599750874,28.12764076747817,1.321219798208563,254.08652516997412,93.03685126540324,57.13455682912068,24.06465023885389
253,2151.7073160278087,251.21065083302,2,3,5,32.0,2128.914568614271,433.4837446155392,2151.7073160278087,1.0033942518664567,0.9789237113733259,1.0269808533947826,0.010396367512880249,-12.273301931767662,-33.41367503517128,21.14037310340362,22.792747413537654,1.070627621679232,220.8643733550598,85.00920764993297,53.7696401769189,21.91248771881837
254,2157.415635283681,301.1431448749387,1,1,2,32.0,2128.914568614271,433.4837446155392,2157.415635283681,1.0017691922055292,0.9752946142916215,1.02494648459314,0.010782655039342177,-43.79972170489674,-71.31759821378142,27.517876508884683,28.501066669409738,1.338760469282773,259.91036780138825,93.38507226902792,52.61318529105302,23.432190156672586
255,2161.490213695,337.38950180800646,1,1,2,33.0,2128.914568614271,433.4837446155392,2161.490213695,0.9998548168356037,0.9739583901819268,1.0186427090988834,0.01100372825174405,13.477082234711702,-26.33929953974402,39.81638177445572,32.57564508072892,1.530152762397257,285.87189501242136,95.75130519592388,65.92530222818563,23.973392606673578
256,2156.0659237446,278.43229054380186,1,1,2,33.0,2128.914568614271,433.4837446155392,2156.0659237446002,1.0029713285794992,0.9762391952002277,1.0366573993936388,0.01290482051999624,7.321436813549411,-21.840610186744442,29.162047000293853,27.15135513032874,1.275361422699164,251.82058478792862,91.17934072469335,59.93597593753341,23.14967159412863
257,2167.3022915169263,309.9520706605606,1,9,10,33.0,2131.391247570323,431.01933906700157,2167.3022915169267,1.002401427021157,0.9770309955516737,1.026258760616461,0.009752471007817936,16.51077900440322,-9.384731625435904,25.895510629839123,35.91104394660351,1.6848640054959534,224.21576167901912,96.64851620408713,99.69460261261645,24.79781560224932
258,2166.029435502231,295.7042574627612,1,9,10,33.0,2131.391247570323,431.01933906700157,2166.029435502231,1.0024268419948728,0.9716621222919782,1.0270779926529754,0.010884500275818651,12.90498584922139,-16.056423657367475,28.961409506588865,34.638187931908305,1.6251445140067113,285.10591272273433,91.20267985792857,95.7246432777219,23.950392785228015
259,2167.265764412962,329.5250887921925,1,1,2,33.0,2131.391247570323,431.01933906700157,2167.265764412962,0.9997950570753126,0.9781763700622584,1.018593838423933,0.010132738495348204,31.228574901829575,2.6304243130535383,28.598150588776036,35.87451684263942,1.6831502373641885,320.0940937991708,82.98183807672895,69.44537331494449,21.810740875750383
260,2166.049111925379,319.10177180278436,1,1,2,33.0,2131.391247570323,431.01933906700157,2166.049111925379,1.0014569496701498,0.9716956628951353,1.025295394129204,0.010997453012196698,6.488702480542486,-25.746979670134778,32.23568215067726,34.65786435505606,1.6260676867545674,294.4734744136407,98.55414277401673,58.89469488272814,24.904079124224303
261,2165.317589041296,321.73430864372926,1,1,2,33.0,2131.391247570323,431.01933906700157,2165.317589041296,1.0006787208684849,0.9684394564812228,1.0198518278121411,0.012552411918014851,152.03340791750617,118.30850536162495,33.724902555881215,33.92634147097306,1.591746307002403,225.49907947640818,89.41969148748065,55.068265162025156,23.1603765338065
262,2165.041939878576,312.2491399175877,1,1,2,32.0,2131.391247570323,431.01933906700157,2165.0419398785757,1.0016037878280042,0.973366069932527,1.024317579394016,0.010898036874291228,9.18719228471599,-20.342481165650213,29.529673450366204,33.65069230825338,1.5788134790650685,277.1523672485698,95.42180135343872,55.43047344971397,24.21242258405832
263,2168.1772094974563,326.8806398550731,1,1,2,33.0,2131.391247570323,431.01933906700157,2168.1772094974563,1.000661437938189,0.974473968529594,1.020805024305637,0.011006531866330545,-46.56498931344612,-84.39359233332304,37.82860301987692,36.785961927133485,1.7259131550374716,266.67643833094166,95.37055557655465,70.89519650549344,24.164331285322724
264,2156.9792077820857,241.7609404172294,5,9,14,32.0,2131.391247570323,431.01933906700157,2156.9792077820857,1.0035578824156586,0.9790714829251629,1.0266135142275061,0.010250047992800618,37.90559138470485,16.355565215082606,21.550026169622242,25.587960211762947,1.2005285393252842,222.91466310416027,83.04358181225969,53.305621474501585,21.47142734806694
265,2156.9792109354403,241.76096819554522,5,9,14,32.0,2131.391247570323,431.01933906700157,2156.9792109354403,1.0035578697343308,0.9790714704307781,1.0266135153313425,0.010250036818177048,6.974430209152274,-14.57577775681358,21.550207965965853,25.587963365117503,1.200528687273464,222.91464558651467,83.04350623108269,53.305614766686496,21.471411793306952
266,2165.317589041296,321.73430864372926,1,1,2,33.0,2131.391247570323,431.01933906700157,2165.317589041296,1.0006787208684849,0.9684394564812228,1.0198518278121411,0.012552411918014851,152.03340791750617,118.30850536162495,33.724902555881215,33.92634147097306,1.591746307002403,225.49907947640818,89.41969148748065,55.068265162025156,23.1603765338065
267,2164.446644380025,305.05231330233374,1,1,2,32.0,2131.391247570323,431.01933906700157,2164.446644380025,1.001199521393124,0.9744172199078123,1.023602718483078,0.010800674977762992,11.011622276220407,-19.486872190039094,30.4984944662595,33.055396809702415,1.5508835765082494,253.58631931592836,95.14901217932842,50.71726386318567,24.324899034886858
268,2161.988383025334,262.9268452228901,1,1,2,32.0,2131.391247570323,431.01933906700157,2161.9883830253343,1.00362518290682,0.977128923609643,1.0273949315664097,0.009898000668369752,9.189827028099216,-15.45899963687765,24.648826664976866,30.597135455011085,1.4355475790702554,243.7220655085528,90.83214105834907,93.55314601638092,23.498483915201557
269,2164.2430777172017,305.5156898598456,1,1,2,32.0,2131.391247570323,431.01933906700157,2164.2430777172017,1.0018152668033953,0.974158307627496,1.0248386681067325,0.010682203099788394,19.945948218398115,-9.202213463031399,29.148161681429514,32.85183014687891,1.5413326945171761,259.5970720754499,95.29046291004458,52.13370713320992,24.249358823470992
270,2165.5219224519733,337.67502238762194,1,1,2,33.0,2131.391247570323,431.01933906700157,2165.5219224519733,1.0013145776297627,0.9734033533374441,1.024578177416431,0.010570929502489737,25.848697287521958,-6.936027628045224,32.78472491556718,34.13067488165052,1.6013331630482084,266.8553702524304,96.88756558878315,53.37107405048609,24.462006780994788
271,2164.958980208772,325.87635243254897,1,1,2,33.0,2131.391247570323,431.01933906700157,2164.958980208772,1.0000834359762611,0.9736478334380317,1.021629939882738,0.011165967878729711,32.45618719336784,2.7099296457960804,29.74625754757176,33.56773263844934,1.5749212011973326,255.71647418252104,94.39253514613968,63.47022578105158,24.09328258662956
272,2166.1805823647455,337.53739626774797,1,1,2,33.0,2131.391247570323,431.01933906700157,2166.1805823647455,1.0005588817371815,0.9718065593962393,1.0233451765111927,0.0109027006117154,60.867332851400704,30.892847003721243,29.97448584767946,34.78933479442276,1.6322359789213183,304.5333895620386,95.02771910104407,60.90667791240772,24.092581122167964
273,2127.991327163572,239.73653489246436,0,0,0,32.0,2102.5032380598054,430.70981653661227,2127.991327163572,1.0002985941991458,0.9771850991226497,1.0247404555175095,0.011313793523848743,24.099799947079987,2.4589046131396515,21.640895333940335,25.48808910376647,1.2122734767955428,217.0402776906612,84.40592263243248,60.87504153493736,21.339733921764253
274,2127.991327163572,239.73653489246436,0,0,0,32.0,2102.5032380598054,430.70981653661227,2127.991327163572,1.0002985941991458,0.9771850991226497,1.0247404555175095,0.011313793523848743,24.099799947079987,2.4589046131396515,21.640895333940335,25.48808910376647,1.2122734767955428,217.0402776906612,84.40592263243248,60.87504153493736,21.339733921764253
275,2135.1767801109963,308.7486160976103,1,1,2,33.0,2102.5032380598054,430.70981653661227,2135.1767801109963,1.001366155569242,0.9780730337503468,1.024658544655886,0.01079914754807787,18.73167325577296,-8.009789946252766,26.741463202025727,32.67354205119091,1.554030522271258,223.83313880823246,89.75717151865067,54.612769917521796,22.5383226329962
276,2134.4568317112944,322.53660770248433,1,1,2,33.0,2102.5032380598054,430.70981653661227,2134.456831711295,1.0017444334239978,0.9754400138391032,1.0262959579554434,0.010876663037010684,22.219457661867835,-8.351952365190812,30.571410027058647,31.953593651488973,1.5197880827511028,241.53554718220298,94.49415707035288,53.800765909140594,23.616722006069498
277,2138.781477420669,315.00726250335964,10,12,22,33.0,2102.5032380598054,430.70981653661227,2138.781477420669,0.9998283826411895,0.9697980776759167,1.0233706337833206,0.012338857892959035,-0.10259949566068371,-28.971576116588153,28.86897662092747,36.27823936086361,1.725478406127985,315.1087063454151,97.00923776461964,99.88088074918754,25.105872471716964
278,2124.4017150176774,211.79066281644194,5,8,13,32.0,2102.5032380598054,430.70981653661227,2124.4017150176774,1.004915344879082,0.9806471797033623,1.0310735346511395,0.010537576959202755,57.75533066220379,39.04298263362651,18.71234802857728,21.898476957871935,1.0415430788149413,236.06516867264813,77.88830437127656,59.120576707332795,20.720544474111268
279,2133.785371528425,295.44215755307243,1,1,2,33.0,2102.5032380598054,430.70981653661227,2133.785371528425,1.0016485438137714,0.9754117641864513,1.0260465795450373,0.011230041016328499,-41.29966971750173,-68.11600995233758,26.81634023483585,31.282133468619577,1.4878518568887817,235.16948882319952,87.977233480944,53.66458644528694,22.31408129055189
280,2128.290966718603,214.54482969128594,1,1,2,33.0,2102.5032380598054,430.70981653661227,2128.290966718603,1.004907276920147,0.9781720984607541,1.0408643848583679,0.012755403301946378,-33.03484028821032,-54.65492421058043,21.620083922370114,25.787728658797732,1.2265250389147893,249.10945203895784,85.31738548560998,91.89262362905197,23.19440552351039
281,2134.0883052990316,296.1643470461534,1,1,2,32.0,2102.5032380598054,430.70981653661227,2134.0883052990316,1.0010901703550388,0.9758522088410078,1.0239842003152788,0.011371620093279656,-19.428654295026774,-47.606615636761745,28.17796134173497,31.58506723922619,1.5022600996502131,237.96174642962256,92.316775627578,53.17359602087387,23.650434752556315
282,2129.804572307026,258.4881838804599,1,1,2,32.0,2102.5032380598054,430.70981653661227,2129.804572307026,1.0033738144399573,0.975769623639833,1.029358589248137,0.011011512495880964,13.609275949737395,-10.92293405236964,24.532210002107036,27.30133424722044,1.298515681355819,258.8511770102141,89.07706795224904,55.41634230371032,22.602293059614915
283,2132.5231279550467,283.9901576810776,1,1,2,32.0,2102.5032380598054,430.70981653661227,2132.5231279550467,1.002322772641316,0.9759170386644511,1.0269136072519218,0.010978641092853866,16.20858092131195,-9.854705912898794,26.063286834210743,30.01988989524125,1.427816583195547,241.15489980238695,90.93433931851989,54.97394119042739,22.836859434681642
284,2129.804572307026,258.4881838804599,1,1,2,32.0,2102.5032380598054,430.70981653661227,2129.804572307026,1.0033738144399573,0.975769623639833,1.029358589248137,0.011011512495880964,13.609275949737395,-10.92293405236964,24.532210002107036,27.30133424722044,1.298515681355819,258.8511770102141,89.07706795224904,55.41634230371032,22.602293059614915
285,2131.3825954012714,287.2068185061949,1,1,2,33.0,2102.5032380598054,430.70981653661227,2131.382595401272,1.0023780815205512,0.9777734285891051,1.0262742657506896,0.010897648293995959,-9.668485858788756,-33.71668527170522,24.04819941291646,28.879357341465948,1.3735701719116438,236.05231424197441,90.7040914441465,55.22429818036619,22.776251799547165
286,2126.0621480423597,232.67528285095221,1,1,2,32.0,2102.5032380598054,430.70981653661227,2126.0621480423597,1.0041237491254285,0.9799390604803745,1.02921487405343,0.010582809806478946,7.969680537429269,-12.065012119307198,20.034692656736468,23.55890998255427,1.1205171795261768,237.75972871415064,80.6557957853267,56.66483311577073,20.891642929328135
287,2137.1278239893986,326.87449371439595,1,1,2,33.0,2102.5032380598054,430.70981653661227,2137.127823989398,1.0015752882953757,0.9750241744673794,1.0261109931249586,0.011003949915079277,58.79476618024532,25.08805486693251,33.70671131331281,34.624585929593195,1.6468267588279597,257.5514213326847,89.42862349090204,53.45771319993771,22.642348998170934
288,2133.137442330761,280.62671034227697,1,1,2,33.0,2102.5032380598054,430.70981653661227,2133.137442330761,1.0028341104798255,0.9738382959276944,1.029663688175768,0.011189430044552017,166.51930300059462,139.64358728054685,26.875715720047765,30.634204270955706,1.4570348200379,284.5739325731679,92.01049087680799,57.39862533281157,23.160239653086904
289,2134.4568317112944,322.53660770248433,1,1,2,33.0,2102.5032380598054,430.70981653661227,2134.456831711295,1.0017444334239978,0.9754400138391032,1.0262959579554434,0.010876663037010684,22.219457661867835,-8.351952365190812,30.571410027058647,31.953593651488973,1.5197880827511028,241.53554718220298,94.49415707035288,53.800765909140594,23.616722006069498
290,2131.475546997808,262.97412668629215,1,1,2,33.0,2102.5032380598054,430.70981653661227,2131.475546997808,1.0036543590258278,0.977424259173154,1.0299443334198826,0.011023851247480567,22.430513558214926,-0.2906307597598641,22.72114431797479,28.972308938002698,1.3779911685053292,233.89506764734432,87.90177017847087,86.3205810443479,22.57278062609888
291,2123.9576786190173,212.76413190255062,13,15,28,32.0,2102.5032380598054,430.70981653661227,2123.9576786190173,1.0037856795328324,0.9795659776091346,1.0298464100301867,0.010436600296049965,2.155501669579394,-17.20765369838861,19.363155367968005,21.45444055921189,1.0204236631288184,228.4062919063965,76.08140862299172,56.60414032770652,19.959895332844088
292,2133.3443127158985,278.87677488029806,1,1,2,32.0,2102.5032380598054,430.70981653661227,2133.3443127158985,1.0031303740182287,0.9758926362672484,1.029115182886829,0.011062137656520159,20.349571095480798,-3.501810420607029,23.851381516087827,30.841074656093042,1.4668740622037402,257.2385525966294,91.70653046461088,55.273020981201604,22.963253989370724
293,2163.244175372373,327.1199283686001,1,1,2,33.0,2128.467218154802,429.5265883931615,2163.244175372373,1.00050249800703,0.9669501826246935,1.0220438234489406,0.012972343911662469,23.513956857118444,-11.220144412257866,34.73410126937631,34.776957217570725,1.6338967742110377,228.11583598931352,89.67045378485213,48.295298843743,22.892991547845895
294,2151.274063835709,201.1601792017141,5,7,12,32.0,2128.467218154802,429.5265883931615,2151.274063835709,1.0049674312134018,0.9799724143278032,1.0296275079976598,0.010544413084489015,-65.96064573492993,-84.96702744837478,19.006381713444853,22.806845680906918,1.0715150079068867,226.78435304081805,79.71110563434898,59.14801041361729,20.745778469131125
295,2164.3051613716966,269.63646577687797,1,1,2,33.0,2128.467218154802,429.5265883931615,2164.3051613716966,1.0015020049016232,0.9814965432106115,1.0244262594775813,0.010114691532082679,18.583953755540563,-1.053861931711225,19.637815687251788,35.83794321689447,1.683744194470746,435.8754812022455,91.55282977943222,98.70231578741057,24.061222209089788
296,2160.184402735346,242.176282324025,1,1,2,32.0,2128.467218154802,429.5265883931615,2160.1844027353454,1.0029677705848712,0.9762255304762245,1.0260167592502483,0.010556281453603635,8.48911785847912,-17.668319904050122,26.15743776252924,31.717184580543744,1.4901420284987905,269.57013789414486,88.63895317280664,93.72514927859947,22.76630846119019
297,2160.184402735346,242.176282324025,1,1,2,32.0,2128.467218154802,429.5265883931615,2160.1844027353454,1.0029677705848712,0.9762255304762245,1.0260167592502483,0.010556281453603635,8.48911785847912,-17.668319904050122,26.15743776252924,31.717184580543744,1.4901420284987905,269.57013789414486,88.63895317280664,93.72514927859947,22.76630846119019
298,2163.1913450121197,287.8124120198868,1,1,2,33.0,2128.467218154802,429.5265883931615,2163.1913450121197,1.0021192054953096,0.9728902610748394,1.0271175377004969,0.011055852126764,35.66026993025446,4.773732139261057,30.8865377909934,34.724126857317515,1.6314146894599741,292.0406935333518,95.189485432392,69.77522592214545,23.788467766238075
299,2151.2733420185696,202.1526969433917,1,1,2,32.0,2128.467218154802,429.5265883931615,2151.27334201857,1.0047294027129643,0.9795246128908326,1.0294772728535966,0.010586895809887196,15.097174179384183,-4.410103904502677,19.50727808388686,22.806123863767425,1.0714810953742746,221.86290904460276,79.07623553405426,56.19710126744236,20.59584024461919
300,2160.481251780716,284.72639111961024,1,1,2,33.0,2128.467218154802,429.5265883931615,2160.481251780716,1.0025382794393292,0.9742155114190935,1.0280757421976408,0.011195902252791176,7.019949693436615,-21.37616463815823,28.396114331594845,32.014033625913726,1.5040886396017477,282.29130520580355,94.32178073104285,58.5284879998548,23.34912067400837
301,2161.832191055137,294.91147935124485,1,1,2,33.0,2128.467218154802,429.5265883931615,2161.832191055137,1.001827466216521,0.9726717308027646,1.0272450894098588,0.011539923330162767,9.315089657749127,-18.55122863651397,27.866318294263095,33.36497290033503,1.5675586927413236,279.6103002419082,92.19653519317653,55.92206004838164,23.11869843311313
302,2158.7142948149303,281.69807981069016,1,1,2,33.0,2128.467218154802,429.5265883931615,2158.714294814931,0.9999615008473878,0.9742694583752716,1.0204605055838372,0.011715124075005698,16.154484464958216,-8.848977947901261,25.003462412859477,30.247076660128187,1.4210731742605742,311.3316621540276,91.48209390783015,62.26633243080551,22.770217348385085
303,2157.9485856248966,267.0923810121108,1,1,2,33.0,2128.467218154802,429.5265883931615,2157.9485856248966,1.0030979340632635,0.9752071678398511,1.027891131936146,0.011152264464648143,24.392868736825363,-0.9855784797238414,25.378447216549205,29.481367470094483,1.385098498047449,255.8471838164638,90.11339403901083,54.41884685218022,22.725938702134698
304,2152.2855928333533,216.20236188735433,1,1,2,32.0,2128.467218154802,429.5265883931615,2152.2855928333533,1.004235523029938,0.9788282526076723,1.0292155910096876,0.010607171090773535,137.6698955779093,116.79192021189147,20.877975366017836,23.81837467855121,1.1190388311077533,214.72625363531733,82.41701703403346,55.249488909761894,21.245676715691932
305,2160.184402735346,242.176282324025,1,1,2,32.0,2128.467218154802,429.5265883931615,2160.1844027353454,1.0029677705848712,0.9762255304762245,1.0260167592502483,0.010556281453603635,8.48911785847912,-17.668319904050122,26.15743776252924,31.717184580543744,1.4901420284987905,269.57013789414486,88.63895317280664,93.72514927859947,22.76630846119019
306,2163.7547951432675,280.81351507205625,1,1,2,33.0,2128.467218154802,429.5265883931615,2163.7547951432675,1.0025093928545556,0.9723081052130658,1.035842080068687,0.013471570500272133,104.34796321688884,75.07939253836008,29.26857067852876,35.28757698846539,1.657886797009572,306.33080872273393,94.81555341397909,78.95299368238274,23.74285738350002
307,2158.7142948149303,281.69807981069016,1,1,2,33.0,2128.467218154802,429.5265883931615,2158.714294814931,0.9999615008473878,0.9742694583752716,1.0204605055838372,0.011715124075005698,16.154484464958216,-8.848977947901261,25.003462412859477,30.247076660128187,1.4210731742605742,311.3316621540276,91.48209390783015,62.26633243080551,22.770217348385085
308,2163.7547951432675,280.81351507205625,1,1,2,33.0,2128.467218154802,429.5265883931615,2163.7547951432675,1.0025093928545556,0.9723081052130658,1.035842080068687,0.013471570500272133,104.34796321688884,75.07939253836008,29.26857067852876,35.28757698846539,1.657886797009572,306.33080872273393,94.81555341397909,78.95299368238274,23.74285738350002
309,2151.274063835709,201.1601792017141,5,7,12,32.0,2128.467218154802,429.5265883931615,2151.274063835709,1.0049674312134018,0.9799724143278032,1.0296275079976598,0.010544413084489015,-65.96064573492993,-84.96702744837478,19.006381713444853,22.806845680906918,1.0715150079068867,226.78435304081805,79.71110563434898,59.14801041361729,20.745778469131125
310,2157.121123414719,232.05591300276993,1,1,2,32.0,2128.467218154802,429.5265883931615,2157.121123414719,1.0033004855612673,0.977496616791951,1.027535862677248,0.010491302032731145,9.767009546489533,-14.102350403836994,23.869359950326526,28.653905259916883,1.3462225311958222,214.30990640036237,89.95232127126124,80.16126436718889,22.838072402313333
311,2205.3673878275436,218.2925865507141,1,0,1,32.0,2181.5549920669127,443.6847054085754,2205.367387827544,1.0003784955821058,0.9777987661634393,1.0246407085801885,0.011172984885435779,-41.22787195135061,-63.54061000022148,22.31273804887087,23.812395760630807,1.0915331425163741,187.10619326047484,76.59199709123287,99.80824656520355,20.76592076591049
312,2207.145303757842,234.82591033918578,1,1,2,32.0,2181.5549920669127,443.6847054085754,2207.1453037578417,1.0033906685894265,0.9769290855158592,1.0288304850361008,0.010847007463185477,6.824516987315178,-18.280651774581543,25.10516876189672,25.59031169092941,1.1730307869380772,224.36865863387135,81.60473191180579,98.91992954400911,21.920022434137866
313,2210.5402214740916,294.6832338599891,1,1,2,33.0,2181.5549920669127,443.6847054085754,2210.5402214740916,1.0016974251453148,0.9741716187162982,1.0273785060682523,0.01099671327529352,20.625849247953255,-7.839838756019219,28.465688003972474,28.98522940717885,1.3286499543940817,240.7055260665528,90.59941136059311,51.811450250538684,23.03411272381468
314,2211.023293127127,309.7086138350182,1,1,2,33.0,2181.5549920669127,443.6847054085754,2211.023293127127,1.0006038614433967,0.9743508651156169,1.0239171396244062,0.011127546450139419,-19.78599696101574,-48.63697712938202,28.850980168366277,29.468301060214344,1.3507934096263428,227.19379926251784,91.1874744272315,47.91503265466223,23.211847436516425
315,2228.9798533305307,467.1657017366194,1,1,2,33.0,2181.5549920669127,443.6847054085754,2228.97985333053,0.9944116169333145,0.9571695081366753,1.015332269453868,0.0168346831518766,7.715923093415341,-33.78719227022228,41.50311536363762,47.42486126361791,2.173901709380485,281.2955272568591,95.91512066261669,64.32389991705516,25.52420447161481
316,2209.419912167378,274.1025285998419,1,1,2,33.0,2181.5549920669127,443.6847054085754,2209.4199121673773,1.0019170899817027,0.9766759255467801,1.027281235233253,0.011046571993067958,-38.50736935631426,-65.82311734838487,27.315747992070612,27.864920100465042,1.2772962497756906,196.8310747006168,84.55088724487122,77.51802238380414,22.01659708815984
317,2209.4836589510314,294.39960849224036,1,1,2,32.0,2181.5549920669127,443.6847054085754,2209.4836589510314,1.0015094609029904,0.9746883116953744,1.0263805690278334,0.011109126270342289,-58.382043298517445,-85.91379458310355,27.531751284586107,27.928666884118684,1.2802183298463492,218.45190062458138,89.82925226879652,52.980933783681,22.987703059093036
318,2209.5245693959655,293.5904293726687,1,1,2,32.0,2181.5549920669127,443.6847054085754,2209.524569395966,1.0012667248506124,0.975033557880836,1.026259119179335,0.01095433653544512,-72.96731946327225,-100.79401983011996,27.826700366847717,27.969577329052754,1.2820936181192937,212.48694105448016,90.20289127993217,52.08303823593997,22.919608328931137
319,2210.2965007263224,302.35103564705526,1,1,2,32.0,2181.5549920669127,443.6847054085754,2210.2965007263224,1.0011570519414965,0.9744155930757092,1.0252037998316466,0.011356317997154917,22.061389717959543,-5.433390222564782,27.494779940524325,28.741508659409646,1.3174780724724489,223.83606199404716,89.95271139959539,51.50354074219378,22.94952196307094
320,2218.2915290737665,383.69369618901516,1,1,2,33.0,2181.5549920669127,443.6847054085754,2218.2915290737665,0.9980237670670311,0.9764008817634496,1.0186608543466962,0.011441233849205217,-140.95777951179116,-171.99130929715238,31.033529785361225,36.73653700685372,1.6839610800756262,306.16121686012616,91.33408019183216,61.23224337202523,23.65141624940061
321,2203.68804222155,227.9718523598458,1,1,2,32.0,2181.5549920669127,443.6847054085754,2203.68804222155,1.0034143153628068,0.9800659737021105,1.0288908745659466,0.010403716982277156,-109.50489272119958,-128.51727390604142,19.012381184841843,22.133050154637203,1.014553849667904,252.5366116197302,80.44919653639566,74.26893452411142,21.1692777719946
322,2202.7475329178255,229.39404966804042,1,1,2,32.0,2181.5549920669127,443.6847054085754,2202.7475329178255,1.0025751870303625,0.9785638225480366,1.0287509198313574,0.010135382250291305,2.456570605302659,-17.8429147064615,20.29948531176416,21.192540850912792,0.9714419727202904,250.38974190725648,78.24702147809114,60.33261704959519,20.57069812811935
323,2209.7148912001144,258.5363022644882,1,3,4,33.0,2181.5549920669127,443.6847054085754,2209.714891200115,1.0014984781392815,0.973434521784987,1.0303003588717983,0.01315958128326815,26.39766501551179,-0.2285911368937832,26.626256152405574,28.159899133201634,1.2908177531899647,214.4322865673158,82.57407866652363,99.87885255982006,22.039197021982478
324,2211.845125467083,337.40574818183615,1,1,2,33.0,2181.5549920669127,443.6847054085754,2211.845125467083,1.0007499974661895,0.9742559372901213,1.0254454140474163,0.011007258670115325,19.977474228783933,-12.015981059472722,31.993455288256655,30.29013340017036,1.388465269512734,215.97275000957842,92.85114237171524,51.753195077824444,23.49899189749765
325,2209.5245693959655,293.5904293726687,1,1,2,32.0,2181.5549920669127,443.6847054085754,2209.524569395966,1.0012667248506124,0.975033557880836,1.026259119179335,0.01095433653544512,-72.96731946327225,-100.79401983011996,27.826700366847717,27.969577329052754,1.2820936181192937,212.48694105448016,90.20289127993217,52.08303823593997,22.919608328931137
326,2209.5245693959655,293.5904293726687,1,1,2,32.0,2181.5549920669127,443.6847054085754,2209.524569395966,1.0012667248506124,0.975033557880836,1.026259119179335,0.01095433653544512,-72.96731946327225,-100.79401983011996,27.826700366847717,27.969577329052754,1.2820936181192937,212.48694105448016,90.20289127993217,52.08303823593997,22.919608328931137
327,2212.8947506193467,290.5516375329485,1,1,2,33.0,2181.5549920669127,443.6847054085754,2212.8947506193467,1.001848027223934,0.975171356246111,1.0258302366459486,0.011397688642478985,-62.626993846854376,-87.1994555888414,24.572461741987027,31.339758552433977,1.4365788928722418,229.0927064496698,86.31510358500894,97.9197640820345,22.89645164053051
328,2208.8622442559936,258.803509770898,2,1,3,32.0,2181.5549920669127,443.6847054085754,2208.8622442559936,1.0029897203556937,0.9756616703684736,1.0284794128964367,0.011021409742562804,10.23329296276333,-16.549718136099813,26.783011098863142,27.307252189080828,1.2517333868906322,238.91621537450695,86.63980926540737,81.00989564761245,22.49226129585788
329,2210.53509078191,309.8731981825507,1,1,2,33.0,2181.5549920669127,443.6847054085754,2210.53509078191,1.0006381649608194,0.9752286080859109,1.025086009479538,0.01103004356985687,-117.02373337758038,-143.9819104037172,26.95817702613681,28.98009871499744,1.3284147692990431,230.51334178112222,88.26329976086089,51.97603744799781,22.51748217576288
330,2210.2965007263224,302.35103564705526,1,1,2,32.0,2181.5549920669127,443.6847054085754,2210.2965007263224,1.0011570519414965,0.9744155930757092,1.0252037998316466,0.011356317997154917,22.061389717959543,-5.433390222564782,27.494779940524325,28.741508659409646,1.3174780724724489,223.83606199404716,89.95271139959539,51.50354074219378,22.94952196307094
331,2276.7902834256565,248.44338787911494,1,1,2,33.0,2251.4734443599014,458.329674379538,2276.7902834256565,1.0022833436786396,0.9755569201854764,1.023471052733721,0.011126136831197146,-42.06168389624219,-61.75346364049494,19.691779744252756,25.316839065755175,1.124456481117982,190.2407422456915,79.64385820613683,90.68727746117965,20.958601041951642
332,2276.5839445904408,263.10914282383067,2,1,3,32.0,2251.4734443599014,458.329674379538,2276.583944590441,1.0017858441801455,0.9750101445865839,1.0233863758549526,0.011153769739972815,6.253114862621089,-14.417470817352523,20.670585679973613,25.1105002305394,1.1152918677963075,199.39331551468703,84.2293667962583,55.31780290988072,21.59157619493962
333,2274.4858494563637,240.42724525458854,1,1,2,32.0,2251.4734443599014,458.329674379538,2274.4858494563637,1.0021962219136114,0.9755493110329094,1.0241504252605065,0.01104681681007904,51.145937680243264,31.221693939988114,19.92424374025515,23.012405096462317,1.022104220421076,203.72289955864903,78.23948982482128,54.33379626730041,20.363435948326423
334,2280.0056308959283,305.2508453079367,1,1,2,33.0,2251.4734443599014,458.329674379538,2280.0056308959283,0.9994957513539017,0.9718449953826968,1.0153350949835354,0.011644151159379043,46.354906504604514,20.16110326011676,26.193803244487754,28.532186536026984,1.2672672914487226,261.5710869520026,84.93297444420814,65.39277173800065,21.935165502593488
335,2281.462144578169,315.26878673919987,1,1,2,33.0,2251.4734443599014,458.329674379538,2281.462144578169,0.9991510404826093,0.9708277452977709,1.0161010116183151,0.0131768189540275,14.131342997416368,-13.067969537741703,27.19931253515807,29.988700218267695,1.3319588686862591,233.57893975905236,86.99018410137244,49.58259777234089,22.500346161458122
336,2273.941285776525,231.94699323920833,6,1,7,32.0,2251.4734443599014,458.329674379538,2273.941285776525,1.003007974448748,0.9760954139294382,1.0249212998745416,0.011067358989965666,6.140036564887339,-13.137119587938741,19.27715615282608,22.46784141662374,0.9979172293995853,200.79171371049517,75.90514018455856,64.10842621254825,19.89924976388671
337,2278.6433509827184,274.7802327538996,1,1,2,33.0,2251.4734443599014,458.329674379538,2278.6433509827184,1.0018932489766679,0.9738483302797021,1.0329354215084636,0.012892639713556408,3.934743583514148,-19.89614166759395,23.8308852511081,27.169906622817052,1.2067611408377732,211.86045500740366,87.49732534887595,58.61607821650582,22.24076399198364
338,2276.4446679548964,226.92692930267629,1,1,2,32.0,2251.4734443599014,458.329674379538,2276.4446679548964,1.002544483586119,0.9773282378639778,1.0236546701067728,0.01068363383494428,13.050520476860726,-5.62992910997832,18.680449586839046,24.97122359499508,1.1091058461093444,205.75603441948357,76.01928793045764,98.3570308518155,20.575217356053248
339,2275.153396151619,244.79722102942577,0,0,0,32.0,2251.4734443599014,458.329674379538,2275.153396151619,0.9985917926463279,0.9746220322237399,1.0191627879497511,0.011856291989741799,17.09800556069223,-2.0571396777883706,19.1551452384806,23.679951791717485,1.051753546151629,201.58093889313423,80.89299403934156,63.360274383673,20.844060279021225
340,2280.0056308959283,305.2508453079367,1,1,2,33.0,2251.4734443599014,458.329674379538,2280.0056308959283,0.9994957513539017,0.9718449953826968,1.0153350949835354,0.011644151159379043,46.354906504604514,20.16110326011676,26.193803244487754,28.532186536026984,1.2672672914487226,261.5710869520026,84.93297444420814,65.39277173800065,21.935165502593488
341,2277.4924707769583,247.8199470286028,1,1,2,33.0,2251.4734443599014,458.329674379538,2277.4924707769583,1.0014411741648859,0.9736059928513991,1.0227751679136046,0.011767430333360045,179.14712056180463,158.6747353470347,20.47238521476993,26.01902641705692,1.1556443840026807,196.16030323388188,79.99367896143485,95.06905913733186,20.996720955658276
342,2278.755266716908,281.78288476426894,1,1,2,33.0,2251.4734443599014,458.329674379538,2278.755266716908,1.0009656504253972,0.9750000231162591,1.0221225568421801,0.011405573674684486,162.26972697764757,138.86717206582557,23.402554911821994,27.281822357006604,1.211731918284423,202.1984032091843,86.79887375008293,53.173168284352045,22.208367512041647
343,2274.842564216559,234.8530766972547,12,1,13,32.0,2251.4734443599014,458.329674379538,2274.8425642165585,1.0009056878248943,0.9760955928837615,1.023950567762579,0.0102596410816698,-12.521733863399987,-30.042761784539948,17.52102792113996,23.369119856657562,1.0379478343481618,222.72082491324196,78.3491027428294,69.43683225704734,20.366808047009187
344,2276.2266323051786,254.3573300457913,1,1,2,32.0,2251.4734443599014,458.329674379538,2276.226632305179,1.0020501410304552,0.9760193481279998,1.0236028528559717,0.010974249161043422,12.418538167252933,-7.622718578641326,20.04125674589426,24.753187945277205,1.0994217145792091,204.46946794756659,83.30081496707135,60.39242491372831,21.387313490333316
345,2276.5839445904408,263.10914282383067,2,1,3,32.0,2251.4734443599014,458.329674379538,2276.583944590441,1.0017858441801455,0.9750101445865839,1.0233863758549526,0.011153769739972815,6.253114862621089,-14.417470817352523,20.670585679973613,25.1105002305394,1.1152918677963075,199.39331551468703,84.2293667962583,55.31780290988072,21.59157619493962
346,2279.6036733785977,301.0288399502841,1,1,2,33.0,2251.4734443599014,458.329674379538,2279.6036733785977,0.9979820684030095,0.9717888555186639,1.0140117175835792,0.01287453832238089,78.96924662533058,57.43420302961027,21.53504359572031,28.130229018696355,1.2494142042476473,303.07844376711813,78.35364467303863,60.615688753423626,20.273075677860557
347,2286.5977169877915,237.7466133345716,11,7,18,32.0,2265.3967745157515,460.03490813651,2286.5977169877915,1.003018471236141,0.9803732338331166,1.0259271503118124,0.010813500493215982,46.739707798219,28.18601031166409,18.55369748655491,21.20094247203997,0.9358600096255482,201.57238356110602,75.75657157420791,68.60687860492153,20.192357315847563
348,2291.7435478916946,301.35817682829264,1,1,2,33.0,2265.3967745157515,460.03490813651,2291.7435478916946,1.0011627192460704,0.9754019926032356,1.0244570263281285,0.011187106380828149,12.629201859086322,-13.438561782133718,26.06776364122004,26.34677337594303,1.1630092208273266,258.6268268139018,87.58764105262203,63.901485189444074,22.36610767223723
349,2286.637291377417,238.51402146913563,8,1,9,32.0,2265.3967745157515,460.03490813651,2286.6372913774176,1.0029912805030707,0.9802800178306961,1.025908257983352,0.010813835684297843,12.034636313949392,-6.722674722513915,18.757311036463307,21.240516861665583,0.9376069172785827,201.247573982888,75.81850873839173,67.86587474235968,20.097234541523285
350,2289.885511606806,282.2317953275096,1,1,2,33.0,2265.3967745157515,460.03490813651,2289.8855116068057,0.9995198498872341,0.9725435252908491,1.0250668680373702,0.014516770275708588,-4.674754098712526,-28.553318880686533,23.878564781974006,24.488737091054645,1.0809910814095394,228.3673144435579,84.76731381009347,57.09182861088947,21.6940720913187
351,2287.9207899122357,248.01413659851164,1,1,2,32.0,2265.3967745157515,460.03490813651,2287.920789912236,1.0009973563293235,0.979463964595746,1.025372107850138,0.0101640606154149,10.270348321674106,-7.8588468432320155,18.129195164906122,22.524015396484174,0.9942635943453605,201.7062527342655,80.92338851753246,69.66366798742611,21.07649701869714
352,2296.3893961114113,339.76538140656777,1,1,2,33.0,2265.3967745157515,460.03490813651,2296.3893961114113,0.9978263390231051,0.9631389524674987,1.0186702667712575,0.013905332659500235,-123.60191272632363,-150.34140665716387,26.73949393084024,30.992621595659784,1.3680880075537643,235.2792152738726,93.2667123301903,59.88053469790919,23.67490441849953
353,2286.207665302869,234.09638859815303,11,7,18,32.0,2265.3967745157515,460.03490813651,2286.207665302869,1.003437374118558,0.9806586023913885,1.0264539835294753,0.010843296478575666,12.983719012099954,-5.438784330101015,18.42250334220097,20.810890787117387,0.9186422008376832,201.02666567051338,75.16000356563592,67.56939231814064,19.967391104949577
354,2294.9047352952302,302.60691990282425,1,1,2,33.0,2265.3967745157515,460.03490813651,2294.90473529523,1.0001022301398892,0.9752214395323144,1.020677590676469,0.011621929354170028,-50.70544359727322,-76.09657357572544,25.391129978452227,29.507960779478708,1.3025515490895097,274.0915219634094,80.61258264865025,99.55155147492535,21.512700844928407
355,2286.5977169877915,237.7466133345716,11,7,18,32.0,2265.3967745157515,460.03490813651,2286.5977169877915,1.003018471236141,0.9803732338331166,1.0259271503118124,0.010813500493215982,46.739707798219,28.18601031166409,18.55369748655491,21.20094247203997,0.9358600096255482,201.57238356110602,75.75657157420791,68.60687860492153,20.192357315847563
356,2292.4783331138347,303.54496743719267,1,1,2,33.0,2265.3967745157515,460.03490813651,2292.478333113834,1.000947953153978,0.9763413967037213,1.0232888954453305,0.011132348137621902,14.850245341947158,-9.610273848075138,24.460519190022296,27.08155859808312,1.1954443876116156,228.76642537783138,89.2462891373593,56.728534049976375,22.73227214579629
357,2291.4512901038597,253.33073274116205,1,1,2,33.0,2265.3967745157515,460.03490813651,2291.4512901038593,1.0022317788195048,0.9610401441750583,1.0278388269897314,0.013255951181966241,14.753417805092027,-13.118788235262883,27.87220604035491,26.05451558810819,1.1501082671788287,199.24904067161717,83.75510467507219,92.49401359367485,21.930722621016777
358,2286.8132462252283,240.6023673495238,1,1,2,32.0,2265.3967745157515,460.03490813651,2286.8132462252283,1.0029954412748658,0.9801026516640405,1.0259313459591786,0.010831379105933417,20.725996560576107,1.4718310056871928,19.254165554888914,21.41647170947681,0.9453739826240711,192.93564223755786,77.54093229927003,64.94455309013614,20.42971273442033
359,2291.4512901038597,253.33073274116205,1,1,2,33.0,2265.3967745157515,460.03490813651,2291.4512901038593,1.0022317788195048,0.9610401441750583,1.0278388269897314,0.013255951181966241,14.753417805092027,-13.118788235262883,27.87220604035491,26.05451558810819,1.1501082671788287,199.24904067161717,83.75510467507219,92.49401359367485,21.930722621016777
360,2291.1403019182158,261.1740528551061,1,1,2,32.0,2265.3967745157515,460.03490813651,2291.1403019182158,1.0020915071101484,0.9811671998162989,1.0248005296433589,0.01060071333322953,179.38334512249418,-179.6455370968808,359.02888221937496,25.743527402464224,1.136380509236274,211.9800906690553,85.13613750311119,85.73896597868405,22.123747949526788
361,2301.965432403126,358.5277143806659,2,1,3,33.0,2265.3967745157515,460.03490813651,2301.9654324031267,0.9975814341351944,0.9775549900823925,1.0160794243334428,0.01170705718117389,13.741945095559316,-12.828562189244451,26.570507284803767,36.568657887374684,1.6142275074613168,301.0562080830085,97.05702057483398,99.16508264520303,26.21459625637263
362,2293.244067890251,305.3863977975033,1,1,2,32.0,2265.3967745157515,460.03490813651,2293.244067890251,1.0007924756678772,0.9762081621287066,1.0227081254784736,0.011278394306357999,8.064101371744641,-16.546932254518367,24.61103362626301,27.84729337449926,1.229245741309571,226.36759468204116,90.8110787420012,59.22496853295054,23.255768748815488
363,2291.707434322395,282.7027090821827,1,1,2,33.0,2265.3967745157515,460.03490813651,2291.707434322395,1.0017472125321538,0.9737672468565374,1.0305371380958053,0.012843281526836104,12.262474171059125,-10.336302974379578,22.598777145438703,26.310659806643343,1.1614150820121776,204.89352937787348,86.80382889010336,70.26861992723676,22.46652913023475
364,2289.2460687711537,254.24989460449217,1,1,2,33.0,2265.3967745157515,460.03490813651,2289.2460687711537,1.0022867376072082,0.9786152694745374,1.0261342170547494,0.010932759619992013,11.6082613244171,-10.262248273071378,21.87050959748848,23.84929425540213,1.0527645542578352,204.73200431302024,82.37907019497558,87.2990672929485,21.60414236648516
365,2250.7473740579044,222.80655937161956,11,7,18,32.0,2230.2235900775404,456.1749083483004,2250.7473740579044,1.0036808180000032,0.9777479193010936,1.0272781627062257,0.011168242009775483,2.628345353114554,-15.54418590795811,18.172531261072663,20.523783980363987,0.9202567882285927,219.03542319797134,73.65050347936258,62.93226870968449,19.66320437694468
366,2256.9188340970613,290.20759053312236,1,1,2,32.0,2230.2235900775404,456.1749083483004,2256.9188340970613,1.0013466634363952,0.9732102017316581,1.02465452489092,0.011465709353599678,-2.740781451045933,-26.26391219356671,23.523130742520777,26.695244019520942,1.196976130029761,226.5663874707109,87.81228857810791,56.99334047900157,22.312813805904195
367,2257.2987478460673,299.247880587437,1,1,2,32.0,2230.2235900775404,456.1749083483004,2257.2987478460677,1.000703040234342,0.9731633835418221,1.0235852511700516,0.01154185830726234,23.26681655559986,-0.42196321801316117,23.68877977361302,27.07515776852688,1.2140109130307213,217.9878654158909,89.54005592839178,55.06263023872053,22.76238298838251
368,2255.761105921313,254.56422595728455,1,1,2,32.0,2230.2235900775404,456.1749083483004,2255.761105921313,1.0022212753921187,0.9764819573882416,1.0256708405762733,0.011074765843384501,-50.67237636948579,-71.48226768487146,20.80989131538567,25.53751584377278,1.145065273158773,202.6469917187929,84.0171637535373,82.53617985292964,21.767088060134142
369,2259.4651341028207,311.28128640858824,1,1,2,33.0,2230.2235900775404,456.1749083483004,2259.4651341028207,1.0008136459548989,0.9688610541222211,1.030670778185921,0.013804325599497234,10.447041391138299,-17.140349354872114,27.587390746010414,29.24154402528029,1.311148539338319,216.06227883866634,90.24337167732419,59.464907467698104,22.999247275018153
370,2256.6806013880446,257.08984692267285,1,1,2,32.0,2230.2235900775404,456.1749083483004,2256.6806013880446,1.0021798529313293,0.9733012892361256,1.025921671453805,0.011587521613249155,85.39016590711657,61.09804911814865,24.292116788967917,26.457011310504186,1.1862941199354962,227.6082572528301,83.88773223708716,92.9260183892596,21.95984696503926
371,2265.815932018094,347.8951623345285,1,1,2,33.0,2230.2235900775404,456.1749083483004,2265.815932018094,0.9981457941181991,0.9713349238987047,1.0164123502520765,0.012125643775282283,11.902823798115463,-16.375629632755363,28.278453430870826,35.592341940553524,1.59590913211155,247.66640386333458,95.51109888341024,98.22701994237842,25.61960519309387
372,2256.2099730699356,264.0156515896856,1,1,2,33.0,2230.2235900775404,456.1749083483004,2256.209973069935,1.0019634766933756,0.9769935792120507,1.0252322746950333,0.010972862683031702,10.976382642277429,-8.898702146676214,19.875084788953643,25.986382992395193,1.1651918268648436,206.68674242446463,83.69010025576141,84.05980890048326,21.76903506431829
373,2258.1506683587168,308.2810624555842,1,1,2,33.0,2230.2235900775404,456.1749083483004,2258.1506683587168,0.9998187488469545,0.9721830142933421,1.0171971593553362,0.011763517223822281,12.872386787392855,-14.223170390873548,27.095557178266404,27.927078281176364,1.2522097966063301,264.1070284154258,84.68915384300648,66.02675710385645,22.086023034618876
374,2252.098869211013,233.51443459879866,12,1,13,32.0,2230.2235900775404,456.1749083483004,2252.0988692110127,1.001395020400608,0.9768144895515979,1.0262552227128372,0.010503276520126018,-79.43279375818383,-97.13999621339065,17.70720245520681,21.87527913347276,0.9808558761012925,227.95871697913873,78.79422399317946,64.59291772107105,20.666347308259052
375,2252.4941181416175,236.36115523525743,10,7,17,32.0,2230.2235900775404,456.1749083483004,2252.4941181416175,1.0026207403784537,0.9770909819743683,1.0263886315353086,0.011062278261261297,12.385817484150294,-5.883276244122044,18.26909372827234,22.270528064077098,0.9985782664644309,226.21184617441895,80.02762957840326,64.21966926660157,20.91233950622078
376,2252.4941181416175,236.36115523525743,10,7,17,32.0,2230.2235900775404,456.1749083483004,2252.4941181416175,1.0026207403784537,0.9770909819743683,1.0263886315353086,0.011062278261261297,12.385817484150294,-5.883276244122044,18.26909372827234,22.270528064077098,0.9985782664644309,226.21184617441895,80.02762957840326,64.21966926660157,20.91233950622078
377,2251.3999985193855,231.30961215336245,1,1,2,32.0,2230.2235900775404,456.1749083483004,2251.3999985193855,1.0032032892142846,0.9769930625764588,1.0268319572300773,0.011153245346452395,11.538912876346615,-7.598519680722347,19.137432557068962,21.17640844184507,0.94951952513016,208.19544389982397,75.81204189516036,60.80502331861811,20.07142200109715
378,2255.417138323997,278.0887900738637,1,1,2,33.0,2230.2235900775404,456.1749083483004,2255.417138323997,1.001557667472112,0.9739731571204133,1.025350161023981,0.011444129214632606,62.46411690914567,39.67827550229839,22.785841406847283,25.19354824645643,1.129642263607323,205.07829257275486,83.20111568107669,54.35992568944257,21.42694364852278
379,2257.2987478460673,299.247880587437,1,1,2,32.0,2230.2235900775404,456.1749083483004,2257.2987478460677,1.000703040234342,0.9731633835418221,1.0235852511700516,0.01154185830726234,23.26681655559986,-0.42196321801316117,23.68877977361302,27.07515776852688,1.2140109130307213,217.9878654158909,89.54005592839178,55.06263023872053,22.76238298838251
380,2262.325086092768,307.3736065236648,1,1,2,32.0,2230.2235900775404,456.1749083483004,2262.325086092768,1.0006927040061842,0.9730678900889073,1.0234571740959042,0.011551350893123782,12.66420324708605,-12.128834592398078,24.79303783948413,32.10149601522744,1.439384649953924,219.18818305605808,92.99722974038394,96.52916311836333,24.163562895052372
381,2251.1178097645325,226.69415603223842,11,7,18,32.0,2230.2235900775404,456.1749083483004,2251.117809764533,1.0032635372661234,0.9773893450162986,1.0268143108889014,0.011123656265007005,13.540801234212694,-4.830957952871728,18.37175918708442,20.894219686992074,0.9368665895183014,219.8189561935812,74.01202010331689,63.21310289991221,19.697108407184313
382,2251.1178097645325,226.69415603223842,11,7,18,32.0,2230.2235900775404,456.1749083483004,2251.117809764533,1.0032635372661234,0.9773893450162986,1.0268143108889014,0.011123656265007005,13.540801234212694,-4.830957952871728,18.37175918708442,20.894219686992074,0.9368665895183014,219.8189561935812,74.01202010331689,63.21310289991221,19.697108407184313
383,2257.4720892649675,305.5792224101425,1,1,2,33.0,2230.2235900775404,456.1749083483004,2257.4720892649675,1.0004293140325975,0.9697299090984023,1.0201570345966713,0.01283765902188939,13.637301028096232,-14.730940542705952,28.368241570802184,27.248499187427115,1.2217832915344482,195.128331349208,83.98414565146606,50.73779256464847,21.914090486969037
384,2240.047493975165,310.1686809377645,1,1,2,33.0,2209.0848542480726,452.94406578537036,2240.047493975165,1.001168559387809,0.9748873570306089,1.0224839375585129,0.010775243234558989,34.18640793633901,0.9967875085555136,33.189620427783495,30.96263972709221,1.401604816924575,250.53278343415943,84.0014597314502,61.34676821540026,21.565891061663105
385,2235.245582141621,235.3321602436902,1,1,2,33.0,2209.0848542480726,452.94406578537036,2235.245582141622,1.0023160025630669,0.9797788548061437,1.0230532949774735,0.010210956358190703,-19.63155325182194,-40.56951328368237,20.937960031860428,26.160727893548483,1.1842337266149543,211.15426489475593,76.06377260790251,99.74088599672733,20.683325067144597
386,2235.2200149599566,252.1794912470916,1,1,2,32.0,2209.0848542480726,452.94406578537036,2235.220014959957,1.0022575744085638,0.977040558691133,1.023246544475365,0.010599954806254797,66.37186277312622,43.00867663485499,23.36318613827123,26.135160711884055,1.1830763613098028,219.48962850389555,85.44111954989503,70.37838740735275,21.905288674814905
387,2235.1630731595715,255.36247315243116,1,1,2,32.0,2209.0848542480726,452.94406578537036,2235.1630731595715,1.0021400459672505,0.9768394068062978,1.0231640970338358,0.010676880518536533,-6.82242963168585,-31.19371526728949,24.37128563560364,26.07821891149888,1.180498741881754,209.94715237024266,83.69818881694559,72.59179016754582,21.982340972849528
388,2235.521131188235,259.243755722314,1,1,2,33.0,2209.0848542480726,452.94406578537036,2235.5211311882344,1.002158971181939,0.9777265221148085,1.0230230797291835,0.01039876550764002,13.090607630733444,-12.206870184715001,25.297477815448445,26.436276940162315,1.196707174435845,209.03419582345362,82.91365539149746,71.33737713759672,21.268108774700668
389,2236.824732696665,247.01386600364742,1,1,2,32.0,2209.0848542480726,452.94406578537036,2236.8247326966643,1.0022840666461472,0.9796115099071238,1.0229039637532111,0.010195703465588176,-74.75236620849978,-96.65959588674082,21.907229678241038,27.739878448592208,1.25571810404876,225.11719058691781,80.71658697724388,95.26135586765425,21.581370989830333
390,2237.241242689958,285.69817439500974,1,1,2,32.0,2209.0848542480726,452.94406578537036,2237.241242689958,1.001110333034931,0.9752259526082875,1.0221175472732698,0.011036143033439366,13.17356220388831,-11.922405217098458,25.095967420986767,28.15638844188561,1.274572517562684,227.8716010280814,88.51631763314865,53.12807480849365,22.54293738677583
391,2236.657181503029,275.7593695845358,1,1,2,32.0,2209.0848542480726,452.94406578537036,2236.657181503029,1.001597110429903,0.9736403839195977,1.0234078646791853,0.010993045784326997,14.571920536904372,-12.869486532359389,27.44140706926376,27.572327254956235,1.2481334613260608,254.40912764533815,88.98666412109156,55.92148017380848,22.56618494109251
392,2238.202196364876,294.5073744094647,1,1,2,32.0,2209.0848542480726,452.94406578537036,2238.2021963648763,1.0008888760121544,0.9741526241723162,1.0216554938107572,0.011363617593016911,26.296873644700668,1.1801961983122737,25.116677446388394,29.11734211680323,1.3180725973839595,242.96571906927517,90.0804755754368,52.61495879613579,22.845913408937612
393,2240.6562334076903,275.15367449588484,1,1,2,32.0,2209.0848542480726,452.94406578537036,2240.6562334076903,1.001175076495144,0.9797413105080369,1.0207388999565254,0.010365360000297912,-67.70966462724783,-87.66656399176006,19.956899364512225,31.571379159617663,1.4291609984517284,252.3053903793396,88.93990945960762,99.59643642280662,23.866764817147214
394,2230.1335598908654,217.30347741775205,12,1,13,32.0,2209.0848542480726,452.94406578537036,2230.133559890866,1.0021130495751729,0.978879841174811,1.0240154292996235,0.010007634748258373,9.449204773803473,-8.663760172785572,18.112964946589045,21.04870564279281,0.9528246777083337,236.54592121253248,73.74905490684242,62.43454866042559,19.51301580870576
395,2235.521131188235,259.243755722314,1,1,2,33.0,2209.0848542480726,452.94406578537036,2235.5211311882344,1.002158971181939,0.9777265221148085,1.0230230797291835,0.01039876550764002,13.090607630733444,-12.206870184715001,25.297477815448445,26.436276940162315,1.196707174435845,209.03419582345362,82.91365539149746,71.33737713759672,21.268108774700668
396,2236.995730449727,280.74699541342807,1,1,2,32.0,2209.0848542480726,452.94406578537036,2236.995730449727,1.0013193244354575,0.9765916446201357,1.022179885059929,0.010761444760538532,23.631235428340005,-0.7025895505281028,24.33382497886811,27.910876201654446,1.2634587642924535,217.3158237352375,88.43694905147467,56.14633883174206,22.839012217276803
397,2234.8810087811835,253.99104516307372,1,1,2,33.0,2209.0848542480726,452.94406578537036,2234.8810087811835,1.0025511037911867,0.9777442766174996,1.0233660576382213,0.010637416926595544,25.967388034372334,4.027779155772123,21.93960887860021,25.796154533110894,1.167730360538431,207.13480977223298,82.2379242105952,68.69079420062317,21.33762164362843
398,2235.5962264506898,235.1770687460351,1,1,2,32.0,2209.0848542480726,452.94406578537036,2235.5962264506898,1.0024364203276688,0.980254535652913,1.0225217269603901,0.010339169185088188,78.00821664971261,59.16808898388615,18.840127665826458,26.511372202617167,1.200106557773721,232.9310150770874,80.0125357893769,97.71916570120375,21.636868170871093
399,2236.995730449727,280.74699541342807,1,1,2,32.0,2209.0848542480726,452.94406578537036,2236.995730449727,1.0013193244354575,0.9765916446201357,1.022179885059929,0.010761444760538532,23.631235428340005,-0.7025895505281028,24.33382497886811,27.910876201654446,1.2634587642924535,217.3158237352375,88.43694905147467,56.14633883174206,22.839012217276803
400,2235.549615843177,257.24868020006454,1,1,2,33.0,2209.0848542480726,452.94406578537036,2235.549615843177,1.0018707919369445,0.9796470997567932,1.0219379071719543,0.010264398559394136,5.2202992563157125,-15.129852207040983,20.350151463356696,26.46476159510439,1.1979966067945569,226.6667623195178,78.7870560109771,95.40468110612025,21.3722845752134
401,2247.408662040758,332.061548128882,11,18,29,33.0,2209.0848542480726,452.94406578537036,2247.408662040758,0.9996907967259379,0.9712003043768535,1.0181714338932775,0.012342165153828483,13.73835083618576,-13.68955805077701,27.42790888696277,38.32380779268533,1.7348273299230044,249.71596019123652,89.84206689543021,99.89649602576942,23.79363300811686
402,2232.539478259821,242.38240192367886,1,1,2,32.0,2209.0848542480726,452.94406578537036,2232.539478259821,1.0028836571261768,0.9777983936934045,1.0243394418278973,0.010640567285026499,-1.9595656125234768,-25.159494150779977,23.1999285382565,23.454624011748365,1.061734861232021,216.9798923568031,79.88790421632197,54.20566107038024,20.83303611137244
403,2237.952258353236,292.4085514652336,1,1,2,32.0,2209.0848542480726,452.94406578537036,2237.952258353236,1.0009452349098789,0.9748498893495164,1.021807516609314,0.011102459706507955,147.809196415989,122.22589195768091,25.583304458308078,28.867404105163587,1.30675850000291,229.08119165833023,89.22561467806914,54.57142678225282,22.686502655244677
404,2193.365909564172,220.83537907067273,10,7,17,32.0,2171.451861665736,443.15107628496844,2193.365909564172,1.003828873779631,0.9801594630646375,1.0296162964238311,0.01070070057866882,177.69147824872994,158.2829616734117,19.40851657531823,21.91404789843591,1.0091887499465675,226.78178756592274,78.33515919122391,66.0498441355335,20.519640620390305
405,2203.718666076688,287.6283138740758,1,1,2,33.0,2171.451861665736,443.15107628496844,2203.718666076688,1.0018709416889766,0.9756520675688704,1.026006315496923,0.01134802025169544,13.856149855021584,-13.569370697803492,27.425520552825077,32.26680441095186,1.485955317756838,251.6872486769596,90.73552922509619,96.0102324345391,23.542083797529763
406,2200.3229044336977,284.33193894728197,1,1,2,33.0,2171.451861665736,443.15107628496844,2200.3229044336977,1.0018974685322755,0.9695482215595915,1.0284116206887888,0.012652587238847197,97.66544636556614,67.36562850916505,30.29981785640109,28.871042767961626,1.3295732352000862,241.41457126909978,90.4830776265373,57.12309600340515,23.370684520902866
407,2197.824342742152,250.48778415618645,1,1,2,32.0,2171.451861665736,443.15107628496844,2197.8243427421517,1.0031316075587835,0.9772898733849402,1.028997627051778,0.010905678298334876,47.73703465859046,22.350211816845956,25.386822841744504,26.37248107641608,1.2145091282928815,222.31339364617128,85.30766663857008,74.99691007448709,21.980318723789377
408,2205.523234967418,319.74274160071,1,1,2,33.0,2171.451861665736,443.15107628496844,2205.5232349674184,1.001078052653779,0.9685190227474095,1.0324834043921616,0.013793813801128436,-17.068668067538795,-49.6906106397754,32.621942572236605,34.07137330168189,1.569059572683573,253.48332198767577,91.84508898665598,58.291337323625626,23.204899695959323
409,2203.027664628235,311.44134999052477,1,1,2,32.0,2171.451861665736,443.15107628496844,2203.027664628235,1.0004422932110861,0.9751787475706891,1.0233739946822782,0.011591189026405562,32.26786387637327,3.3788974110154584,28.88896646535781,31.575802962498983,1.4541332239470859,230.615842693038,90.6918993539922,52.42710094910842,23.06837873194443
410,2197.779943472309,266.90654341406383,1,1,2,32.0,2171.451861665736,443.15107628496844,2197.7799434723092,1.0027442131587143,0.9765306716625655,1.0283049094924621,0.010979550003960715,20.800041656987617,-5.44938663691687,26.249428293904487,26.328081806572754,1.212464447007188,223.4023830574791,87.54585644055126,54.942910989466775,22.525741672214934
411,2201.3372962281437,301.911550429639,1,1,2,33.0,2171.451861665736,443.15107628496844,2201.3372962281437,1.0007599546785488,0.9752744607377436,1.0240569468915652,0.0114429918889848,-11.331131366821808,-40.64912558349462,29.317994216672815,29.88543456240768,1.3762881457331664,246.44061454347903,87.98400117162744,60.34584252335189,22.657027849708424
412,2207.736497446822,343.4631365856356,1,1,2,33.0,2171.451861665736,443.15107628496844,2207.736497446822,0.9992538565820684,0.9661811039573376,1.0213187972216444,0.013003527056487555,61.749214335552836,29.758876791264953,31.990337544287883,36.28463578108585,1.670985041006235,258.11832685506124,80.57726696070334,85.68276429447167,21.511789439306476
413,2194.2990339065113,246.4232864166414,1,1,2,33.0,2171.451861665736,443.15107628496844,2194.2990339065113,1.0021483766100225,0.9740038175838912,1.0304897140018867,0.013709337166162487,137.65112680122706,113.83099890102142,23.820127900205648,22.847172240775308,1.0521611205900314,179.96194236487477,79.16673985277707,54.79585466859298,20.439482252419616
414,2198.14496189953,249.74570895381902,1,1,2,32.0,2171.451861665736,443.15107628496844,2198.14496189953,1.0032003752407346,0.9769333964832453,1.0286340420338616,0.011142583951401271,12.04325551671809,-12.046817166806647,24.09007268352474,26.693100233793757,1.2292743258566778,231.57897900904052,85.6819938687828,81.69571520640551,22.173367592548264
415,2200.3999556618264,298.94359556658753,1,1,2,33.0,2171.451861665736,443.15107628496844,2200.3999556618264,0.9995855060163663,0.9742601130703927,1.02026806161856,0.012162253367807293,19.756339782306526,-6.6755655809523375,26.431905363258863,28.948093996090392,1.333121608962775,245.56476868867333,85.04221909616135,50.426499494768485,21.658002150862824
416,2194.1055374964144,205.47481871937,0,0,0,32.0,2171.451861665736,443.15107628496844,2194.1055374964144,1.0006694991870317,0.97763347789963,1.025071705801696,0.01163142145209534,9.546208192531395,-12.119681453048202,21.665889645579597,22.653675830678367,1.0432501972804764,208.24526266250425,77.53531060323621,97.17221614985651,20.79335684770994
417,2204.0751023798102,319.264921865024,1,1,2,32.0,2171.451861665736,443.15107628496844,2204.0751023798102,1.000880702568886,0.9720527539690618,1.0257383316280135,0.011603070588497503,41.821925744840655,12.846157806965039,28.975767937875617,32.6232407140742,1.5023699714461403,286.2123118950708,94.09104334567323,57.24246237901416,23.640866126490565
418,2196.879300219509,244.51162107018826,1,1,2,33.0,2171.451861665736,443.15107628496844,2196.879300219509,1.003317138357338,0.9804083508432774,1.0287408306773604,0.010572331975512064,14.947859659883136,-7.055116764359866,22.002976424243002,25.427438553772845,1.1709878999697132,196.53380518390026,79.98961446757788,95.70487478646795,21.404340211516388
419,2192.677665474809,218.7836609521691,1,1,2,32.0,2171.451861665736,443.15107628496844,2192.677665474809,1.0046109642675753,0.9797397125921385,1.030384623173358,0.010894902575713867,-109.84955012445135,-130.68953083329805,20.839980708846696,21.225803809073113,0.9774936384171394,213.03230593293324,76.61545151440961,59.79771008328798,20.215301820319517
420,2202.0245840270195,305.1729252838301,1,1,2,32.0,2171.451861665736,443.15107628496844,2202.02458402702,1.0014313144130462,0.9737839984127228,1.0257492160186523,0.011532850737335286,13.798027690487658,-13.672297895484121,27.47032558597178,30.572722361283468,1.4079392180414683,260.76947860156514,91.8683785503185,52.153895720313024,23.169237427144896
421,2200.3999556618264,298.94359556658753,1,1,2,33.0,2171.451861665736,443.15107628496844,2200.3999556618264,0.9995855060163663,0.9742601130703927,1.02026806161856,0.012162253367807293,19.756339782306526,-6.6755655809523375,26.431905363258863,28.948093996090392,1.333121608962775,245.56476868867333,85.04221909616135,50.426499494768485,21.658002150862824
422,2200.736083570835,299.96435690089396,1,1,2,33.0,2171.451861665736,443.15107628496844,2200.7360835708355,1.0007222939084983,0.9745774166056096,1.0248922773981335,0.012002385796556478,32.1932307803402,5.596579964103768,26.596650816236433,29.284221905099002,1.3486010176912173,236.9853661246284,89.65735380942276,56.63967847888496,22.7755085602509
423,2202.292590750245,309.13314768825853,1,1,2,33.0,2171.451861665736,443.15107628496844,2202.292590750245,1.001032853466561,0.9746640199297107,1.0259297466441988,0.011198035213259544,-26.41119476843329,-53.252990294924714,26.841795526491424,30.840729084508894,1.4202815005464018,249.02346217749937,90.67893027958125,52.25128478297901,22.894229113984125
424,2157.848108299747,206.10294905049443,8,7,15,32.0,2138.7002957702343,432.8208295576116,2157.848108299747,1.0035145632300775,0.9775521763686902,1.0283416589913172,0.01075213588228391,21.293447921091,1.7192551677582628,19.57419275333274,19.14781252951252,0.8953013457463708,204.37233438865155,72.56754677232435,56.21566567698532,19.16492617709112
425,2159.9582387732567,219.058043750649,1,1,2,32.0,2138.7002957702343,432.8208295576116,2159.9582387732567,1.0037982666966456,0.9778877122684605,1.0285588709572595,0.010827015031312082,-3.469477906389244,-22.676082680743093,19.20660477435385,21.25794300302232,0.993965496010111,216.08587681090526,78.19691699251575,60.68075536224106,20.340947329778185
426,2169.7214219366865,345.44601884573007,1,1,2,33.0,2138.7002957702343,432.8208295576116,2169.721421936687,1.0008783602970814,0.970153636363218,1.025265845849815,0.011441315784514176,16.373859936404898,-19.542495217491478,35.916355153896376,31.021126166452177,1.4504662587742425,236.44338833592477,95.47435890323527,53.12015845703749,23.941413097163323
427,2173.9149053480924,309.4980906511435,1,9,10,32.0,2138.7002957702343,432.8208295576116,2173.9149053480924,1.0014013393433108,0.9729073015184538,1.0253249421478245,0.01128477760079172,72.99337693695975,45.47422391475601,27.51915302220374,35.21460957785803,1.6465425121744697,237.07479253353915,96.47470319622165,99.92494768588288,24.883212909743634
428,2166.778104568865,254.45866396983712,1,1,2,32.0,2138.7002957702343,432.8208295576116,2166.778104568865,1.0028047585348052,0.9754467951904019,1.0271413234370816,0.011007441920384765,18.380980404897514,-5.455000541954206,23.83598094685172,28.077808798630485,1.3128444810224569,219.71653457053804,86.78108471716062,93.33291272680708,22.490632786537947
429,2164.7329497111405,280.5688916997919,1,1,2,33.0,2138.7002957702343,432.8208295576116,2164.7329497111405,1.0028290230931292,0.973181044977061,1.0287562873462943,0.011530835389536307,17.968505074024392,-8.417258017826782,26.385763091851175,26.03265394090613,1.2172184196351221,237.62168458505232,87.86712371315441,51.91336020866998,22.18586471270544
430,2158.9451550502104,216.86465877605002,2,1,3,32.0,2138.7002957702343,432.8208295576116,2158.9451550502104,1.0043016099137818,0.9772393975387965,1.0289132597534554,0.010970989231732908,-20.243263005095116,-40.564322965487634,20.321059960392517,20.244859279976026,0.946596366027294,205.36745917755704,75.54513493860681,56.25312915949897,20.008071947580092
431,2166.7609204730343,307.044819462476,1,1,2,33.0,2138.7002957702343,432.8208295576116,2166.7609204730347,1.001189217081202,0.9728296112958278,1.0251637996966616,0.011274914396469328,17.795934383921804,-9.086719073733207,26.88265345765501,28.06062470279994,1.3120409979040168,227.18786881491494,88.33882290156697,53.494865910433035,22.273914676590124
432,2162.5596772864706,288.9228645017759,1,1,2,33.0,2138.7002957702343,432.8208295576116,2162.559677286471,1.0028606807521048,0.9740840752625448,1.0283369819531492,0.011035447544675732,9.865225379182078,-17.0597720518505,26.92499743103258,23.859381516236226,1.1156019178294208,241.41292919366472,85.1014584182351,48.28258583873294,21.313224373386188
433,2169.4113340575755,324.07328746420296,1,1,2,32.0,2138.7002957702343,432.8208295576116,2169.4113340575755,1.0003959463196113,0.9692699228881921,1.0239127341611922,0.011892261874552617,56.35510430032764,25.71389834580893,30.64120595451871,30.711038287341125,1.4359673652301437,273.68576193979067,93.59434334044978,54.73715238795813,23.519145189068038
434,2161.671894777995,213.48616820062043,1,1,2,32.0,2138.7002957702343,432.8208295576116,2161.671894777995,1.0041207028928918,0.9778669305494798,1.0286807881889495,0.010826595605550389,-104.4138123562589,-125.07460660032305,20.66079424406415,22.971599007760688,1.0740915430363125,190.5858951793698,78.68089837439258,88.04955910222893,20.855160212920715
435,2162.5596772864706,288.9228645017759,1,1,2,33.0,2138.7002957702343,432.8208295576116,2162.559677286471,1.0028606807521048,0.9740840752625448,1.0283369819531492,0.011035447544675732,9.865225379182078,-17.0597720518505,26.92499743103258,23.859381516236226,1.1156019178294208,241.41292919366472,85.1014584182351,48.28258583873294,21.313224373386188
436,2160.3335125275844,222.04952509747122,1,1,2,32.0,2138.7002957702343,432.8208295576116,2160.3335125275844,1.0040593446046444,0.9775869469444055,1.0286813673088402,0.010813332289407215,75.32748205725096,54.247251560788214,21.080230496462747,21.633216757350056,1.0115123096085346,192.81530574983648,78.6413001328595,62.576380744612315,20.52427062422664
437,2161.671894777995,213.4861682006204,1,1,2,32.0,2138.7002957702343,432.8208295576116,2161.671894777995,1.0041207028928918,0.9778669305494798,1.0286807881889495,0.010826595605550389,-104.4138123562589,-125.07460660032305,20.66079424406415,22.971599007760688,1.0740915430363125,190.5858951793698,78.68089837439258,88.04955910222893,20.855160212920715
438,2161.671894777995,213.4861682006204,1,1,2,32.0,2138.7002957702343,432.8208295576116,2161.671894777995,1.0041207028928918,0.9778669305494798,1.0286807881889495,0.010826595605550389,-104.4138123562589,-125.07460660032305,20.66079424406415,22.971599007760688,1.0740915430363125,190.5858951793698,78.68089837439258,88.04955910222893,20.855160212920715
439,2161.671894777995,213.48616820062043,1,1,2,32.0,2138.7002957702343,432.8208295576116,2161.671894777995,1.0041207028928918,0.9778669305494798,1.0286807881889495,0.010826595605550389,-104.4138123562589,-125.07460660032305,20.66079424406415,22.971599007760688,1.0740915430363125,190.5858951793698,78.68089837439258,88.04955910222893,20.855160212920715
440,2160.3335125275844,222.04952509747122,1,1,2,32.0,2138.7002957702343,432.8208295576116,2160.3335125275844,1.0040593446046444,0.9775869469444055,1.0286813673088402,0.010813332289407215,75.32748205725096,54.247251560788214,21.080230496462747,21.633216757350056,1.0115123096085346,192.81530574983648,78.6413001328595,62.576380744612315,20.52427062422664
441,2180.3951084613477,462.0005259412866,1,5,6,33.0,2138.7002957702343,432.8208295576116,2180.3951084613477,0.993100840400813,0.9612916657393458,1.013752497110024,0.013930167010135682,20.263563132456255,-12.92721737323697,33.190780505693226,41.694812691113384,1.949539763639363,373.83755890662866,102.87781382009689,77.28373201476131,25.83642041843672
442,2161.409221742964,229.82696080761045,1,1,2,32.0,2138.7002957702343,432.8208295576116,2161.409221742964,1.0038778299830413,0.9759247022207261,1.0284954066118495,0.011104162697380963,23.167266469388892,1.232052060108174,21.935214409280718,22.708925972729503,1.0618096428771044,219.04082510095893,79.78814710299751,68.91103150795233,20.5417107299597
443,2116.947740461557,287.5494669085123,10,18,28,32.0,2080.7809057040463,425.4779732866177,2116.9477404615573,1.0027967626162413,0.9783058545563212,1.028256642572781,0.0106059929680594,6.076941630600913,-19.853694013580764,25.930635644181677,36.166834757510514,1.7381375741370146,227.3629061114868,95.16739665503026,99.97087962454987,24.641169276588567
444,2117.984471038231,317.2895478270294,1,1,2,32.0,2080.7809057040463,425.4779732866177,2117.984471038231,1.0004428584379477,0.9747000332670851,1.0234341471142683,0.012036415678546368,21.26868621729517,-12.15570206788064,33.42438828517581,37.20356533418453,1.7879616845867035,274.19582703461384,97.55955574546645,54.83916540692276,25.050807971287412
445,2117.2576187816085,336.6203942402568,1,8,9,33.0,2080.7809057040463,425.4779732866177,2117.2576187816085,1.0004176463342238,0.9750158195494084,1.0240486452603474,0.010928699932438128,121.30703883038308,94.40691825589113,26.90012057449195,36.47671307756218,1.7530299791567934,282.1525083007301,100.8515303557993,98.70521429180606,25.57296654569903
446,2109.084482619793,246.22315370081378,5,9,14,32.0,2080.7809057040463,425.4779732866177,2109.0844826197927,1.0027754287952384,0.9782459776783861,1.0262355055229218,0.011606385392193696,-59.794247528372864,-85.53398789977166,25.739740371398796,28.303576915746817,1.360238208557095,236.69125493783648,81.53312781468031,54.86158145604115,21.509150989095126
447,2116.6798412809917,297.1346881554737,1,1,2,32.0,2080.7809057040463,425.4779732866177,2116.6798412809917,1.0022366673467051,0.9728609967141264,1.028509959362923,0.011466979982181602,4.671587029700277,-24.41081797067764,29.082405000377918,35.898935576945405,1.725262639547279,327.0119993709524,99.11072810767548,99.47987280017271,25.568442535672425
448,2116.947740461557,287.5494669085123,10,18,28,32.0,2080.7809057040463,425.4779732866177,2116.9477404615573,1.0027967626162413,0.9783058545563212,1.028256642572781,0.0106059929680594,6.076941630600913,-19.853694013580764,25.930635644181677,36.166834757510514,1.7381375741370146,227.3629061114868,95.16739665503026,99.97087962454987,24.641169276588567
449,2113.931387558606,303.08589955199574,1,1,2,33.0,2080.7809057040463,425.4779732866177,2113.931387558606,1.0007658955489678,0.9762468702894559,1.0235653266862095,0.011741692381606609,72.03797022785659,44.01136263044452,28.026607597412067,33.15048185455953,1.5931750317241036,274.55132970092217,91.89171407643589,68.63783242523054,23.431509624065047
450,2117.237080281853,311.93793161752376,1,1,2,32.0,2080.7809057040463,425.4779732866177,2117.237080281853,1.0006839526773181,0.9749219014914946,1.0239306366467287,0.011930227842925845,13.369812037015294,-19.683394331866936,33.05320636888223,36.456174577806905,1.752042921860229,270.3436014803408,97.27269915390784,54.068720296068165,24.909652923313395
451,2112.6006788909426,294.6878320376932,1,1,2,33.0,2080.7809057040463,425.4779732866177,2112.600678890943,1.0011271460125541,0.9748889611937449,1.0218948356209874,0.011809015960914314,-134.12823147699288,-163.95805062492718,29.829819147934302,31.819773186896327,1.5292226634562418,266.9795325534774,86.98643677853964,66.74488313836935,22.454934324537863
452,2112.36585365737,282.36752436718535,1,1,2,33.0,2080.7809057040463,425.4779732866177,2112.3658536573703,1.001403552179818,0.9759576938195887,1.0286859172012028,0.012908862972557722,11.85918081237989,-9.671165626032092,21.530346438411982,31.584947953323535,1.5179372257184642,231.4032080522503,95.88558510337842,60.62756478727419,24.08393679581806
453,2115.2957108323326,301.2573584293432,1,1,2,32.0,2080.7809057040463,425.4779732866177,2115.295710832332,1.0019716078701302,0.9742272557326296,1.0261462955028555,0.011767586991911999,16.204199455392455,-15.28664621495426,31.490845670346715,34.5148051282863,1.658742880313388,290.76975564034785,96.03259262812091,58.15395112806957,24.391358838036652
454,2115.1842067900106,267.10168297620316,1,1,2,33.0,2080.7809057040463,425.4779732866177,2115.1842067900106,1.0029372584558403,0.9828101036228541,1.02809184865929,0.01049835838924374,117.41392879033515,97.56579560475836,19.848133185576785,34.40330108596436,1.6533841209160736,279.3453131540139,95.68659358964844,99.10086050696918,25.412456993911277
455,2112.5668385198387,258.4520776616651,1,1,2,32.0,2080.7809057040463,425.4779732866177,2112.5668385198387,1.0034806118463078,0.9787196268465261,1.0289393495999484,0.010674158826574038,-119.80921225025725,-143.85862622338766,24.049413973130413,31.78593281579242,1.5275963331198215,234.22424334941803,91.74745706139107,92.09672732958842,23.794396974555262
456,2068.399128352553,279.2012798618594,1,1,2,33.0,2031.316033313557,414.203307018964,2068.399128352552,1.0024630517782713,0.9663530758702092,1.0286830415561297,0.012436641162876258,25.73645762964196,-6.3718931208894105,32.10835075053137,37.08309503899591,1.825569947306752,241.4279868001484,89.68684292737818,99.17170183464214,23.704940398265922
457,2067.4100055905974,299.30063286127466,1,1,2,32.0,2031.316033313557,414.203307018964,2067.4100055905974,1.00214658751837,0.9722444390401941,1.028305804334068,0.011307114967709609,-7.461940557525423,-38.98146356140978,31.51952300388436,36.09397227704039,1.7768762558410267,271.91569142391836,96.60690014830028,54.38313828478367,23.94189721601482
458,2070.387613356759,296.3163193285996,9,12,21,32.0,2031.316033313557,414.203307018964,2070.387613356759,1.0008245343486293,0.9694451028517356,1.0281553645458372,0.011550813580155219,21.667209064923554,-8.462238264318415,30.12944732924197,39.071580043202175,1.9234614113426352,348.8938360253157,104.06085645672944,99.98532917593866,26.36922002171155
459,2069.685817555894,322.9274726286016,1,1,2,32.0,2031.316033313557,414.203307018964,2069.6858175558946,1.001413865848101,0.9688873964300584,1.027240597454014,0.011916455717438186,-79.75232119325221,-113.4430384628746,33.69071726962238,38.36978424233712,1.8889125873607626,317.14566658498114,99.1362867126018,63.429133316996236,24.883392291174623
460,2064.9124174940926,280.8690108517798,2,15,17,32.0,2031.316033313557,414.203307018964,2064.9124174940926,1.0022314631592775,0.9733964905110672,1.027439669681491,0.01180449181788544,8.850827005753843,-23.280422789880163,32.131249795634005,33.59638418053555,1.653922069710241,241.05109099826817,91.39426524369281,53.19613504136097,23.665054638461008
461,2065.558617961522,230.07708005469647,7,17,24,32.0,2031.316033313557,414.203307018964,2065.558617961522,1.003801411781583,0.9813121796528225,1.030354845336173,0.01059296564452923,39.9713432718159,21.594397503609457,18.37694576820644,34.24258464796503,1.6857339816349146,289.4942044761066,93.27685654779431,99.9863565468871,24.989733717255966
462,2066.699299651499,293.3919781525305,1,1,2,32.0,2031.316033313557,414.203307018964,2066.699299651499,1.0016238367872081,0.971943237940994,1.0266592957422926,0.011829587226901998,22.031783918273533,-10.815362939339053,32.847146857612586,35.38326633794213,1.7418887931595584,276.269037356994,94.20097973511137,55.253807471398794,24.144531486392818
463,2072.1079190417195,335.29354957055165,1,1,2,32.0,2031.316033313557,414.203307018964,2072.10791904172,1.0008895529072834,0.9704494204057491,1.0264194771919608,0.011517642621216002,-124.00193136071707,-158.69510086762304,34.693169506905974,40.79188572816247,2.008150630388185,287.48012825656605,100.98946730854922,57.49602565131321,25.176761367564637
464,2061.6048920243275,256.0980064985041,0,0,0,32.0,2031.316033313557,414.203307018964,2061.6048920243275,0.9999292895010278,0.97262770311737,1.0246157095428658,0.011850996265934048,16.546075607659702,-11.478600075208675,28.024675682868377,30.288858710770455,1.4910953398699935,247.85895410083145,87.69620061972141,51.56526481857585,22.05858582551505
465,2062.6658130720693,260.77924024261534,1,1,2,33.0,2031.7500004557062,412.80822961658987,2062.6658130720693,1.0037840689402955,0.9709990091846245,1.0305175518872582,0.012403789487603355,12.297350111646125,-18.972022333463514,31.26937244510964,30.915812616363155,1.521634679927598,274.7526165873843,93.63971063360904,56.951034969715266,23.965680300729595
466,2065.7760317962375,296.61462514134655,1,1,2,33.0,2031.7500004557062,412.80822961658987,2065.7760317962375,1.0030130522685712,0.9741386198876995,1.0283056749310433,0.010953131532362588,27.068662047181277,-2.4840469663050158,29.552709013486293,34.02603134053129,1.6747154587375173,290.16554223086604,96.66269629874381,58.03310844617321,24.168447941356067
467,2070.104888938663,320.9132519423554,1,1,2,33.0,2031.7500004557062,412.80822961658987,2070.104888938663,1.0011852059815685,0.9727349825549689,1.0230920017561491,0.011291192144624013,17.39459347456898,-21.44484480408201,38.83943827865099,38.35488848295677,1.8877759800346527,306.1955520049528,97.6864476861981,74.43921563395122,24.67106853658129
468,2074.7408513602722,359.1069870372654,1,8,9,33.0,2031.7500004557062,412.80822961658987,2074.7408513602722,0.9978085675339731,0.9748962108821614,1.0146727782252496,0.011882667957236106,22.34896020249454,-9.06985444371199,31.418814646206528,42.99085090456606,2.1159518097661394,411.5563671541251,86.03102863059313,97.05147382911701,23.954198434466704
469,2066.3357717847175,304.83034069871474,1,1,2,33.0,2031.7500004557062,412.80822961658987,2066.335771784718,1.0014600304369254,0.9715961803517242,1.0228998532258446,0.011494008741908474,-124.70817511388395,-156.19151182896468,31.483336715080725,34.58577132901132,1.7022651074814321,250.34343643950803,90.78082104277212,62.585859109877006,23.360694721044496
470,2061.1021232749767,232.7141424337438,1,5,6,33.0,2031.7500004557062,412.80822961658987,2061.1021232749767,1.0031339693587873,0.9744571497173266,1.0309265486012171,0.012404901840517213,41.818866152022906,19.70949850459249,22.109367647430417,29.352122819270562,1.444671973061996,226.30740257382692,90.87254730497018,96.12593048586004,23.567060535019927
471,2062.163308677502,244.33936525046,1,1,2,33.0,2031.7500004557062,412.80822961658987,2062.163308677502,1.0026538821795645,0.9778112829700198,1.0243809307813432,0.010422824639650436,9.015535804447524,-14.124056220172008,23.13959202461953,30.41330822179566,1.4969020900688659,212.9680752111426,89.91001012808644,96.83733422478782,23.229266025841667
472,2033.308104552197,196.44695745670978,1,1,2,33.0,2013.9944208041175,407.49920367965046,2033.3081045521967,1.0074276356799052,0.9840891058339882,1.036204427336978,0.0098976940662218,20.595133395215584,-0.5473515822715456,21.14248497748713,19.313683748079484,0.9589740442462699,162.90119195798596,72.51828028944487,51.587453060397095,18.38256485977203
473,2055.4908157074224,351.3191233099077,1,9,10,32.0,2013.9944208041175,407.49920367965046,2055.4908157074224,1.0007352249923904,0.970322709885544,1.0255353205502518,0.011820443823139697,24.446311348421517,-12.811557757928995,37.25786910635051,41.49639490330492,2.0604026741413146,324.8557710974266,102.38673171286884,64.97115421948533,26.29506553440604
474,2045.8030546094446,271.1761620345454,1,1,2,33.0,2013.9944208041175,407.49920367965046,2045.8030546094449,1.0041356690682919,0.9758153219093443,1.0319807306187376,0.012074639938576796,-93.98818107987876,-126.06894617438974,32.08076509451098,31.80863380532719,1.5793804330712653,268.6544639008917,93.34506452585325,55.03192433808331,23.95062355543811
475,2033.308104552197,196.44695745670978,1,1,2,33.0,2013.9944208041175,407.49920367965046,2033.3081045521967,1.0074276356799052,0.9840891058339882,1.036204427336978,0.0098976940662218,20.595133395215584,-0.5473515822715456,21.14248497748713,19.313683748079484,0.9589740442462699,162.90119195798596,72.51828028944487,51.587453060397095,18.38256485977203
476,2041.0883831556373,305.26925986207755,1,1,2,33.0,2003.0672651412463,407.34751332608585,2041.088383155637,1.0013356730916851,0.9644401712151276,1.0248720086690426,0.01275026819850982,17.844349001775555,-20.06305145817231,37.907400459947866,38.02111801439105,1.8981448439630904,286.53405753021036,95.8499301485208,99.48088990427078,24.898915590663886
477,2034.9234915094542,233.65310179679003,1,5,6,33.0,2003.0672651412463,407.34751332608585,2034.9234915094544,1.004206634762534,0.9839007038776495,1.0299255013544228,0.010143363730163925,3.4314877520746165,-15.635178491860927,19.066666243935543,31.8562263682079,1.5903722716951074,268.2153331950873,91.00809660146166,99.13735727139404,24.03173205484959
478,2040.673461116597,322.4067517258186,1,1,2,32.0,2003.0672651412463,407.34751332608585,2040.673461116597,1.001427946390204,0.9689098353992067,1.0274194422752818,0.011957153806163101,17.071214370540076,-17.434004845723564,34.50521921626364,37.60619597535083,1.8774305101880355,309.55657497020474,97.50053077681169,61.91131499404094,24.46950740430553
479,2037.5039038205828,279.8778925974394,1,1,2,33.0,2003.0672651412463,407.34751332608585,2037.5039038205825,1.0019238213671238,0.9816686046869207,1.0249514991068354,0.010356159815566028,-11.101345097251766,-34.47047394495746,23.369128847705696,34.43663867933651,1.7191953200287666,297.35766634777804,94.67017709777618,98.17613140027763,24.46195902702806
480,2032.8428109537197,301.2373537852778,1,1,2,33.0,2003.0672651412463,407.34751332608585,2032.8428109537194,1.0004119445466884,0.9766168140316622,1.0215872356287508,0.011227675585718157,61.38925299848211,36.17700737485984,25.212245623622266,29.77554581247341,1.4864975495655055,282.67136552259024,90.87494809745607,59.677908997321914,22.607289519546796
481,2041.0968266153027,322.6121188226189,1,1,2,32.0,2003.0672651412463,407.34751332608585,2041.096826615303,1.000916888198369,0.9701378391092392,1.0258753073221236,0.011920195290398493,-94.43878994344584,-129.99699887129336,35.55820892784752,38.029561474056436,1.8985663704795646,294.9975143076648,97.74353670364721,58.99950286153296,24.901764928489964
482,2031.5363499156285,250.90422159250653,0,0,0,32.0,2003.0672651412463,407.34751332608585,2031.5363499156288,1.0000473794543356,0.9736120064663891,1.0245346153652473,0.012121806284383528,-35.662018897011876,-62.93298255093396,27.27096365392208,28.46908477438228,1.421274525814528,238.8303128805694,85.99435390340781,48.70083855044635,21.66951013826635
483,2062.133574226529,317.75117877242735,1,1,2,32.0,2023.96477729656,412.0887451063944,2062.133574226529,1.0019594967192507,0.9715375224760397,1.0272797373236198,0.011575415561412495,90.76729325220566,58.0144148737634,32.75287837844226,38.168796929969176,1.8858429434207749,312.95586592634123,100.01351928792958,62.59117318526825,25.38971610689012
484,2055.366635113873,276.2387713732461,1,1,2,33.0,2023.96477729656,412.0887451063944,2055.366635113873,1.0017335620123926,0.9714514082795483,1.028789897949639,0.013041480879897894,176.49243734252332,-177.70419556199477,354.1966329045181,31.401857817313157,1.5515021886525657,255.9702632693006,91.6424521485182,51.22674099519781,23.287226377696758
485,2064.484520814602,320.2435928042263,1,1,2,33.0,2023.96477729656,412.0887451063944,2064.4845208146025,1.0009771450289862,0.9683729358069822,1.0242397534207428,0.012193067309434846,-109.55131781103097,-142.29279198930882,32.741474178277855,40.519743518042105,2.0019984523725225,295.95030009358237,85.57590330237876,59.19006001871647,22.362749469024454
486,2061.699791099846,312.9932049444392,1,1,2,32.0,2023.96477729656,412.0887451063944,2061.6997910998457,1.0019247461908274,0.9717652898101825,1.0272443211834867,0.011482042732720863,40.66817525603753,7.6924050529578665,32.97577020307966,37.735013803286165,1.8644105977817158,310.0601513956477,99.35876102539314,62.01203027912955,25.2376382977009
487,2064.484520814602,320.2435928042263,1,1,2,33.0,2023.96477729656,412.0887451063944,2064.4845208146025,1.0009771450289862,0.9683729358069822,1.0242397534207428,0.012193067309434846,-109.55131781103097,-142.29279198930882,32.741474178277855,40.519743518042105,2.0019984523725225,295.95030009358237,85.57590330237876,59.19006001871647,22.362749469024454
488,2060.3966048792445,301.5006648071365,1,1,2,32.0,2023.96477729656,412.0887451063944,2060.3966048792445,1.0016794520932895,0.9730458490904509,1.0258811117945688,0.011565171311749549,34.837376328269045,1.5768519425143381,33.26052438575471,36.43182758268449,1.800022806293449,294.9241352111023,97.44031619489651,58.98482704222046,25.24821330426313
489,2055.839410371282,267.3829172924912,1,9,10,33.0,2023.96477729656,412.0887451063944,2055.839410371282,1.0029862584853109,0.9685929575980088,1.028592606524715,0.012385869058734974,-0.5086216475524452,-32.05242685780155,31.543805210249104,31.87463307472217,1.574861056490202,215.16787904528454,92.20748509311392,57.986937504121336,24.40607240295073
490,2115.739330900913,376.14364579934687,1,9,10,33.0,2067.6686643820985,420.33005654614533,2115.7393309009135,0.9963613564332544,0.9716461517563357,1.0126287017979438,0.01251151536426938,22.49788132024551,-10.575680087951127,33.07356140819664,48.070666518814505,2.324872807083911,415.3101121882826,87.11963727571118,99.4312169889112,23.94810303368029
491,2104.742528963451,282.74177897411334,1,1,2,32.0,2067.6686643820985,420.33005654614533,2104.742528963451,1.0023833582597748,0.9708056802684741,1.0281785225602473,0.011209572920529088,12.58862585404475,-17.765046033801724,30.353671887846474,37.07386458135261,1.7930273462083806,305.57686109078503,98.0215010412774,98.05841219114825,25.30933392294468
492,2099.4767837612426,242.54414587725037,5,12,17,32.0,2067.6686643820985,420.33005654614533,2099.476783761242,1.0037808351612105,0.9772119269870224,1.0278062010586315,0.010490699304662609,9.681822024440805,-11.380670559342803,21.06249258378361,31.808119379144046,1.5383566974280947,230.25075562671898,89.8812406045807,99.9996899988979,23.647043796690962
493,2099.132482072826,238.71795152291088,1,1,2,33.0,2067.6686643820985,420.33005654614533,2099.132482072826,1.0037659057639985,0.982451003010233,1.0286208435598936,0.009854471546525837,176.3362916442651,157.6637296946567,18.672561949608394,31.46381769072741,1.521705011674588,272.09870679607985,92.22421692933968,97.49682203957846,24.2588051593167
494,2115.739330900913,376.14364579934687,1,9,10,33.0,2067.6686643820985,420.33005654614533,2115.7393309009135,0.9963613564332544,0.9716461517563357,1.0126287017979438,0.01251151536426938,22.49788132024551,-10.575680087951127,33.07356140819664,48.070666518814505,2.324872807083911,415.3101121882826,87.11963727571118,99.4312169889112,23.94810303368029
495,2102.188405283287,303.49541401098514,1,1,2,33.0,2067.6686643820985,420.33005654614533,2102.188405283287,1.0016945908892518,0.9711964597134504,1.026307842660262,0.011844496454663327,13.34806153249508,-16.511675512189385,29.859737044684465,34.51974090118847,1.6695006069313498,284.93779696301084,92.88150726979755,56.98755939260217,23.401080488627077
496,2096.5746342331286,251.6959465327481,1,1,2,32.0,2067.6686643820985,420.33005654614533,2096.5746342331286,1.0033222994874398,0.9751377929691507,1.0287486630495848,0.010993599313014371,179.5499878580506,-179.86966861726336,359.41965647531396,28.905969851030022,1.3979981584558314,239.02130162694434,89.04256550503985,56.48017365378293,22.64017244445829
497,2103.909606050863,308.3391956796851,1,1,2,32.0,2067.6686643820985,420.33005654614533,2103.9096060508637,1.0005401313415305,0.9710349745992795,1.024414989649221,0.011835251382898098,-49.798446910728785,-82.56091854049907,32.76247162977029,36.24094166876466,1.7527441554372492,285.57445799231766,97.68873162737621,57.11489159846354,24.912511499960186
498,2099.4767837612426,242.54414587725037,5,12,17,32.0,2067.6686643820985,420.33005654614533,2099.476783761242,1.0037808351612105,0.9772119269870224,1.0278062010586315,0.010490699304662609,9.681822024440805,-11.380670559342803,21.06249258378361,31.808119379144046,1.5383566974280947,230.25075562671898,89.8812406045807,99.9996899988979,23.647043796690962
499,2100.154052318321,282.1068894202405,1,1,2,33.0,2067.6686643820985,420.33005654614533,2100.154052318321,1.0017417225927094,0.9737052076592193,1.02499713650524,0.010930180229887341,15.846403123216305,-9.455560612478195,25.3019637356945,32.48538793622265,1.571111875699416,269.1494401959965,93.50323202101224,77.14214431029096,23.49025416560382
500,2133.33989633963,296.4948132866678,1,1,2,32.0,2098.8515010819146,427.02304960381423,2133.3398963396303,1.0016936129459328,0.9709252994613538,1.0257914044325713,0.011345519720782652,94.45344045072136,64.32787204861563,30.125568402105728,34.48839525771518,1.6432032108959174,317.39728173526066,98.67656247795364,63.479456347052135,24.903200466663122
501,2128.344522514122,274.3033824201622,1,9,10,32.0,2098.8515010819146,427.02304960381423,2128.344522514122,1.0020454630002014,0.9774787746668022,1.0250053078931172,0.010712760987022861,61.34241278954872,38.480586662520636,22.86182612702808,29.49302143220757,1.4051981008186871,211.51677121258615,95.00062535248047,52.162987852917695,23.989178226649628
502,2135.185901122352,287.3010299941892,1,1,2,32.0,2098.8515010819146,427.02304960381423,2135.1859011223514,1.0020751074904848,0.9717193987306415,1.0252850744521997,0.010966397083879281,27.111740842458346,-2.9345385638537493,30.046279406312095,36.33440004043723,1.7311563024686405,326.8955133215685,98.76271596454997,88.96485250343761,25.155576488019054
503,2130.031038098504,295.2272822330886,1,1,2,33.0,2098.8515010819146,427.02304960381423,2130.031038098504,1.0007454644755789,0.9732460132676055,1.0201140190108975,0.011314750146019554,14.076787141363155,-15.346097838171545,29.4228849795347,31.179537016589165,1.4855523128013943,253.64516951697857,89.22139820898515,63.41129237924464,23.055221261208423
504,2128.344522514122,274.3033824201622,1,9,10,32.0,2098.8515010819146,427.02304960381423,2128.344522514122,1.0020454630002014,0.9774787746668022,1.0250053078931172,0.010712760987022861,61.34241278954872,38.480586662520636,22.86182612702808,29.49302143220757,1.4051981008186871,211.51677121258615,95.00062535248047,52.162987852917695,23.989178226649628
505,2136.826419901954,317.05789049123587,1,1,2,33.0,2098.8515010819146,427.02304960381423,2136.826419901954,1.0001518090237977,0.9716974130559382,1.0209699675593982,0.012164070135046418,13.245108679849238,-23.03839153051962,36.28350021036886,37.97491882003942,1.8093189918612218,270.52278361769515,95.37354895186031,69.92947267833242,24.19588177790124
506,2124.8934692796693,215.3739266869699,1,4,5,32.0,2098.8515010819146,427.02304960381423,2124.8934692796693,1.0041737112304763,0.9788504136537025,1.027125924116833,0.01001344664265414,10.017695873681987,-11.589892054579138,21.607587928261125,26.041968197754613,1.2407723073466854,207.4309901029446,84.95621611647056,88.8328786921494,22.642315235190306
507,2125.9399195111855,253.74778991049496,5,15,20,32.0,2098.8515010819146,427.02304960381423,2125.9399195111855,1.0029791295053265,0.9779147857351483,1.0256279031849838,0.011031981681538025,-148.04597412974636,-170.3115022260613,22.265528096314938,27.08841842927086,1.2906305384305339,227.9676257256308,84.20032112657299,51.78504270234191,21.927316487939034
508,2132.4854900738437,304.93456126097664,1,1,2,32.0,2098.8515010819146,427.02304960381423,2132.4854900738437,1.0011461597174618,0.9751267938951506,1.023654153427824,0.011231730693417345,14.616262607736047,-10.848337508348038,25.464600116084085,33.63398899192907,1.602494934710314,238.39011367108722,98.29194168453277,50.778243117443026,24.717813018217278
509,2130.9115057254726,254.11533460667945,4,9,13,32.0,2098.8515010819146,427.02304960381423,2130.9115057254726,1.0031991701640572,0.9774483312018836,1.0250069577467718,0.010329668996635217,-28.997078261778285,-50.740928866832604,21.74385060505432,32.06000464355793,1.527502285275145,233.5846893003112,91.87100908840051,99.93452974736053,24.050562337867333
510,2129.0920239538436,258.64561870322535,1,4,5,32.0,2098.8515010819146,427.02304960381423,2129.0920239538436,1.0029492058585403,0.9756396422210023,1.0261417101932224,0.010524355110860018,16.22815672409223,-9.154295956576789,25.38245268066902,30.240522871928988,1.4408128853489932,262.1297091716181,92.34358736534193,67.26079114787899,23.620118132504885
511,2130.1151550555173,298.8795522677728,1,1,2,33.0,2098.8515010819146,427.02304960381423,2130.115155055518,1.0014826897961109,0.9761981611875263,1.0240735163196302,0.01115259385075847,-117.07778231269367,-141.79125040592157,24.713468093227903,31.263653973602686,1.4895600740446342,220.4719592360171,95.48199040903032,51.04256714431054,24.200415059315166
512,2136.3226464569057,292.9727343026775,1,1,2,33.0,2098.8515010819146,427.02304960381423,2136.322646456905,1.0007528461485384,0.9709477983345769,1.0231649848698603,0.011667571477895032,-33.20569712225702,-63.006505887052484,29.800808764795462,37.47114537499101,1.7853166532113114,324.8798766096234,98.61948804100899,99.8115479323169,25.596566357415075
513,2129.0737432218975,272.6155360951245,1,1,2,32.0,2098.8515010819146,427.02304960381423,2129.0737432218975,1.0025194411407445,0.9757445767603282,1.0262875328856138,0.010599026825507214,96.1760512768642,69.66105068346315,26.515000593401055,30.222242139982882,1.4399418979572371,249.17241220183922,93.22166591790491,52.24232668542077,23.66835163015913
514,2133.9647677265,309.0950326350337,1,1,2,32.0,2098.8515010819146,427.02304960381423,2133.9647677264998,1.0009338821996614,0.9722187926516018,1.02398548361553,0.011522056063630848,1.830691742618626,-26.950487005449048,28.781178748067674,35.113266644585565,1.6729752736906542,291.5549073924106,97.48061756764818,58.31098147848211,24.50138804030985
515,2119.689865674618,229.24093632552655,1,1,2,33.0,2098.8515010819146,427.02304960381423,2119.689865674618,1.0047214034389123,0.9806559426509494,1.028805003572535,0.009642686284099197,17.508356829793684,-2.815155437573452,20.323512267367136,20.83836459270333,0.9928460675736983,199.29636663817914,79.31714253339636,41.13937924923115,20.085244843438648
516,2134.1602636058888,334.6520120856005,1,1,2,33.0,2098.8515010819146,427.02304960381423,2134.1602636058883,1.0000388978190555,0.9713986450352046,1.0228759596667196,0.011476650158130212,14.174090849245403,-13.617810930509563,27.791901779754966,35.30876252397411,1.682289695377361,323.7595637175442,95.86049941494507,64.75191274350884,24.14052442179573
517,2134.4461111302176,280.64213606012333,1,1,2,32.0,2098.8515010819146,427.02304960381423,2134.4461111302176,1.002324281454083,0.9764855280699977,1.024829267013552,0.0100217747650362,18.58814823702147,-7.2840285322580485,25.87217676927952,35.59461004830291,1.6959089306677784,232.59810570092748,97.1526091023915,99.25714619563647,25.053105990635252
518,2130.038706151833,247.2895509304853,1,9,10,32.0,2098.8515010819146,427.02304960381423,2130.038706151833,1.0031416083563647,0.9771286948838976,1.0250587037461754,0.010338140916249558,11.746401329938493,-9.497813241450956,21.24421457138945,31.18720506991849,1.4859176580068734,235.3974476736874,90.3319743610297,99.7383928999673,23.75042957809265
519,2169.2823196881955,275.90011230390536,1,1,2,33.0,2135.6365644087173,433.25088890943175,2169.2823196881955,1.0019224454772708,0.9791199840162911,1.0263200359768743,0.010205627228975939,6.122982030384605,-15.234739555046843,21.35772158543145,33.64575527947818,1.575443867191584,255.45925590250107,90.06873798060678,99.91328899053758,23.81404788084926
520,2160.388269319205,200.98033810807397,6,5,11,32.0,2135.6365644087173,433.25088890943175,2160.3882693192045,1.004329439394609,0.9772258297981696,1.0293494034138626,0.010479334371699383,-36.49038786439658,-58.35161572777929,21.86122786338271,24.75170491048766,1.1589848817437034,215.01571472109507,78.74016105824505,99.35616599221484,21.207863877939538
521,2174.7136931309374,322.9351922528223,10,15,25,33.0,2135.6365644087173,433.25088890943175,2174.7136931309374,1.0004267494200316,0.967476767875691,1.0251916492381714,0.011708603792947187,13.085504575658945,-17.342149972225997,30.42765454788494,39.077128722220095,1.829764922246458,316.30535775752634,100.45115077588888,99.98484839193027,25.80534178264789
522,2167.4936262208385,297.0931225358156,1,1,2,32.0,2135.6365644087173,433.25088890943175,2167.4936262208385,1.0015769065927798,0.9720342235365017,1.025660869646678,0.011061403904408093,6.3956085330928545,-20.338899130877905,26.73450766397076,31.857061812121174,1.4916892856693187,262.843408680694,93.26492341140924,52.62363673953077,23.4180695198817
523,2167.8382255150354,315.2353836836878,1,1,2,33.0,2135.6365644087173,433.25088890943175,2167.8382255150354,1.000512936607407,0.966152316041092,1.0212217885496042,0.0127698135723613,-142.3021502135473,-173.46502808220907,31.16287786866178,32.20166110631817,1.507824956875735,216.58186537951073,87.83576311125016,51.10190597972076,22.64845774759951
524,2164.414432110022,276.5701221678874,1,1,2,33.0,2135.6365644087173,433.25088890943175,2164.4144321100225,1.0025188384160433,0.9748275336148595,1.0271291132689926,0.010712112224201672,-25.967167427388944,-50.558272417509244,24.5911049901203,28.777867701304785,1.3475077258415626,233.67937590967705,89.62675767806981,58.38511980180737,22.45444289935791
525,2159.4284390758266,214.55834420102582,0,0,0,32.0,2135.6365644087173,433.25088890943175,2159.428439075826,1.0005517275871172,0.9755053749514556,1.0243100615051937,0.01133676306897553,106.22975345342547,85.50209598190577,20.727657471519706,23.79187466710937,1.1140413618876441,202.93535308706208,79.50216826733794,74.6524660631795,20.575560156165682
526,2166.4239817952166,290.9961117598964,1,1,2,33.0,2135.6365644087173,433.25088890943175,2166.4239817952166,1.0017087663126898,0.9680896366989324,1.0270962031405761,0.012372900447986486,64.3912142452678,38.279317720350946,26.111896524916858,30.787417386499328,1.441603777514611,261.2545398367292,91.99331412052787,52.36334119167455,23.078919908441154
527,2164.6343156812304,278.773316026026,1,1,2,33.0,2135.6365644087173,433.25088890943175,2164.6343156812304,1.001353724839599,0.9722142541727352,1.0243490635812993,0.011194017767796122,-1.7805049639977995,-27.25448870159329,25.47398373759549,28.997751272513142,1.3578036523523187,265.09642151597086,88.26851351627407,64.21187798923658,22.321657734047466
528,2168.3517089819047,304.6077264770908,1,1,2,32.0,2135.6365644087173,433.25088890943175,2168.3517089819047,1.0014393078526236,0.9714024924459177,1.0252007074085798,0.011281849358425015,-12.113929585763657,-38.64214888576751,26.528219300003855,32.715144573187445,1.5318685359859026,273.2095925185225,93.77866710821597,54.6419185037045,23.577020526232282
529,2162.8055577378204,258.0397383610369,1,1,2,32.0,2135.6365644087173,433.25088890943175,2162.8055577378204,1.00292574321114,0.9771801539472728,1.0274973191459615,0.010372930768024466,3.685496453646465,-17.76246194081091,21.447958394457373,27.16899332910316,1.2721730739155657,239.15867164616736,89.49421016423173,56.164743199570424,22.697083266987278
530,2162.31077870507,292.5489869826715,1,1,2,33.0,2135.6365644087173,433.25088890943175,2162.3107787050703,1.0026326754750217,0.9751702638124198,1.0271198590633106,0.010500697028089135,15.476872482456685,-8.92285905221442,24.399731534671105,26.674214296352602,1.2490053195796333,247.03796243321844,87.65567941889778,49.407592486643686,21.911135689135612
531,2168.5824014270142,264.4642794923725,1,1,2,32.0,2135.6365644087173,433.25088890943175,2168.5824014270142,1.0022586218185343,0.9803780801869068,1.0265436950107918,0.01011484413380489,4.914025567716351,-14.659311318049902,19.573336885766253,32.94583701829697,1.5426705820340978,283.2462999268631,94.247297929513,97.7587341671248,24.61851039483367
532,2165.68901388636,282.88960758273555,1,1,2,32.0,2135.6365644087173,433.25088890943175,2165.6890138863605,1.0021127632923568,0.9727518730519296,1.026641615882256,0.010967377148901095,162.94545536873386,137.2331289541388,25.712326414595054,30.052449477642767,1.4071893120055863,255.04997937991942,91.3694613748717,54.56369163554668,22.94802788619963
533,2163.5557578459366,281.65255763459464,1,1,2,33.0,2135.6365644087173,433.25088890943175,2163.555757845936,1.0008742336791039,0.9682879352825612,1.027976494377617,0.013794557258874698,1.600610014718626,-24.4518431041173,26.052453118835928,27.919193437219292,1.3073007787235154,214.40762789807576,87.4497155506045,55.57716681954346,22.33165567854973
534,2162.8055577378204,258.0397383610369,1,1,2,32.0,2135.6365644087173,433.25088890943175,2162.8055577378204,1.00292574321114,0.9771801539472728,1.0274973191459615,0.010372930768024466,3.685496453646465,-17.76246194081091,21.447958394457373,27.16899332910316,1.2721730739155657,239.15867164616736,89.49421016423173,56.164743199570424,22.697083266987278
535,2164.414432110022,276.5701221678874,1,1,2,33.0,2135.6365644087173,433.25088890943175,2164.4144321100225,1.0025188384160433,0.9748275336148595,1.0271291132689926,0.010712112224201672,-25.967167427388944,-50.558272417509244,24.5911049901203,28.777867701304785,1.3475077258415626,233.67937590967705,89.62675767806981,58.38511980180737,22.45444289935791
536,2168.5824014270142,264.4642794923725,1,1,2,32.0,2135.6365644087173,433.25088890943175,2168.5824014270142,1.0022586218185343,0.9803780801869068,1.0265436950107918,0.01011484413380489,4.914025567716351,-14.659311318049902,19.573336885766253,32.94583701829697,1.5426705820340978,283.2462999268631,94.247297929513,97.7587341671248,24.61851039483367
537,2166.1019186115145,286.318754973392,1,1,2,32.0,2135.6365644087173,433.25088890943175,2166.101918611515,1.0019844427003672,0.9727209924533778,1.0263840347507778,0.010964867434390504,-16.300371485666687,-42.135439586960416,25.83506810129373,30.465354202797243,1.4265233472078163,253.97042886672403,92.41761628577436,53.97171823818664,23.31410360300607
538,2179.282576948163,228.89055888177165,1,1,2,32.0,2157.903567470544,439.43645132914617,2179.2825769481633,1.0040851520839766,0.9786525725940004,1.028367799362166,0.010713669768253354,16.70676939392689,-2.8645020538949666,19.571271447821857,21.379009477618638,0.990730531238647,236.931005123517,78.74348771961628,57.36470119550001,20.672382736181522
539,2179.7989344870452,223.5904407470499,10,11,21,32.0,2157.903567470544,439.43645132914617,2179.7989344870452,1.0038467015881967,0.9789863041816103,1.0284742354982153,0.010635638540660505,131.44620722147306,112.90814918423564,18.53805803723742,21.89536701650104,1.0146591973137333,243.9374560016118,79.77990567270534,62.45707426584243,20.88952590620052
540,2186.4643348471755,311.60310490744075,1,1,2,33.0,2157.903567470544,439.43645132914617,2186.4643348471755,1.0014209366598823,0.9737938643022059,1.0251761896316902,0.011052678066169401,50.91877409171468,24.010208325335384,26.908565766379297,28.560767376631247,1.323542340221888,259.5655237633491,89.46882711075426,53.288349296912074,22.822924878212167
541,2189.030839761215,272.7952050744711,1,1,2,33.0,2157.903567470544,439.43645132914617,2189.030839761215,1.002411323329764,0.9714619994051904,1.0334379707416377,0.012841189982984693,15.246375875257229,-4.304227381695398,19.550603256952627,31.12727229067059,1.4424774470880282,271.53184394553966,93.33329394014643,97.50730992436795,24.55979018103479
542,2186.4336104692384,293.934228842072,1,1,2,32.0,2157.903567470544,439.43645132914617,2186.4336104692384,1.0019219451917276,0.9765963340037368,1.024661814469785,0.010895984044903209,-37.870183688556466,-62.78232266236964,24.91213897381317,28.53004299869417,1.3221185334123422,242.35568896526888,91.95324776414597,55.17301427703265,23.186313593789226
543,2186.3351235236114,260.0634702397418,1,1,2,32.0,2157.903567470544,439.43645132914617,2186.3351235236114,1.0025016993614897,0.979799692199496,1.0261835193735573,0.010478322948485642,-65.08023673443795,-84.47712624335334,19.396889508915393,28.431556053067197,1.3175545229017882,272.3211211256132,91.3256124066082,84.99640229117607,23.62386810454149
544,2184.187599311555,258.70832013696906,1,1,2,33.0,2157.903567470544,439.43645132914617,2184.187599311555,1.0022030159306017,0.9756348045991259,1.0234237359933012,0.011029745142271593,52.497779495742066,23.86844334767852,28.629336148063544,26.2840318410108,1.2180355154526423,228.28522637798278,82.01972084017127,81.7682392514561,22.167794377930853
545,2190.2945854506847,294.2967835357091,2,1,3,33.0,2157.903567470544,439.43645132914617,2190.2945854506847,1.0016424557892634,0.9720866876124269,1.0268716676362397,0.011492841869880182,-12.596262576487248,-42.1182487339444,29.52198615745715,32.39101798014053,1.5010410320656127,280.9653080366288,94.72532832946135,99.99415134878491,24.58089347269267
546,2188.7405378738777,294.04434576670894,1,1,2,33.0,2157.903567470544,439.43645132914617,2188.740537873877,1.001232799739643,0.9718313488288266,1.0234178566627894,0.011590712829327039,2.476913474935543,-26.404350104358855,28.881263579294398,30.836970403333453,1.4290244878495657,279.7024022059971,82.54429976784584,84.90599701672642,21.741667481915478
547,2186.116114284538,257.68619854452754,1,1,2,32.0,2157.903567470544,439.43645132914617,2186.1161142845376,1.0028485475241196,0.9758348905412375,1.0267512179070784,0.011122261716520858,115.06676356755685,91.00277482580566,24.06398874175119,28.212546813993868,1.3074053557946572,232.77279728563295,85.96249997573283,88.87901182502532,22.62434355716229
548,2197.385743658761,365.8128516384046,1,1,2,33.0,2157.903567470544,439.43645132914617,2197.3857436587605,1.0008864054527047,0.9753923398883275,1.0253013480096465,0.010714367711883745,-7.784027956225771,-45.990979166585134,38.206951210359364,39.48217618821673,1.8296543359672472,277.940736285918,90.82015411530263,99.36777899480896,23.6635039750159
549,2197.385743658761,365.8128516384046,1,1,2,33.0,2157.903567470544,439.43645132914617,2197.3857436587605,1.0008864054527047,0.9753923398883275,1.0253013480096465,0.010714367711883745,-7.784027956225771,-45.990979166585134,38.206951210359364,39.48217618821673,1.8296543359672472,277.940736285918,90.82015411530263,99.36777899480896,23.6635039750159
550,2191.40034298036,330.1045083860704,1,1,2,33.0,2157.903567470544,439.43645132914617,2191.4003429803597,1.0010159215694276,0.9712356001143558,1.032604267690421,0.013531911199724427,-140.76433031284074,-172.65494294069765,31.89061262785691,33.49677550981596,1.552283244476966,253.53354150014584,96.93521961232018,66.65303007344734,25.11406916013765
551,2187.3801795803533,307.23759734313694,1,1,2,33.0,2157.903567470544,439.43645132914617,2187.380179580354,1.001641217476075,0.9733947263676261,1.0256616486926813,0.011117250242882824,19.1990031727575,-9.14878437440268,28.34778754716018,29.47661210980914,1.365983751737391,249.21889353377432,92.4429959378726,53.695432913091345,23.41942212376967
552,2186.155229943003,293.9900914197211,1,1,2,32.0,2157.903567470544,439.43645132914617,2186.155229943003,1.0019496878532757,0.9750580627938708,1.0253904404805445,0.011019814932997897,3.515903522298231,-23.576905897942027,27.092809420240258,28.251662472458975,1.3092180252324743,219.81395280087943,90.02979574452475,55.55338460520288,22.79545785323265
553,2186.840992548027,299.70873115203335,1,1,2,32.0,2157.903567470544,439.43645132914617,2186.8409925480264,1.0018377503595737,0.9743694800943756,1.0253960266720694,0.011114337413639775,18.394202453655964,-9.051435185560479,27.445637639216443,28.937425077482658,1.34099713785647,230.40446779070137,91.90345629100227,56.16339157884237,23.41385389853762
554,2187.257689134519,306.09786340452655,1,1,2,33.0,2157.903567470544,439.43645132914617,2187.2576891345193,1.0009775409530288,0.9711960292832811,1.020468990530151,0.012723895612179043,23.209676580375486,-7.3467417221158655,30.556418302491352,29.354121663974638,1.360307388452164,226.35800185821,87.42592149753374,50.128538112924744,22.490607388518985
555,2180.7831289048586,243.71598211536087,1,3,4,32.0,2157.903567470544,439.43645132914617,2180.7831289048586,1.0033145648066653,0.977380837610683,1.027519294871281,0.010831165972151726,18.014840635135954,-3.558347127410144,21.573187762546098,22.879561434314382,1.0602680202773562,215.86551860693984,82.48112840773278,55.817460407702804,21.31452684135057
556,2184.187599311555,258.70832013696906,1,1,2,33.0,2157.903567470544,439.43645132914617,2184.187599311555,1.0022030159306017,0.9756348045991259,1.0234237359933012,0.011029745142271593,52.497779495742066,23.86844334767852,28.629336148063544,26.2840318410108,1.2180355154526423,228.28522637798278,82.01972084017127,81.7682392514561,22.167794377930853
557,2232.690276242214,266.42138404490873,1,1,2,33.0,2203.810905802726,446.1782834979964,2232.690276242214,1.0027713099906512,0.9719648635494093,1.0389652872299395,0.013751644787616386,46.296032837177194,16.924034516170906,29.371998321006288,28.879370439487957,1.310428692563748,239.77405845297798,85.96278761939493,78.01240251675381,21.88847070595541
558,2231.41024063986,292.4338440537347,1,1,2,33.0,2203.810905802726,446.1782834979964,2231.41024063986,1.0015295574482332,0.972958332885585,1.0261192511543276,0.011582230867027183,115.69767150836583,90.09812319828939,25.599548310076443,27.599334837133938,1.2523458688975417,206.30142670345708,86.72860861137096,61.07734300688,21.976852104769524
559,2228.886969740548,233.33159193454017,1,1,2,33.0,2203.810905802726,446.1782834979964,2228.886969740548,1.0029584103632236,0.9766720196642527,1.0272071110654253,0.011037793157338743,4.24635940419418,-16.050592920402266,20.296952324596447,25.0760639378218,1.1378500701578105,179.72298440931704,77.06715631981858,98.44442462869985,20.73629138176724
560,2234.9145549611712,296.7233953435984,1,1,2,33.0,2203.810905802726,446.1782834979964,2234.9145549611712,1.0006276742353026,0.9681730806257204,1.0219317394836482,0.012792542218463246,13.633970471985748,-17.575037416243077,31.209007888228825,31.103649158445023,1.4113574389049357,198.3954411765847,82.63842666370024,87.8650890310552,21.586031235229214
561,2226.9487610595224,223.59075796313493,1,1,2,33.0,2203.810905802726,446.1782834979964,2226.948761059522,1.0017268284804202,0.972700238571303,1.0294016761202462,0.014169209033483855,6.095911899149996,-12.653690866336632,18.749602765486628,23.13785525679623,1.0499020218056498,237.09856931810327,74.38594098602839,96.94809492533375,20.006833035679836
562,2232.690276242214,266.42138404490873,1,1,2,33.0,2203.810905802726,446.1782834979964,2232.690276242214,1.0027713099906512,0.9719648635494093,1.0389652872299395,0.013751644787616386,46.296032837177194,16.924034516170906,29.371998321006288,28.879370439487957,1.310428692563748,239.77405845297798,85.96278761939493,78.01240251675381,21.88847070595541
563,2232.776092786454,306.0657810317326,1,1,2,33.0,2203.810905802726,446.1782834979964,2232.776092786454,1.0009488790362793,0.9714008081642755,1.0252144379564292,0.01168694001562589,92.35473427069803,65.34548854109863,27.0092457295994,28.965186983727563,1.3143226992597692,218.8752312002175,88.12370907736783,56.20977071127753,22.381631630620596
564,2228.6253128965463,258.2447139279401,1,1,2,33.0,2203.810905802726,446.1782834979964,2228.625312896546,1.002909990608005,0.9759809212013174,1.027256664565777,0.011207102498128603,98.48125641657089,77.99414155513722,20.487114861433668,24.814407093820137,1.1259771438866542,215.4585748863266,80.7622287603299,59.37221458712265,20.97578218895315
565,2224.5909160764068,216.46729633764483,12,1,13,32.0,2203.810905802726,446.1782834979964,2224.5909160764063,1.002621639941869,0.9765620857336423,1.0280361113280567,0.010726589689445268,10.237222538862454,-7.294933181306533,17.532155720168987,20.780010273680546,0.9429125801567598,227.84048313733027,72.85076140326339,70.2886804659324,19.29130925868387
566,2234.9145549611712,296.7233953435984,1,1,2,33.0,2203.810905802726,446.1782834979964,2234.9145549611712,1.0006276742353026,0.9681730806257204,1.0219317394836482,0.012792542218463246,13.633970471985748,-17.575037416243077,31.209007888228825,31.103649158445023,1.4113574389049357,198.3954411765847,82.63842666370024,87.8650890310552,21.586031235229214
567,2240.2820601267986,351.3926690519956,8,17,25,33.0,2203.810905802726,446.1782834979964,2240.282060126799,0.9982217597734123,0.9745568720146147,1.018180498850631,0.011718154249548522,89.50801963868133,63.06563516839336,26.442384470287976,36.47115432407236,1.654913052115419,289.2702249306855,98.05925944841253,99.93562577676188,25.54078180323643
568,2230.808986699195,245.152093991834,1,1,2,32.0,2203.810905802726,446.1782834979964,2230.8089866991954,1.0026117894250772,0.9770927058737628,1.0268410977041897,0.010994252176234488,14.146950705088813,-6.450439100566683,20.597389805655496,26.998080896468764,1.2250634038238801,225.17001581484283,82.71126138748944,98.2586155529114,22.063403662309337
569,2232.2388081048402,296.7924814378361,1,1,2,33.0,2203.810905802726,446.1782834979964,2232.2388081048402,1.0014550591381077,0.9719343880642516,1.0263429529894015,0.011776855120376496,-20.759458510971513,-47.44342590412131,26.6839673931498,28.427902302114035,1.2899428996953495,218.7712434741552,88.56103438895597,54.62879789526064,22.481134269461396
570,2231.328043517133,259.46898610509453,1,1,2,32.0,2203.810905802726,446.1782834979964,2231.328043517133,1.0023172633986441,0.9761864360142718,1.0266778815971422,0.010924270789214895,-45.75230566958348,-67.50679616215304,21.75449049256956,27.517137714407,1.248616096868984,193.73592973792506,84.33472651648431,82.0288560355084,21.950063240008788
571,2229.0366446592316,244.82961580208584,1,1,2,33.0,2203.810905802726,446.1782834979964,2229.0366446592316,1.0015225904409204,0.9724948573521263,1.0285012175410377,0.01437181710543072,11.771143890195049,-8.44399887959591,20.21514276979096,25.22573885650536,1.144641710869337,179.49739197067194,79.94099517324419,88.76989771241762,20.746849330128697
572,2231.7935684699005,292.10301766689275,1,1,2,32.0,2203.810905802726,446.1782834979964,2231.7935684699005,1.0013629861527509,0.9728206121689865,1.025474234371117,0.011531755364912752,54.214909510923775,28.88246763307339,25.332441877850385,27.98266266717428,1.269739731003906,202.84932711948187,87.67345569079447,57.04718734554297,22.248202714451182
573,2224.879696589561,224.74110535516152,5,7,12,32.0,2203.810905802726,446.1782834979964,2224.879696589561,1.0035492575952736,0.976001474775227,1.0283955887277711,0.01129999524131945,103.28195672739412,83.58956586365758,19.692390863736534,21.068790786834597,0.9560162685173937,216.19294801630252,73.02050823487046,63.35947294333755,19.336781112439667
574,2228.024299362381,226.1251013739168,1,1,2,33.0,2203.810905802726,446.1782834979964,2228.0242993623815,1.0030071267047418,0.9708582869891347,1.0286639212231303,0.012838714777567015,10.631582676664038,-7.7726626600331485,18.404245336697187,24.213393559654833,1.0987055874848408,206.1254865984778,77.38613414973985,97.35136781687814,20.585009610158913
575,2228.135826724997,216.85701747687656,1,1,2,33.0,2203.810905802726,446.1782834979964,2228.135826724997,1.0033036842128167,0.9705737743010987,1.029287214028909,0.012312931730141068,9.939493582215675,-13.066578635633363,23.006072217849038,24.32492092227085,1.1037662468328076,211.4910890212305,74.79399128312535,93.30575861733776,20.603091944653077
576,2252.0107619803557,307.4635417537345,1,1,2,33.0,2224.9876449087697,457.6926315407843,2252.0107619803557,1.000382481665767,0.9723697022636576,1.020355292424068,0.011376722722979862,17.757498517662043,-13.174117465826015,30.931615983488058,27.023117071586057,1.2145288596734691,230.0719379825558,84.8052606878524,57.51798449563895,21.970077463318876
577,2253.0591731920026,310.40011454483397,1,1,2,32.0,2224.9876449087697,457.6926315407843,2253.0591731920026,1.0006250463230628,0.9732125713790621,1.0224887396721591,0.011463038608575605,10.777981914755799,-15.42095429113516,26.19893620589096,28.071528283232965,1.261648726340859,240.58104736067793,90.18865520998385,52.217745737030306,22.86536901885022
578,2250.7683907422347,286.1288771024525,1,1,2,33.0,2224.9876449087697,457.6926315407843,2250.7683907422347,1.0017631646156535,0.9755903771025106,1.024752834138738,0.010841457071789006,23.089075235673505,-2.467091714414579,25.556166950088084,25.780745833465062,1.1586916400392928,221.7245594306447,85.6409571063193,61.70943304079217,21.88985013321486
579,2244.999350377205,228.76783591935558,13,7,20,32.0,2224.9876449087697,457.6926315407843,2244.9993503772043,1.0032780922802147,0.9778680499730965,1.0268207078506817,0.010787210067278374,-2.393914239661626,-22.337836443739576,19.94392220407795,20.01170546843514,0.8994074872382346,211.60016221976136,74.27507923154297,58.27476144446342,19.61269497832593
580,2249.799027513798,277.9320914266312,1,1,2,33.0,2224.9876449087697,457.6926315407843,2249.799027513798,1.0022243175920138,0.9763984807650242,1.0255234724704636,0.010981382571055956,-141.9809777601627,-164.08787027384273,22.106892513680037,24.811382605028484,1.1151245114462565,207.18443345806116,85.56771101868966,60.28928828488961,21.95337026473557
581,2253.727165238524,285.95964199834407,1,1,2,32.0,2224.9876449087697,457.6926315407843,2253.7271652385243,1.001751195447662,0.974356728132585,1.0256873602537464,0.010941769408631266,31.734790736823186,3.8709859626086427,27.863804774214543,28.739520329754214,1.2916710075004758,231.15897099155848,85.82572408387277,98.77233103823635,22.98010529293869
582,2245.9015657128316,230.9935349168225,1,1,2,32.0,2224.9876449087697,457.6926315407843,2245.9015657128316,1.0023298327300223,0.9776091579053678,1.0267432469907825,0.01025349564639698,1.9052651304535573,-17.41868546303334,19.3239505934869,20.913920804061945,0.9399567162504163,217.050429880102,76.48103163839569,70.37676797388373,20.08851068214337
583,2251.4569338729593,290.31201408635445,1,1,2,32.0,2224.9876449087697,457.6926315407843,2251.456933872959,1.0014817954556883,0.9741334086934748,1.0247498542492437,0.011091426651893414,14.167849183328087,-11.588157380515497,25.756006563843584,26.469288964189673,1.189637570561655,229.0179027050424,88.10417216170008,54.709981607325666,22.5393617607291
584,2249.4583013607016,260.83253689957525,1,1,2,33.0,2224.9876449087697,457.6926315407843,2249.4583013607016,1.001606418053411,0.9729590132225439,1.02822781178279,0.013407368781412715,3.9041648303253567,-20.069632364327163,23.97379719465252,24.470656451931973,1.099810891441392,176.812253289152,79.68454164799469,92.40502381141373,20.87673759092308
585,2257.3004933891716,323.0274067493511,1,1,2,32.0,2224.9876449087697,457.6926315407843,2257.3004933891716,1.0006174781927284,0.9736285307948317,1.023978064005677,0.010987156144154468,-12.97500131713818,-40.72176881150466,27.74676749436648,32.312848480401954,1.4522709172943236,239.8586900372283,93.63708162373496,90.71664638505202,24.207396071642638
586,2255.0331743979423,337.4036227349393,1,1,2,33.0,2224.9876449087697,457.6926315407843,2255.0331743979423,1.0005285618940922,0.9730597074295536,1.0234148329867823,0.011166149424529266,176.9221039414977,144.39187682006093,32.53022712143678,30.045529489172623,1.350368374310886,248.33789523145447,86.29824650028041,52.37687694085942,22.066386128129174
587,2250.546313632545,283.16068651303607,1,1,2,32.0,2224.9876449087697,457.6926315407843,2250.546313632545,1.0014230003322775,0.974982543964032,1.02446651958963,0.010983683695163594,14.66716269342055,-10.245891029415276,24.913053722835826,25.558668723775554,1.148710590922114,223.18602565548917,86.74703652453697,52.7733652346,22.12543234962448
588,2251.7609547322563,299.5712552063798,1,1,2,33.0,2224.9876449087697,457.6926315407843,2251.7609547322563,1.0008897202339322,0.966772300391441,1.0253750227121163,0.013308596321921773,87.39322251169983,61.88490393863185,25.50831857306798,26.77330982348667,1.2033015052802438,235.63246785153856,87.97172219502527,52.1647843878384,22.176548471064674
589,2250.7683907422347,286.1288771024525,1,1,2,33.0,2224.9876449087697,457.6926315407843,2250.7683907422347,1.0017631646156535,0.9755903771025106,1.024752834138738,0.010841457071789006,23.089075235673505,-2.467091714414579,25.556166950088084,25.780745833465062,1.1586916400392928,221.7245594306447,85.6409571063193,61.70943304079217,21.88985013321486
590,2251.7287299581617,296.1071578380608,1,1,2,32.0,2224.9876449087697,457.6926315407843,2251.7287299581617,1.0012063936992115,0.9743628937136827,1.0238474249946943,0.011116296604154849,9.804243914084964,-15.59143708074717,25.395680994832134,26.74108504939204,1.2018531927842906,229.58848175971286,88.23960678900961,52.98797892637979,22.41934044105402
591,2250.9446496346695,280.9955528409308,1,1,2,32.0,2224.9876449087697,457.6926315407843,2250.944649634669,1.0021544343533029,0.9744151232385538,1.0257810654608357,0.01109596860315163,-39.660843619909826,-66.03139325056894,26.370549630659113,25.95700472589988,1.1666134320024137,235.09026832044233,85.96650526612059,62.73542658187464,22.19921425178134
592,2247.304721991765,238.00548114252652,1,1,2,33.0,2224.9876449087697,457.6926315407843,2247.304721991765,1.0034473702011055,0.9781072797257943,1.0270099928117142,0.0109280438528509,-2.407387480734542,-22.25003390854897,19.84264642781443,22.317077082995183,1.0030202699804314,191.81984134838837,75.723992373499,99.3115555127164,20.555212851074497
593,2246.4138222694537,233.54881961506362,12,1,13,32.0,2224.9876449087697,457.6926315407843,2246.4138222694537,1.0017002497796426,0.9777945474954821,1.0267262754903919,0.010075943915639986,-20.978154632426595,-38.961643743775824,17.98348911134923,21.42617736068405,0.9629796106828531,221.25398161423098,77.43373798504801,73.45674172954077,20.30676488171476
594,2248.55213976975,254.99407333113942,1,1,2,33.0,2224.9876449087697,457.6926315407843,2248.5521397697503,1.0032967590504065,0.9766136332226873,1.0370529653741396,0.012748498665471645,20.85917352752969,-4.554701764124559,25.41387529165425,23.564494860980176,1.0590843016544653,214.24741302111408,83.35839608315955,55.81374440656636,21.39332492268409
595,2263.6322099824256,276.82518540496716,1,1,2,32.0,2237.1981292666296,455.48158534393804,2263.6322099824256,1.0022357646294806,0.973911878295314,1.0248401830955247,0.010849869765129841,31.609393406502704,8.123327922156108,23.486065484346597,26.43408071579597,1.1815708394348274,209.25608530977792,86.87712644569307,54.53182586879484,22.227869438417247
596,2275.9892972804632,348.55621525731436,10,10,20,32.0,2237.1981292666296,455.48158534393804,2275.989297280463,0.9997774276524787,0.9658782474452478,1.0209919692106728,0.012074943245201877,7.610821246256279,-20.88304826071095,28.49386950696723,38.79116801383361,1.7339174168963591,299.07378517742404,96.5017860572653,99.95914388720082,25.477481387111148
597,2264.9377044776156,283.76062152697017,1,1,2,33.0,2237.1981292666296,455.48158534393804,2264.9377044776156,1.001811040745183,0.9754844377208761,1.0240389497403661,0.010725825249068939,18.48410978778557,-3.1050171745924615,21.58912696237803,27.739575210986004,1.239924834913001,190.8831484210104,83.79971397997814,67.72311141945266,21.627604161111265
598,2264.8108328527055,292.7879252357349,1,1,2,33.0,2237.1981292666296,455.48158534393804,2264.8108328527055,1.0019428341817802,0.9728912186624176,1.0242461566949614,0.011109601452056866,54.722591825928134,31.697174332352517,23.025417493575617,27.612703586075895,1.2342538295938745,207.6795959821239,89.54253968544796,53.40908473077886,22.818607354761365
599,2265.4946145606336,294.37180318447207,1,1,2,32.0,2237.1981292666296,455.48158534393804,2265.494614560633,1.0016374469784532,0.9727777926330005,1.0240189746491544,0.011036599481691708,29.565117101896845,5.021739401499872,24.543377700396974,28.296485294004015,1.2648180294733133,222.94808072879152,90.02343701130508,53.37823726612275,22.978050173270685
600,2275.9892972804632,348.55621525731436,10,10,20,32.0,2237.1981292666296,455.48158534393804,2275.989297280463,0.9997774276524787,0.9658782474452478,1.0209919692106728,0.012074943245201877,7.610821246256279,-20.88304826071095,28.49386950696723,38.79116801383361,1.7339174168963591,299.07378517742404,96.5017860572653,99.95914388720082,25.477481387111148
601,2264.606664844349,270.79329469151656,1,1,2,33.0,2237.1981292666296,455.48158534393804,2264.606664844349,1.002314920186544,0.9764952481366863,1.024022229281044,0.010770754244965422,17.149369774032294,-3.1844996544875244,20.33386942851982,27.40853557771925,1.225127771169019,191.55354438613375,86.5056401604678,81.88249483333979,22.3380699597072
602,2264.518422645771,276.6904968982805,1,1,2,33.0,2237.1981292666296,455.48158534393804,2264.518422645771,1.001365131784288,0.9717729804934769,1.023741115886022,0.011709436118554486,27.639915568199484,3.675267342358069,23.964648225841415,27.320293379141276,1.2211834536128936,219.12165750963996,85.93728855409675,78.10210544181315,22.208096818244318
603,2259.681544635975,241.8458444276469,1,1,2,32.0,2237.1981292666296,455.48158534393804,2259.681544635975,1.003309102775251,0.9755136576151665,1.0260960867211586,0.010751544740378668,7.2751014735654564,-12.91969796689591,20.194799440461367,22.483415369345494,1.0049809659333,198.33826196434825,79.22871686928148,56.666883854315984,20.773178364212143
604,2265.788019742556,300.14522387218767,1,1,2,33.0,2237.1981292666296,455.48158534393804,2265.7880197425566,1.0013437098792657,0.9728582184942586,1.023345040794602,0.011040351970864963,-22.72573973602266,-47.9098344787144,25.18409474269174,28.589890475926495,1.2779328796103757,227.25214816310896,90.53186126396102,48.178051632665465,23.13020833479793
605,2257.1388406319425,234.63989847270537,1,1,2,33.0,2237.1981292666296,455.48158534393804,2257.138840631943,1.0037147651472853,0.978373010433496,1.026047531278393,0.010345889751499394,9.42261319586467,-8.91462066053353,18.3372338563982,19.940711365312836,0.8913252297349967,185.5520849051302,70.33147931639886,72.97797949148672,18.47494275116321
606,2281.6232106159646,396.78607831021986,1,1,2,33.0,2237.1981292666296,455.48158534393804,2281.6232106159646,0.9971373999293297,0.9618799283306638,1.0147850257761886,0.013126233080178509,-14.779822682238574,-47.78348697192271,33.00366428968414,44.42508134933496,1.9857464016339865,255.5007809695039,88.45049369272196,99.04680356758145,23.845753748541078
607,2265.6607919308817,315.1079617297348,1,1,2,33.0,2237.1981292666296,455.48158534393804,2265.6607919308817,1.0015104375780384,0.9732043877959203,1.0242022190422198,0.01079238479935958,13.55524152654732,-12.31403849044085,25.86928001698817,28.462662664252093,1.2722459531817314,210.86002576104437,90.83828809240231,54.27594428842932,23.0933484413327
608,2266.1834446563803,305.7739359399494,1,1,2,33.0,2237.1981292666296,455.48158534393804,2266.1834446563807,1.0012843628276265,0.972427460105463,1.0236459092108665,0.011024137701427695,32.793363797219484,7.762768057111515,25.03059574010797,28.985315389750667,1.295607886068288,224.4168004228944,90.0490899247264,52.805621989855,22.949534643213294
609,2265.4946145606336,294.37180318447207,1,1,2,32.0,2237.1981292666296,455.48158534393804,2265.494614560633,1.0016374469784532,0.9727777926330005,1.0240189746491544,0.011036599481691708,29.565117101896845,5.021739401499872,24.543377700396974,28.296485294004015,1.2648180294733133,222.94808072879152,90.02343701130508,53.37823726612275,22.978050173270685
610,2266.146903329063,270.54325068329604,1,1,2,32.0,2237.1981292666296,455.48158534393804,2266.146903329063,1.0025111368006898,0.9745142711431776,1.0245510338890085,0.010801786595575628,130.9821055711485,107.42328102275678,23.558824548391726,28.948774062433586,1.2939745337585817,208.74800723593617,86.20092189630165,94.77494504141633,22.615561327053417
611,2264.9944761034135,289.13876391699796,1,1,2,33.0,2237.1981292666296,455.48158534393804,2264.9944761034135,1.0017401187711938,0.9742230239079392,1.0243835394567742,0.010811072787140073,8.551950775405345,-14.317461604908175,22.86941238031352,27.79634683678387,1.242462456639713,198.8648791700102,86.12563424560999,61.364593545031155,22.11997515171713
612,2264.417299937538,257.6995457248928,1,1,2,33.0,2237.1981292666296,455.48158534393804,2264.4172999375382,1.002619085044536,0.9700565894988017,1.0255389900238323,0.011774068316318397,-10.574376547349374,-33.63086615609262,23.05648960874325,27.21917067090817,1.216663393144836,230.7925697828872,84.48994472296407,97.83886326555918,22.341902952798453
613,2263.124576535216,273.1437450635396,1,1,2,33.0,2237.1981292666296,455.48158534393804,2263.124576535216,1.002422123254499,0.9761151571038494,1.0246423852365734,0.010787735217278216,19.806383051592746,-0.3019753972908461,20.108358448883592,25.926447268586344,1.158880249783028,216.30572741027564,85.60072972743733,67.43215327189036,21.97927144406996
614,2256.6615992095417,310.26598747345145,1,1,2,33.0,2229.5762052755626,456.94729945003763,2256.6615992095417,1.0017076211505425,0.9744339647816137,1.0260305187301872,0.010833435871224126,22.565924068603636,-4.026826536638026,26.592750605241662,27.08539393397905,1.2148225241142385,216.00039366118074,91.16809233779081,56.72402225059188,23.077269440085264
615,2258.2439918471873,304.7514171376871,1,1,2,32.0,2229.5762052755626,456.94729945003763,2258.2439918471873,1.001255365090021,0.9734488547093045,1.0248470656667228,0.011150927248824206,172.00441671642267,146.4634028712461,25.541013845176565,28.667786571624674,1.2857953230659591,222.92255094202216,92.17131764141651,58.450630373366806,23.379426209967622
616,2255.1469523102905,261.61031759337857,1,1,2,33.0,2229.5762052755626,456.94729945003763,2255.146952310291,1.0025756166749884,0.9768473177849124,1.0264849211296811,0.010968396645785309,85.86197677293126,64.49083400917755,21.37114276375371,25.5707470347279,1.1468882280956845,219.99737160492964,83.84554637659147,70.40610805091346,21.604113585943402
617,2257.2376865064043,251.74900730005646,1,1,2,32.0,2229.5762052755626,456.94729945003763,2257.2376865064043,1.0026051437102075,0.9761865539995699,1.0262753247657659,0.010933925058898807,-43.100437584686546,-65.44623233607363,22.34579475138709,27.661481230841673,1.2406609455819373,203.2254309150268,85.47248564849265,95.0262474147999,22.465431661448907
618,2254.5933492177246,260.40154457305516,2,1,3,32.0,2229.5762052755626,456.94729945003763,2254.5933492177246,1.0025996101076666,0.9746889393246861,1.0269007404773995,0.01102704807022705,24.951950326455375,1.558534983436175,23.3934153430192,25.017143942161965,1.1220582585590517,235.9009238059283,87.01873118901818,56.03161035556414,22.140262209631693
619,2258.7044298226465,317.0431371453567,1,1,2,33.0,2229.5762052755626,456.94729945003763,2258.7044298226465,1.0003973216118955,0.9689944761339871,1.021257129664642,0.012367769155086904,2.397568694703608,-27.72950032173719,30.1270690164408,29.128224547083846,1.3064466905486987,215.58641621299319,88.57665200944244,51.97447696122723,22.727821701990194
620,2250.3697800731957,225.89481606926597,5,1,6,32.0,2229.5762052755626,456.94729945003763,2250.369780073195,1.004048289509388,0.9776869015635534,1.028635268136977,0.010809624542778716,13.628703841545928,-5.489766377247179,19.118470218793107,20.793574797633028,0.9326245386200228,224.11952448328515,77.84409986886577,57.06788476118414,20.43492423378192
621,2257.309503296519,284.4971664046599,1,1,2,33.0,2229.5762052755626,456.94729945003763,2257.309503296519,1.0016919601788847,0.9628515103425976,1.027706590464854,0.013160574178633378,-23.193389751358694,-53.14379856160596,29.950408810247268,27.733298020956227,1.2438820415886414,233.2297146061666,91.24230070083408,59.21155777013241,23.443715481630218
622,2250.3697800731957,225.89481606926597,5,1,6,32.0,2229.5762052755626,456.94729945003763,2250.369780073195,1.004048289509388,0.9776869015635534,1.028635268136977,0.010809624542778716,13.628703841545928,-5.489766377247179,19.118470218793107,20.793574797633028,0.9326245386200228,224.11952448328515,77.84409986886577,57.06788476118414,20.43492423378192
623,2257.231578547382,247.93211678479486,1,1,2,32.0,2229.5762052755626,456.94729945003763,2257.231578547382,1.0025465102596927,0.9762747899339262,1.0257259556496314,0.011083842022557345,9.391860201930712,-11.70163613145695,21.093496333387662,27.65537327181937,1.2403869940117758,200.99607594653483,83.15930904651498,99.1339575392465,22.24904449054343
624,2256.9066293662486,304.314231710871,1,1,2,33.0,2229.5762052755626,456.94729945003763,2256.906629366248,0.9999983373601746,0.9702663268291457,1.024950939262173,0.013864279911187312,4.339154310318378,-24.485471354623996,28.824625664942374,27.330424090685938,1.2258125120826744,209.17631416355383,85.12980577018708,53.06855597654915,21.847459466561958
625,2258.2439918471873,304.7514171376871,1,1,2,32.0,2229.5762052755626,456.94729945003763,2258.2439918471873,1.001255365090021,0.9734488547093045,1.0248470656667228,0.011150927248824206,172.00441671642267,146.4634028712461,25.541013845176565,28.667786571624674,1.2857953230659591,222.92255094202216,92.17131764141651,58.450630373366806,23.379426209967622
626,2252.4453523398925,243.19848484512553,1,1,2,32.0,2229.5762052755626,456.94729945003763,2252.4453523398925,1.0031971197946719,0.9759155146940361,1.0277156475053355,0.010900962710341012,12.425221285639651,-9.500235623361334,21.925456909000985,22.86914706432981,1.0257172197217326,214.46987133990572,83.43339894370206,56.53645693309575,21.477809510542286
627,2255.7223974781027,259.7631927389708,1,1,2,33.0,2229.5762052755626,456.94729945003763,2255.7223974781027,1.0015924604354964,0.9750682975725762,1.0212877053571177,0.011163904073406804,13.23062898790974,-11.559716872314823,24.790345860224562,26.146192202540078,1.1726978490653814,233.4679449092554,80.33321467636017,94.31977290225277,21.982332891429028
628,2259.4224414412497,272.0969171762084,1,1,2,32.0,2229.5762052755626,456.94729945003763,2259.4224414412497,1.0019805865162885,0.9749958091047933,1.0253595882986573,0.011078577450017002,-14.068882999115203,-38.775758836279664,24.70687583716446,29.84623616568706,1.338650641097878,213.29814530258585,87.86115465654163,96.94748203349117,23.44570952072724
629,2257.258093052622,291.71652962678024,1,1,2,32.0,2229.5762052755626,456.94729945003763,2257.258093052622,1.0016745942960894,0.9735355228374217,1.0257695457228695,0.0111039156844666,12.078966272705912,-13.391637349464503,25.470603622170415,27.681887777059274,1.241576211279935,233.91317060154907,91.68294760220991,56.376404358134714,23.193589747539857
630,2259.4224414412497,272.0969171762084,1,1,2,32.0,2229.5762052755626,456.94729945003763,2259.4224414412497,1.0019805865162885,0.9749958091047933,1.0253595882986573,0.011078577450017002,-14.068882999115203,-38.775758836279664,24.70687583716446,29.84623616568706,1.338650641097878,213.29814530258585,87.86115465654163,96.94748203349117,23.44570952072724
631,2256.6615992095417,310.26598747345145,1,1,2,33.0,2229.5762052755626,456.94729945003763,2256.6615992095417,1.0017076211505425,0.9744339647816137,1.0260305187301872,0.010833435871224126,22.565924068603636,-4.026826536638026,26.592750605241662,27.08539393397905,1.2148225241142385,216.00039366118074,91.16809233779081,56.72402225059188,23.077269440085264
632,2257.7247803542,304.9517333209007,1,1,2,33.0,2229.5762052755626,456.94729945003763,2257.7247803542004,1.0011911693371598,0.9738233927963028,1.0251724348021491,0.011085778705835254,-29.85830729473554,-54.97756280853156,25.11925551379602,28.14857507863735,1.2625078708694932,221.5616128421003,90.6289137651027,56.01370566071383,22.909462455072823
633,2252.563892497892,243.18157784110764,1,1,2,32.0,2229.5762052755626,456.94729945003763,2252.563892497892,1.0028464692986663,0.9770889530378383,1.0274500869382663,0.010693749899051103,161.8327457068682,142.20055352182357,19.63219218504463,22.98768722232944,1.0310339322754074,236.66807411464933,83.55220094534545,57.09136235118819,21.547423262016714
634,2249.920235449264,381.03807071048686,1,1,2,32.0,2213.280171586534,451.73664523151365,2249.920235449264,0.9979801888245445,0.9649055232165585,1.0195605293490513,0.012911146327412314,-7.918157982659949,-39.21702197480391,31.298863992143964,36.64006386273013,1.6554643344798787,309.1657686457216,97.92139805245161,61.83315372914432,24.754841628552995
635,2237.966256475157,242.52386637845103,1,1,2,32.0,2213.280171586534,451.73664523151365,2237.966256475157,1.003108523284272,0.977787116688852,1.027747671138875,0.010807998929830824,115.76208188603874,96.18088486398494,19.5811970220538,24.6860848886231,1.115361950354776,205.79441284567048,82.73346850173894,97.72392118848194,22.404592200659728
636,2233.8436681896956,223.85295867495284,12,1,13,32.0,2213.280171586534,451.73664523151365,2233.843668189695,1.002217988170679,0.9769111990450388,1.0288544515859623,0.010228765136613163,-100.89171758175938,-118.30568917381818,17.4139715920588,20.56349660316164,0.9290959575362397,233.23284860993763,76.96788248738493,71.44416016412958,20.27283415603408
637,2238.03747269721,254.5175317855667,1,1,2,33.0,2213.280171586534,451.73664523151365,2238.0374726972095,1.002650928475343,0.9721465696479852,1.0291197415706081,0.011319606085307769,18.63059712203622,-7.395233246092687,26.025830368128908,24.757301110676053,1.1185796280336895,266.2752779622246,86.02692544780793,94.50431905962535,22.516307460732587
638,2243.969075988007,311.1240380457712,1,1,2,33.0,2213.280171586534,451.73664523151365,2243.969075988007,1.0012841446363367,0.9714741474662321,1.0255252809863524,0.011711619644143108,10.212963955223785,-13.857992756843004,24.07095671206679,30.688904401472882,1.3865801896862573,255.1306957876431,90.53831506890576,98.59445717704502,23.75487684451092
639,2237.821861541749,242.62905036909768,2,1,3,32.0,2213.280171586534,451.73664523151365,2237.821861541749,1.0033414809232022,0.9771350813263546,1.0281597722500355,0.01089293238027382,60.86527078871987,41.23520824962654,19.63006253909333,24.541689955215134,1.1088379261818915,189.65101796497663,84.23767756168222,95.42536581097677,22.381078409754846
640,2241.0492760236666,291.2745257156944,1,1,2,33.0,2213.280171586534,451.73664523151365,2241.0492760236666,1.0000718997450269,0.9657801525856677,1.025246518742987,0.013480059892162019,27.540523137934457,2.484979730307714,25.055543407626743,27.769104437132683,1.2546583479861522,241.26201265305073,90.22332143789627,71.80372174817803,23.22462345603441
641,2235.2181582088338,232.33812649411712,2,1,3,32.0,2213.280171586534,451.73664523151365,2235.2181582088338,1.003945568473594,0.9745086676523309,1.0298353855653837,0.011201820944390383,7.9889709587887126,-14.546559738084056,22.53553069687277,21.93798662229983,0.9911979018261452,228.67045316404128,80.76366724928073,83.1705470896334,21.16535473676393
642,2240.640513015995,304.0632446411931,1,1,2,33.0,2213.280171586534,451.73664523151365,2240.6405130159947,1.0009652524300132,0.9726740360690769,1.0249044889850507,0.011327698910904922,11.0532262385411,-13.077749648889409,24.13097588743051,27.360341429461187,1.236189696212234,220.2344393453869,89.22688038371577,53.45493055658679,22.684937516103673
643,2235.2181582088338,232.33812649411712,2,1,3,32.0,2213.280171586534,451.73664523151365,2235.2181582088338,1.003945568473594,0.9745086676523309,1.0298353855653837,0.011201820944390383,7.9889709587887126,-14.546559738084056,22.53553069687277,21.93798662229983,0.9911979018261452,228.67045316404128,80.76366724928073,83.1705470896334,21.16535473676393
644,2235.8590132198797,224.03299925952058,1,1,2,32.0,2213.280171586534,451.73664523151365,2235.85901321988,1.0037234850733174,0.9785494337580848,1.029333388778563,0.010474478545745639,-98.58253213046737,-117.88467699714784,19.302144866680464,22.578841633345746,1.0201528899597323,224.04461169239772,76.55999807446862,95.57503142045769,20.836148036617793
645,2239.422436749401,287.7445361256739,1,1,2,33.0,2213.280171586534,451.73664523151365,2239.422436749401,1.0016599925335257,0.9738041325602377,1.0254346822584766,0.011547168494844183,8.549670823077264,-14.359100650680347,22.90877147375761,26.14226516286726,1.1811548080751042,221.48923172364286,86.80447131669541,54.053900497544284,22.21786740746104
646,2240.2617009333585,315.6530022539255,1,1,2,33.0,2213.280171586534,451.73664523151365,2240.261700933359,0.9998045064040504,0.9696163074110571,1.021985646312446,0.012019917429385298,-14.851618697218441,-40.367610682132494,25.515991984914052,26.981529346824573,1.2190742813858737,257.8130114126434,92.29268501558472,51.56260228252868,23.11892670334029
647,2239.422436749401,287.7445361256739,1,1,2,33.0,2213.280171586534,451.73664523151365,2239.422436749401,1.0016599925335257,0.9738041325602377,1.0254346822584766,0.011547168494844183,8.549670823077264,-14.359100650680347,22.90877147375761,26.14226516286726,1.1811548080751042,221.48923172364286,86.80447131669541,54.053900497544284,22.21786740746104
648,2237.342027904294,262.55840565235525,1,1,2,32.0,2213.280171586534,451.73664523151365,2237.342027904294,1.0026452904822138,0.9754606317278683,1.0271086463528913,0.010997959776036834,12.925720101386474,-7.994966663710358,20.920686765096832,24.061856317759975,1.087158174851033,202.88111128318968,86.60196900907415,54.462674900905625,22.22030314314098
649,2236.7582093759893,254.13875769645455,1,1,2,32.0,2213.280171586534,451.73664523151365,2236.7582093759897,1.002740806898024,0.9759903512108663,1.0274791384770028,0.010939102644450253,-20.838968747719008,-41.08266552878456,20.24369678106555,23.478037789455357,1.0607801981357705,199.8950195599885,85.63569523361491,54.539218605460725,22.02566143113256
650,2241.089845941912,301.9163842020515,1,1,2,32.0,2213.280171586534,451.73664523151365,2241.0898459419122,1.000562365277934,0.9717005848285794,1.0237424478961727,0.011638819736673585,10.71357153744782,-15.54969363792074,26.26326517536856,27.809674355377865,1.2564913702472291,233.5715128956819,90.41356497350816,52.319727679695596,22.899131215828806
651,2240.911767111668,274.04074598494105,1,1,2,32.0,2213.280171586534,451.73664523151365,2240.911767111668,1.0021819497663598,0.9735633048700598,1.0274014193165435,0.011052428791420273,2.661197560993088,-21.414034028305394,24.075231589298483,27.63159552513389,1.2484454467111987,234.75713823427958,90.25946408654755,88.79461544116928,23.203459754960335
652,2243.969075988007,311.1240380457712,1,1,2,33.0,2213.280171586534,451.73664523151365,2243.969075988007,1.0012841446363367,0.9714741474662321,1.0255252809863524,0.011711619644143108,10.212963955223785,-13.857992756843004,24.07095671206679,30.688904401472882,1.3865801896862573,255.1306957876431,90.53831506890576,98.59445717704502,23.75487684451092
653,2246.7803438974847,341.12848319183445,1,1,2,33.0,2213.280171586534,451.73664523151365,2246.7803438974847,0.999415818760502,0.9626576623271371,1.0222543475932033,0.013035988974880583,49.783531914298806,19.14300223625014,30.640529678048665,33.5001723109508,1.5135983569100993,261.9512730073544,82.7664723964618,87.00018799613783,21.81509742791935
654,2247.329364579627,229.09989192890066,0,0,0,32.0,2223.126049237371,451.03888111889955,2247.329364579627,0.9998047000625805,0.9756429852512974,1.0226586340653943,0.011867409842211888,124.944178677938,104.25146597102474,20.692712706913255,24.203315342256246,1.0887063893906979,212.33354232684522,80.6996483176714,92.00514535570011,21.230874718959633
655,2255.9463186504418,313.08609555865866,9,1,10,33.0,2223.126049237371,451.03888111889955,2255.9463186504418,1.0015626706982157,0.9721870525238002,1.026555776242113,0.01169853334254822,74.14803783001605,44.49907683018333,29.648960999832724,32.820269413070946,1.4763116749196354,276.7567080175958,95.86087955274722,99.9421949507248,24.908785191520504
656,2248.606601637763,264.71174735085856,1,1,2,33.0,2223.126049237371,451.03888111889955,2248.606601637763,1.0023083249791107,0.9762667802630478,1.0267229595955518,0.011065651244880062,16.4343501995252,-5.733081747574289,22.167431947099487,25.4805524003923,1.1461586898832496,205.89058799806907,85.36191333176978,58.61526804568066,21.83750825621776
657,2250.37783895777,275.3036680257666,1,1,2,32.0,2223.126049237371,451.03888111889955,2250.3778389577706,1.0023027353671397,0.9738013009652565,1.026641489873255,0.011395837330072026,13.464416523600988,-11.943680023372764,25.408096546973752,27.2517897203993,1.2258319643975137,250.45830866564063,90.50492261796903,56.86479315783159,22.94504369416488
658,2248.9938087174414,261.9245073557031,1,1,2,33.0,2223.126049237371,451.03888111889955,2248.9938087174414,1.0025693900364097,0.9770724599499706,1.0265590753819982,0.011058570682489806,6.07434229960694,-14.741772388082268,20.816114687689208,25.867759480070617,1.1635759244935475,207.2467806665999,83.07998301383596,72.09078617561715,21.361464375046914
659,2253.95879993775,318.6219854152706,1,1,2,33.0,2223.126049237371,451.03888111889955,2253.95879993775,1.0000072403882196,0.970078251182006,1.0211011316622076,0.012112969888602504,19.14073937658776,-7.587924974095159,26.72866435068292,30.832750700379165,1.3869096946147585,271.70443421919,83.91056756650055,55.377346671300764,21.911743505726275
660,2250.5789713555487,287.09360209105455,1,1,2,32.0,2223.126049237371,451.03888111889955,2250.5789713555487,1.001655533613653,0.9755253122361901,1.0239047782400181,0.01136231056210509,-19.676057074731034,-42.66595049133713,22.989893416606094,27.452922118177867,1.234879242569058,217.77699304024804,90.5298970428871,57.402882009198684,22.91785244978693
661,2252.0995511893143,264.5091047490569,1,1,2,33.0,2223.126049237371,451.03888111889955,2252.0995511893143,1.0027697940351743,0.9772937492791689,1.0275930699033673,0.011256470614869857,14.543309413269668,-8.481088518894296,23.024397932163964,28.97350195194349,1.3032775159952206,191.6986787409745,83.86679753053363,99.60898633396883,22.4691736582925
662,2243.991213041807,219.65022252611647,11,7,18,32.0,2223.126049237371,451.03888111889955,2243.991213041807,1.0039976331007994,0.9789964990446605,1.0280342009072219,0.010951052490736628,3.5379225735270836,-13.933081988184654,17.471004561711737,20.86516380443618,0.9385506418582896,197.32581909741734,74.1097115636614,61.90818003314409,19.689992617976095
663,2249.4768460675236,261.10641429499964,1,1,2,32.0,2223.126049237371,451.03888111889955,2249.4768460675236,1.0026683282248725,0.9757047280898968,1.0266698067454623,0.011216505347574299,44.33019018903747,21.802576119554118,22.52761406948335,26.35079683015283,1.1853037680518521,229.57406251334666,86.3770096052354,64.74629495675399,22.02678418658927
664,2248.606601637763,264.71174735085856,1,1,2,33.0,2223.126049237371,451.03888111889955,2248.606601637763,1.0023083249791107,0.9762667802630478,1.0267229595955518,0.011065651244880062,16.4343501995252,-5.733081747574289,22.167431947099487,25.4805524003923,1.1461586898832496,205.89058799806907,85.36191333176978,58.61526804568066,21.83750825621776
665,2254.462925942713,297.1478708917631,1,7,8,33.0,2223.126049237371,451.03888111889955,2254.462925942713,1.0012264989883832,0.9774650980193831,1.023901964540191,0.011047859858138918,52.78295271787121,30.44830836985554,22.334644348015672,31.336876705342092,1.409586141824572,215.1773735885044,89.93789047520787,99.70402499682571,23.793353985750073
666,2248.1866924305423,235.7863149333005,1,1,2,33.0,2223.126049237371,451.03888111889955,2248.1866924305423,1.0031838206969121,0.9624792451853275,1.0293464467764692,0.013429371100198997,-23.847812960665323,-49.69145945449904,25.843646493833717,25.060643193171472,1.1272704578207955,215.42677050844463,82.96240790795399,76.4945613487442,21.689489238532207
667,2247.5412849525746,267.9171908558607,1,1,2,33.0,2223.126049237371,451.03888111889955,2247.541284952574,1.0007318847922493,0.9726560632577773,1.027264899072639,0.013799280182670483,-0.10216752787408723,-21.51871779547386,21.416550267599774,24.415235715203835,1.0982389290782377,245.57315790833508,86.94390740926949,61.518175502153504,22.190285305362636
668,2248.606601637763,264.71174735085856,1,1,2,33.0,2223.126049237371,451.03888111889955,2248.606601637763,1.0023083249791107,0.9762667802630478,1.0267229595955518,0.011065651244880062,16.4343501995252,-5.733081747574289,22.167431947099487,25.4805524003923,1.1461586898832496,205.89058799806907,85.36191333176978,58.61526804568066,21.83750825621776
669,2248.973242770568,269.6411619426798,1,1,2,32.0,2223.126049237371,451.03888111889955,2248.973242770568,1.0023461800400117,0.97615508558674,1.0256802235338442,0.011108095994388022,6.060066535616414,-16.62808798798855,22.688154523604965,25.847193533197242,1.1626508331393965,219.48763141498287,88.4571082129178,56.888127237327716,22.509196548918467
670,2251.2530090815353,261.8156885694713,1,1,2,32.0,2223.126049237371,451.03888111889955,2251.2530090815353,1.0023022436171412,0.9795041680426724,1.0253263602206553,0.010859993842502023,-109.2639090745822,-128.63209180365703,19.36818272907483,28.126959844164503,1.2651986086804785,213.64682755357717,87.6522105384257,88.87373845100456,22.963230036063713
671,2246.579281840323,224.62949146114153,1,1,2,32.0,2223.126049237371,451.03888111889955,2246.579281840323,1.002522800852658,0.9784781841744332,1.0271143233225324,0.010633914323448363,31.092797046912892,14.062598597395663,17.03019844951723,23.453232602952085,1.0549663889277698,197.83113198041943,79.09066002391148,88.46984979495967,21.037075689569413
672,2249.706931484924,277.79322320668444,1,1,2,32.0,2223.126049237371,451.03888111889955,2249.706931484924,1.0015305396232412,0.9765002605279184,1.0245418968180044,0.011002030775927213,-51.01487391509974,-72.79482880222687,21.779954887127133,26.58088224755329,1.1956534024092647,207.48979577757294,91.27993182589559,57.29497047279477,23.00920957310392
673,2254.968626946976,274.9230785225865,2,1,3,32.0,2228.5867315627665,453.13266439037767,2254.968626946976,1.0022604698184516,0.9754982293580441,1.0264183258956807,0.01106921275876887,23.057351917070605,-3.136895816911732,26.194247733982337,26.381895384209656,1.183794869213356,224.48453323160123,84.33581656786862,99.3063081202308,22.370375612372964
674,2250.7626776525985,246.28581757459335,2,1,3,32.0,2228.5867315627665,453.13266439037767,2250.7626776525985,1.0013472903775558,0.9775181663828904,1.0270894402841324,0.010238745840420475,22.525420981999503,2.612570642772681,19.91285033922682,22.175946089831996,0.9950676711729954,222.24394732143264,80.13875867789525,71.71619851135347,20.744407599462498
675,2264.155315868831,385.26398579575005,1,1,2,33.0,2228.5867315627665,453.13266439037767,2264.155315868831,0.9973691746624729,0.9646351901780593,1.0186645882830963,0.01374222685901284,28.892469610354937,-5.117919988512426,34.01038959886736,35.56858430606462,1.596015259460987,240.9958911166447,100.61707987235086,67.43391718968724,26.67843256060342
676,2253.570894176528,261.71024197504903,0,0,0,32.0,2228.5867315627665,453.13266439037767,2253.5708941765283,0.9987645746581126,0.9756235145941686,1.0209203810716339,0.011739397246630572,-74.60259308398346,-99.07246330019862,24.469870216215156,24.984162613761328,1.1210765217219758,204.44441223860701,80.0272945839203,98.79653144916728,21.26032204370644
677,2256.9573257211355,298.89843959177034,1,1,2,33.0,2228.5867315627665,453.13266439037767,2256.9573257211355,1.000101838971865,0.975686051785813,1.0196522185630599,0.011492611010043698,-113.3775114077546,-138.81119337679985,25.433681969045253,28.37059415836893,1.2730307399108687,269.3058945004448,84.66889898161524,95.41295205000738,23.266296892935205
678,2253.390811042466,273.20069676023996,1,1,2,32.0,2228.5867315627665,453.13266439037767,2253.390811042466,1.0023541985648572,0.976443450173268,1.0268160799301704,0.010872699995908073,11.938952945201066,-12.884171823903017,24.823124769104083,24.80407947969934,1.1129959237577356,207.5461303244387,83.69683085284629,76.13941299658511,21.613175757122008
679,2255.110189764047,300.81481592599613,1,1,2,33.0,2228.5867315627665,453.13266439037767,2255.1101897640465,0.9993116952028002,0.9742999864518079,1.0191408990990456,0.012038728953588537,-142.42133531330788,-167.6568984012072,25.235563087899322,26.52345820128039,1.1901470032840575,252.33502517200984,81.50539798003267,80.73381206591183,21.1372466824554
680,2257.7303044046666,332.1587235396354,1,1,2,32.0,2228.5867315627665,453.13266439037767,2257.7303044046666,0.9994471542340181,0.9732296523755832,1.0217340089482194,0.011842136365203145,20.305800778023098,-8.401427282868525,28.707228060891623,29.143572841900095,1.3077154426681683,225.54805029881865,91.39102647523822,53.843692081637585,23.127774120870082
681,2251.9866044423566,272.94880835621154,1,1,2,32.0,2228.5867315627665,453.13266439037767,2251.9866044423566,1.0023347247018244,0.9757891187425116,1.0266028841504709,0.01112868536589858,-119.91015084437913,-143.9628824799272,24.05273163554807,23.39987287959002,1.0499870859044904,214.73980098970787,83.83113070296687,54.7594863223372,21.513282463894342
682,2256.9573257211355,298.89843959177034,1,1,2,33.0,2228.5867315627665,453.13266439037767,2256.9573257211355,1.000101838971865,0.975686051785813,1.0196522185630599,0.011492611010043698,-113.3775114077546,-138.81119337679985,25.433681969045253,28.37059415836893,1.2730307399108687,269.3058945004448,84.66889898161524,95.41295205000738,23.266296892935205
683,2257.7303044046666,332.1587235396354,1,1,2,32.0,2228.5867315627665,453.13266439037767,2257.7303044046666,0.9994471542340181,0.9732296523755832,1.0217340089482194,0.011842136365203145,20.305800778023098,-8.401427282868525,28.707228060891623,29.143572841900095,1.3077154426681683,225.54805029881865,91.39102647523822,53.843692081637585,23.127774120870082
684,2250.5990746157718,254.55516278578867,1,1,2,32.0,2228.5867315627665,453.13266439037767,2250.599074615772,1.00294012866158,0.9767099329027957,1.0274158688162254,0.011006496800193074,13.52844120370176,-9.34691827042073,22.87535947412249,22.012343053005225,0.9877265596735095,208.5991093590218,80.51932620448059,62.20689512987183,20.82046658390033
685,2256.940517004868,330.0243635965957,1,1,2,33.0,2228.5867315627665,453.13266439037767,2256.940517004868,1.000028832883917,0.9758799106924014,1.0225892913587429,0.011280131303645337,13.29319145239964,-12.109698749288583,25.402890201688223,28.353785442101525,1.2722765078215652,231.37551740016593,88.39445445598042,54.01653113785607,22.44469641733155
686,2256.9573257211355,298.89843959177034,1,1,2,33.0,2228.5867315627665,453.13266439037767,2256.9573257211355,1.000101838971865,0.975686051785813,1.0196522185630599,0.011492611010043698,-113.3775114077546,-138.81119337679985,25.433681969045253,28.37059415836893,1.2730307399108687,269.3058945004448,84.66889898161524,95.41295205000738,23.266296892935205
687,2251.9369212074657,306.9823650909961,1,1,2,33.0,2228.5867315627665,453.13266439037767,2251.9369212074653,1.0023843519104387,0.977750775630179,1.026928042107025,0.010495604575700786,15.914150870232504,-8.379891056410344,24.294041926642848,23.350189644699185,1.0477577252883121,201.83663849531598,83.51020640961623,49.56849612892515,21.05171884601225
688,2250.812147515891,262.83658621574955,1,1,2,32.0,2228.5867315627665,453.13266439037767,2250.812147515891,1.0023410892045945,0.9761592091770488,1.0267082219330697,0.011084101278887405,-11.800681293441556,-35.56907660629943,23.768395312857876,22.22541595312441,0.997287457488322,210.2365319466392,81.70804361869686,53.97192134533688,21.063946588659785
689,2256.9573257211355,298.89843959177034,1,1,2,33.0,2228.5867315627665,453.13266439037767,2256.9573257211355,1.000101838971865,0.975686051785813,1.0196522185630599,0.011492611010043698,-113.3775114077546,-138.81119337679985,25.433681969045253,28.37059415836893,1.2730307399108687,269.3058945004448,84.66889898161524,95.41295205000738,23.266296892935205
690,2253.9269363026724,281.5702132186656,1,1,2,32.0,2228.5867315627665,453.13266439037767,2253.9269363026724,1.0021606140690313,0.9751721900405913,1.0267017134407594,0.011056291689873259,12.57961383941057,-13.478072907263538,26.057686746674108,25.340204739905857,1.1370526612682639,227.10610690788516,86.32080055506871,73.24744337134692,22.152349978355026
691,2302.8179777420764,251.89516189991383,1,1,2,33.0,2282.7537775145793,463.1507575007232,2302.8179777420764,1.0029197735343656,0.9806645084988361,1.0251671192059144,0.010425299784975698,11.306448505769765,-4.167754442333035,15.4742029481028,20.064200227497167,0.8789471919894358,177.12254686513472,75.24235390456695,67.62815428963104,19.772848542465415
692,2308.1868559552877,272.57559231203174,1,1,2,33.0,2282.7537775145793,463.1507575007232,2308.1868559552872,1.0010618946959802,0.9728994525335266,1.020204136518461,0.012650879404842792,123.40935062036374,99.76915770902963,23.64019291133411,25.433078440708414,1.114140241108241,188.07466941003022,80.36358877066303,92.61021780254373,20.982986979606714
693,2305.463721109706,237.22932679612072,1,1,2,33.0,2282.7537775145793,463.1507575007232,2305.463721109706,1.0029994275712393,0.9763275648343698,1.026363826381406,0.01149824237091276,50.15034677747386,30.3998048201218,19.750541957352056,22.709943595126788,0.9948485823930149,192.92526314282105,77.3395185230389,99.9431588072061,21.03859615699601
694,2304.4995251585347,247.45319939384194,10,7,17,32.0,2282.7537775145793,463.1507575007232,2304.499525158535,1.00251526477758,0.9771339680165747,1.0254030628735284,0.011203736630679362,145.19451649172112,127.52701734011885,17.66749915160227,21.745747643955383,0.9526103015644446,210.99668459815172,79.76788234454654,71.1044906487906,20.812263020161513
695,2307.4452188202977,279.0029388112852,1,1,2,32.0,2282.7537775145793,463.1507575007232,2307.4452188202977,1.0014451317925142,0.9752762035101827,1.0237330675259444,0.011236149963605564,11.537426411685345,-9.68066347913259,21.218089890817936,24.6914413057184,1.081651536356321,206.11202717449592,86.30268455907431,56.607417038764204,22.075729602527886
696,2302.7248700789214,233.37596732931556,11,7,18,32.0,2282.7537775145793,463.1507575007232,2302.7248700789214,1.0032996806693508,0.9780329290230886,1.0261051184089272,0.01117601958455647,15.56516995395478,-2.080495785274337,17.645665739229116,19.971092564342143,0.8748684488471773,206.59053939302706,74.0462677873848,70.01157353953104,19.67420954434472
697,2307.471109515368,265.97418855791227,1,1,2,33.0,2282.7537775145793,463.1507575007232,2307.471109515368,1.0019544783168302,0.97741449288544,1.0243944586684772,0.011384330021612304,-10.744538891947286,-29.316879018449043,18.572340126501757,24.7173320007887,1.0827857232898979,201.0503859927149,83.20267527830983,93.19044152993955,21.8693182200822
698,2304.350426791897,245.61321261626355,12,1,13,32.0,2282.7537775145793,463.1507575007232,2304.350426791897,1.000882734632676,0.9774250846914242,1.0249020267939675,0.010450028784870637,-0.6273331308582328,-17.761773211135477,17.134440080277244,21.596649277317738,0.9460787882621216,217.38921975215604,79.12267233641636,72.36050578401426,20.668188599320906
699,2302.5176558063126,231.0464071237435,13,7,20,32.0,2282.7537775145793,463.1507575007232,2302.5176558063126,1.0020078737190656,0.9771039616129102,1.0251702184544622,0.011003573609769265,12.34687569531269,-6.0535080902158995,18.40038378552859,19.763878291733363,0.8657910671930599,197.44186759991564,74.52707056590836,73.199312557043,19.727928880219487
700,2309.5755659907254,304.4880457695251,1,1,2,32.0,2282.7537775145793,463.1507575007232,2309.5755659907254,1.0008005638264532,0.973489341052807,1.0223126543309835,0.011586097570932145,25.180261102259237,3.023094747259478,22.15716635499976,26.82178847614614,1.1749750998265442,228.79601040961631,89.62230348525354,55.75017481756408,22.698807167844386
701,2309.013611536739,300.81715428670725,1,1,2,33.0,2282.7537775145793,463.1507575007232,2309.0136115367395,1.0004676904934733,0.9754012909254229,1.0226418093555845,0.011206688065078374,-48.37754700728067,-69.15902476691147,20.781477759630803,26.259834022159794,1.1503577074681712,257.7139706612637,85.46925999567053,56.53235404497489,21.91782444639556
702,2302.5176558063126,231.0464071237435,13,7,20,32.0,2282.7537775145793,463.1507575007232,2302.5176558063126,1.0020078737190656,0.9771039616129102,1.0251702184544622,0.011003573609769265,12.34687569531269,-6.0535080902158995,18.40038378552859,19.763878291733363,0.8657910671930599,197.44186759991564,74.52707056590836,73.199312557043,19.727928880219487
703,2307.016335803824,261.2267940693107,1,1,2,33.0,2282.7537775145793,463.1507575007232,2307.016335803824,1.0022926643802295,0.9789237947603705,1.0256135662569563,0.01105409872110677,11.409489120184332,-7.46029465463306,18.869783774817392,24.26255828924468,1.0628635697916273,206.09778095774925,84.79404492473579,85.13992396853517,21.95635914216943
704,2316.2999105113254,325.68642637094126,1,9,10,33.0,2282.7537775145793,463.1507575007232,2316.2999105113254,0.9998033661094144,0.9754101195499717,1.0218119841219149,0.011397089145363812,-86.51801495547855,-108.36681984991151,21.84880489443296,33.54613299674611,1.4695467083300824,203.12489794547352,96.16648918668795,99.92682425529634,25.259910168642236
705,2308.9705594699353,297.055133179302,1,1,2,32.0,2282.7537775145793,463.1507575007232,2308.9705594699353,1.0006131985562765,0.9732593478799911,1.0225303059018047,0.011594034581712,17.65540101011902,-5.568294163388117,23.22369517350714,26.216781955356055,1.148471736794163,227.84794671217998,87.99441377301301,57.43736836903515,22.43782175712287
706,2303.662744725416,244.34571073641845,0,0,0,32.0,2282.7537775145793,463.1507575007232,2303.662744725416,0.9987030165739249,0.9761582256284226,1.0196567659356028,0.011724594719399987,9.978736813106394,-8.027417137618016,18.00615395072441,20.908967210836636,0.9159536791393217,199.51763613308927,78.64083977660566,65.15719683283679,20.44135655436224
707,2302.7248700789214,233.37596732931556,11,7,18,32.0,2282.7537775145793,463.1507575007232,2302.7248700789214,1.0032996806693508,0.9780329290230886,1.0261051184089272,0.01117601958455647,15.56516995395478,-2.080495785274337,17.645665739229116,19.971092564342143,0.8748684488471773,206.59053939302706,74.0462677873848,70.01157353953104,19.67420954434472
708,2305.463721109706,237.22932679612072,1,1,2,33.0,2282.7537775145793,463.1507575007232,2305.463721109706,1.0029994275712393,0.9763275648343698,1.026363826381406,0.01149824237091276,50.15034677747386,30.3998048201218,19.750541957352056,22.709943595126788,0.9948485823930149,192.92526314282105,77.3395185230389,99.9431588072061,21.03859615699601
709,2302.7008933905067,239.11320072663392,13,7,20,32.0,2282.7537775145793,463.1507575007232,2302.7008933905067,1.0025711453606378,0.9775471106024406,1.025124480907879,0.011128716839596094,1.192435078901525,-16.791952637943865,17.98438771684539,19.947115875927466,0.8738181083045024,208.67523327315135,75.17965120481739,57.93358111655421,19.89059429420343
710,2306.590749302341,278.7128963985997,1,1,2,33.0,2282.7537775145793,463.1507575007232,2306.590749302341,1.00173880479407,0.9768063274225122,1.0238383901052417,0.011322951308381858,-4.929503152606344,-24.31066358149343,19.381160428887085,23.83697178776174,1.0442200128002854,215.00983769865147,85.34629814782261,65.00462273028243,21.919054652934967
711,2350.538698557699,293.156839724732,1,1,2,33.0,2325.2612185243424,472.9977744388726,2350.538698557699,1.0011750308807708,0.9773734231167889,1.0225344615943,0.010536380011673173,6.184774704314407,-16.136005814834107,22.320780519148514,25.27748003335637,1.0870813064778144,201.00791999092263,79.793425509601,91.67279100414639,21.161380062896427
712,2352.879163316062,293.44549843757807,1,1,2,32.0,2325.2612185243424,472.9977744388726,2352.8791633160617,1.0008315102829004,0.9813374895555176,1.021765413763309,0.00998766776101568,8.00659326252358,-11.464349966333288,19.470943228856868,27.617944791719765,1.1877351487092993,255.26247702667715,88.3389617925283,91.86559932911152,22.932009918566536
713,2352.600704735124,313.4048294651896,1,1,2,33.0,2325.2612185243424,472.9977744388726,2352.600704735124,0.9999828077189054,0.9760937030891984,1.0196569290747763,0.010745368700312802,42.66316247542227,19.024665351412295,23.638497124009973,27.339486210781615,1.1757597810078217,224.07979747825607,89.76968958497572,53.98040584104924,22.928436960559477
714,2357.5322881139873,342.7628292780429,1,1,2,33.0,2325.2612185243424,472.9977744388726,2357.5322881139873,0.9974938352346855,0.958309686183377,1.018768057828798,0.01331899462159123,-124.06489074746136,-144.91855036699894,20.85365961953758,32.27106958964487,1.387847065635264,252.2192214697777,95.53232171784376,92.18490466438983,24.59297625192557
715,2352.600704735124,313.4048294651896,1,1,2,33.0,2325.2612185243424,472.9977744388726,2352.600704735124,0.9999828077189054,0.9760937030891984,1.0196569290747763,0.010745368700312802,42.66316247542227,19.024665351412295,23.638497124009973,27.339486210781615,1.1757597810078217,224.07979747825607,89.76968958497572,53.98040584104924,22.928436960559477
716,2352.359727553383,287.82110983913094,1,1,2,32.0,2325.2612185243424,472.9977744388726,2352.359727553383,1.0009555553813934,0.9798714695576182,1.021987389160898,0.010219682580386667,-5.49329681152733,-25.06786471203455,19.57456790050722,27.098509029040542,1.1653963353948595,235.61102373256043,87.08334835206169,94.2899048947767,22.731101003964735
717,2348.4064821604143,307.6529685403258,1,1,2,33.0,2325.2612185243424,472.9977744388726,2348.4064821604143,1.0014099886015513,0.9787623245969684,1.0222520027567503,0.0101638031503271,48.129061923000336,27.33065122953991,20.798410693460426,23.14526363607183,0.9953833767872446,202.3900754214235,82.23890177694523,45.66497357750679,20.941669987515763
718,2351.4450062343694,271.90452643116305,1,1,2,33.0,2325.2612185243424,472.9977744388726,2351.44500623437,1.0006369166308573,0.9742407718257284,1.0262047270360783,0.01393757959893342,31.56024136378585,8.741617683508025,22.818623680277824,26.18378771002699,1.126057902717861,180.42195003193393,79.47303451768771,98.86553191099622,21.066026806867107
719,2352.879163316062,293.44549843757807,1,1,2,32.0,2325.2612185243424,472.9977744388726,2352.8791633160617,1.0008315102829004,0.9813374895555176,1.021765413763309,0.00998766776101568,8.00659326252358,-11.464349966333288,19.470943228856868,27.617944791719765,1.1877351487092993,255.26247702667715,88.3389617925283,91.86559932911152,22.932009918566536
720,2352.3387410664227,287.85850405682874,1,1,2,32.0,2325.2612185243424,472.9977744388726,2352.3387410664227,1.0007220805663315,0.9761758527808309,1.0223268133050876,0.010727286990979155,18.353133955269413,-3.4513228279479335,21.804456783217347,27.07752254208026,1.164493792196999,215.27842282570825,88.72820396925556,85.87260003918044,22.79631474404863
721,2352.4902666643648,310.6622321387546,1,1,2,32.0,2325.2612185243424,472.9977744388726,2352.4902666643648,1.0005397183973164,0.9756396690189209,1.0212206680464826,0.010881568039279777,-60.266159105464,-83.37724764045788,23.111088534993883,27.229048140022314,1.171010290074094,229.01158401962803,89.48251540007075,56.82497779001265,22.81596518441672
722,2350.692357580309,296.9803030439096,1,1,2,32.0,2325.2612185243424,472.9977744388726,2350.692357580309,1.0006247485571669,0.9771603264994412,1.0213787694709349,0.010576226059538304,11.323411302696314,-10.524121347492894,21.84753265018921,25.43113905596647,1.0936895542473968,215.4481927382287,87.21773675956784,55.32318104840007,22.202905943445195
723,2346.7918121614166,256.0771235448619,9,1,10,32.0,2325.2612185243424,472.9977744388726,2346.7918121614166,1.0010988253472608,0.9785845685154568,1.023368969862493,0.009841580976812436,-21.465703356703216,-39.29162503530907,17.82592167860585,21.530593637074162,0.9259430065555349,230.6266058098651,78.89551127153776,72.92653343967895,20.626801146771662
724,2349.782096954517,269.7826394414248,1,1,2,33.0,2325.2612185243424,472.9977744388726,2349.7820969545173,1.0024747538226964,0.9779915534573115,1.0333246072204862,0.01218477755172094,18.409871689592364,-3.226979350111833,21.636851039704197,24.520878430174434,1.0545429577901737,209.13555195052314,84.55498638932542,70.27114468040067,21.770424830669583
725,2349.7172631315434,270.5782169002531,1,1,2,32.0,2325.2612185243424,472.9977744388726,2349.717263131544,1.0017400716206317,0.9787710628905303,1.023312339557168,0.010294078544623341,16.06825645861852,-4.529831405077601,20.598087863696122,24.456044607200965,1.0517547195287273,210.63435002462083,82.35828361922293,85.77419112845173,21.558878993736442
726,2352.5877176869035,318.3104274511071,1,1,2,33.0,2325.2612185243424,472.9977744388726,2352.5877176869035,1.0002961886865798,0.9755936506339398,1.021306230918007,0.010703401905408583,17.2268434562759,-6.439359751546704,23.666203207822605,27.32649916256105,1.1752012610395228,223.16272453867523,89.15178766852318,57.49067453240706,22.750472296015893
727,2352.8777616572106,317.93295645769393,1,1,2,33.0,2325.2612185243424,472.9977744388726,2352.8777616572106,0.999982617500692,0.9764315630253751,1.0212456028240717,0.010640801772510321,11.028329049864737,-11.35656823986011,22.384897289724847,27.616543132868173,1.1876748690796206,261.6600614092735,87.12957112306594,57.86538938498419,22.308168493505235
728,2352.5036101951932,300.31849730063055,1,1,2,32.0,2325.2612185243424,472.9977744388726,2352.503610195193,1.0007215759936292,0.9767105444799924,1.021574909181706,0.010872659461679632,97.52745611466344,76.34503179102609,21.18242432363735,27.242391670850793,1.1715841409052254,216.77025118635692,86.13767311060275,81.6225313114121,22.561111872572923
729,2353.072818073282,301.0567032272791,1,1,2,33.0,2325.2612185243424,472.9977744388726,2353.072818073282,1.0005524958227732,0.9764702452661604,1.0217691529692008,0.010951852483454944,4.345623463421219,-17.246980151520034,21.592603614941254,27.81159954893974,1.1960634498772373,221.63557368386665,82.32796545604852,93.33323370315385,21.984367357012758
730,2352.3831291707966,304.181627371737,1,1,2,33.0,2325.2612185243424,472.9977744388726,2352.3831291707966,1.0004268747613876,0.9763983850882065,1.0220697283595432,0.01066731175376014,9.260298805728297,-13.37514167192461,22.635440477652907,27.121910646454126,1.1664027435019209,234.65675798305642,85.40831703406991,73.70038835563352,22.029913122913616
731,2350.1652687023407,283.2894948869318,1,1,2,33.0,2328.1157979680347,472.80806698859055,2350.1652687023407,1.0020420318535754,0.9807912635723457,1.0244323645779263,0.010457404414089445,24.948151659109783,8.046769756741895,16.901381902367888,22.04947073430594,0.9470951038410798,200.1227802803486,78.9813188452736,67.71400298684001,20.48404644127459
732,2355.8996134123363,311.19390244315986,1,1,2,33.0,2328.1157979680347,472.80806698859055,2355.8996134123363,1.0005000756733915,0.9752745133164316,1.0231515686457584,0.011200903423907898,39.65213128339636,15.324802139188733,24.327329144207624,27.78381544430158,1.1934035011725417,211.75611013524153,84.60869758920245,75.36129298381437,21.971866734021923
733,2352.890224849874,276.1339675025152,1,1,2,33.0,2328.1157979680347,472.80806698859055,2352.8902248498744,1.001903306537288,0.9779139094410808,1.0245884716728562,0.01092454480106433,11.755167023231934,-9.529557794979922,21.284724818211856,24.77442688183919,1.0641406627394634,200.5611690944634,82.78402945599692,97.273293518841,21.920123434136816
734,2352.585647184854,285.16317250897686,1,1,2,33.0,2328.1157979680347,472.80806698859055,2352.5856471848547,1.0013384331487098,0.9783780960695583,1.0237072532544491,0.01111976670060441,-3.296344027372186,-23.686126309795554,20.38978228242337,24.46984921681951,1.0510580804518679,261.16880329419575,82.79733668975891,68.92726759702671,21.481600892587945
735,2354.6541611139087,306.70041148950224,1,1,2,33.0,2328.1157979680347,472.80806698859055,2354.6541611139082,1.0003138340378175,0.9748611592761252,1.0180080947009824,0.010909127642771951,12.036223684478614,-17.275167644330736,29.31139132880935,26.538363145873973,1.1399073520757212,219.64422878887362,83.49485799241572,79.27975296295216,22.014756796972517
736,2358.913102497796,360.7236298319308,1,1,2,33.0,2328.1157979680347,472.80806698859055,2358.913102497796,0.9985594801462411,0.9726636432609352,1.0183555756641103,0.011651765539832114,114.25724097085163,86.74379500090782,27.513445969943803,30.797304529761277,1.3228424701486488,240.4504102357496,92.31151928013196,63.735980222615474,23.385815592044263
737,2356.826191431637,328.3691256619571,1,1,2,33.0,2328.1157979680347,472.80806698859055,2356.826191431637,0.9988533011979444,0.9751145684542571,1.017920519907033,0.012099645736019987,50.547301703762855,27.187431486189297,23.359870217573558,28.710393463602486,1.2332029828009734,255.5980144541469,86.80524977524118,96.28664295385751,23.087141066528723
738,2353.143971820748,282.64056983901276,1,1,2,33.0,2328.1157979680347,472.80806698859055,2353.143971820748,1.0011198256537517,0.9788899634969762,1.0238786591640743,0.01068342510559496,12.003042177024525,-7.6609016372314045,19.66394381425593,25.02817385271328,1.0750399045682228,272.046434037454,78.72121015834244,87.2157225858234,20.952282468015934
739,2353.510104559212,323.2446612755011,1,1,2,33.0,2328.1157979680347,472.80806698859055,2353.510104559212,1.0002327079831546,0.9751852798233578,1.0226416017903235,0.011041184434096487,80.86373081084037,56.85609621453051,24.007634596309856,25.394306591177155,1.0907664736153224,226.57886459942313,86.47446172877115,54.94598936132421,22.144508234529045
740,2353.3785562913463,304.97991724564764,1,1,2,33.0,2328.1157979680347,472.80806698859055,2353.3785562913463,1.0006502724158528,0.972378980100398,1.0237661283336914,0.012087544407397899,-7.0619148739786795,-30.171468364709682,23.109553490731003,25.262758323311573,1.085116055883507,228.61835201003024,86.20971111587575,55.410430723636196,21.98273989374179
741,2348.879008881205,239.92813446526443,0,0,0,32.0,2328.1157979680347,472.80806698859055,2348.879008881205,0.9991082941810877,0.9779912672627381,1.0212954338324947,0.011496446260966438,24.547767847877168,5.419307135721283,19.128460712155885,20.763210913170496,0.8918461414716785,220.76170799131978,76.33165482597242,90.88657513377846,20.306356681018855
742,2352.493166115617,274.81200658378833,1,1,2,32.0,2328.1157979680347,472.80806698859055,2352.493166115617,1.0016910313615974,0.9787136683685219,1.0243599709615878,0.010671928618960044,6.046748439282709,-14.328126595297078,20.374875034579787,24.377368147582274,1.047085723521944,227.94631041539643,83.66999206223944,77.94638952893193,21.71826761004568
743,2357.3647463386487,342.0174507295808,1,1,2,33.0,2328.1157979680347,472.80806698859055,2357.3647463386487,0.9988312802933192,0.9755977293826061,1.0166687535655465,0.01151973560496211,16.561456656695896,-16.15361311058834,32.715069767284234,29.248948370614016,1.2563356339982024,236.75781955853256,88.13539846467697,60.00691055053422,22.598338826570448
744,2355.6718270614974,330.78575370595206,1,1,2,33.0,2328.1157979680347,472.80806698859055,2355.671827061497,0.9992819222381475,0.9732975365408738,1.0169315008483257,0.012979332332500265,11.101041049535354,-15.709920064983407,26.81096111451876,27.556029093462712,1.1836193507863073,250.9062013950756,86.51998037342851,53.01749193239582,22.23024146398326
745,2353.5736756428573,302.11792951774663,1,1,2,32.0,2328.1157979680347,472.80806698859055,2353.5736756428573,1.0008506612114414,0.9759112132701195,1.0232121431390269,0.011059562236022221,8.854799230746778,-14.966739154564664,23.82153838531144,25.457877674822612,1.0934970544438594,220.90008200593795,86.76588445510033,55.811004892034,22.20988523078974
746,2354.199599407667,305.2572338052188,1,1,2,33.0,2328.1157979680347,472.80806698859055,2354.199599407667,1.0007972854332918,0.9761724626461512,1.0236870742674975,0.011006809184268874,-83.388928818467,-106.8606644171734,23.471735598706402,26.083801439632225,1.120382476782212,204.66551835809258,86.17782433490298,70.86552634288277,22.07691748542807
747,2353.0736468438236,285.0154482172476,1,1,2,33.0,2328.1157979680347,472.80806698859055,2353.073646843823,0.9999425295965624,0.9723445921380828,1.0261789334971692,0.013934759456184853,14.572035978047666,-8.497043674491465,23.06907965253913,24.95784887578884,1.0720192224790492,240.84435296805665,82.51200421013591,84.8116981075533,21.500555265222438
748,2360.183087005693,359.0344304068339,1,1,2,32.0,2328.1157979680347,472.80806698859055,2360.183087005693,0.9987874324622107,0.9718030815631263,1.0205510944643714,0.011669822327680346,179.39099424695019,-179.3381207186742,358.7291149656244,32.067289037658156,1.3773923558976873,245.46585440528887,92.81794941153471,60.530764031787996,23.71219278363892
749,2354.8860445147534,323.1587188988423,1,1,2,33.0,2328.1157979680347,472.80806698859055,2354.8860445147534,1.0001511969472026,0.9751583247814318,1.0221455754664917,0.011150161987018778,96.00351876814517,71.74830615968062,24.255212608464547,26.77024654671868,1.1498674838289225,229.65175418581043,88.1735385057204,56.43529204886622,22.587134300353608
750,2328.6560589743162,311.72157985278164,1,1,2,33.0,2297.6619111374207,467.0602796248809,2328.6560589743167,0.9999430141173105,0.9682719971804884,1.0240076500901065,0.012182214064817471,18.01311467549894,-7.8426443421529655,25.855759017651906,30.994147836895536,1.3489429270101962,302.3857080086624,92.78870890200038,88.34949768464526,23.79416562698724
751,2324.9341884657338,298.42324579822684,1,1,2,33.0,2297.6619111374207,467.0602796248809,2324.9341884657338,1.0009739556516881,0.9723486215213851,1.02393998913297,0.011851325182385804,15.604062833782564,-5.013065141796943,20.617127975579507,27.272277328313066,1.1869578024563396,222.32448454983208,88.24892353463738,80.64800656488241,22.804509304206334
752,2324.557545701218,312.5720506972042,1,1,2,32.0,2297.6619111374207,467.0602796248809,2324.5575457012174,1.0005423106603373,0.9704472007799758,1.0233412866594722,0.011790623629356586,-112.11797137737966,-135.72385260404133,23.605881226661666,26.895634563797103,1.1705653661849167,249.8916977513975,92.06303523500172,57.25807565252644,23.258454657806695
753,2321.31234734393,277.7471785669806,1,1,2,33.0,2297.6619111374207,467.0602796248809,2321.31234734393,1.0017368791279833,0.9731698648455709,1.0253722016680216,0.01171060226531629,-147.51335764064788,-166.99217447333922,19.478816832691336,23.650436206509312,1.0293262073009488,224.15078135965248,85.01985830921934,64.85833784554306,21.86003516132335
754,2319.051475703201,241.27996182804594,3,1,4,32.0,2297.6619111374207,467.0602796248809,2319.051475703201,1.001386753465966,0.973671414802707,1.026186740015777,0.011045647909475736,-3.3472301092171506,-21.826923310425713,18.479693201208562,21.389564565780347,0.9309274119964754,213.33585069855255,78.97641431071804,70.80567094167239,20.60890754330335
755,2323.1445620736513,277.78010715956947,1,1,2,33.0,2297.6619111374207,467.0602796248809,2323.1445620736517,1.0002122706074967,0.9725824973706375,1.0214253581332373,0.01206567553453787,10.629950365517203,-9.964960132365775,20.594910497882978,25.482650936230584,1.1090687804288755,219.07698692401803,83.78750266355279,86.62973158465613,21.599652167974636
756,2323.7275656095253,293.1953392030467,1,1,2,32.0,2297.6619111374207,467.0602796248809,2323.7275656095253,1.0010254920732249,0.9708567283704778,1.0246931131524109,0.01166915950156797,-4.648037497657896,-27.89144147791626,23.243403980258364,26.065654472104598,1.1344425542224885,249.29964846569425,89.04948865261392,58.16694158156997,22.649153304308744
757,2325.919092301711,301.3873875925642,1,1,2,33.0,2297.6619111374207,467.0602796248809,2325.919092301711,1.0011081888912245,0.975185099318714,1.0251624367832801,0.011136115715435938,11.85110294074704,-11.616925274488892,23.468028215235933,28.25718116429016,1.2298232837180947,227.58961585041587,86.26109042563756,83.40784721828088,22.146119134186666
758,2324.4652596711803,329.90116459769035,1,1,2,33.0,2297.6619111374207,467.0602796248809,2324.4652596711803,1.000616440603743,0.9708363498334478,1.0242873123237228,0.011473978642456008,19.183952939864866,-7.118029030652508,26.301981970517375,26.803348533759618,1.1665488470621446,237.11823873892715,92.50866958650862,57.856476912789844,23.34901291693036
759,2324.693857487352,308.4216933159931,1,1,2,32.0,2297.6619111374207,467.0602796248809,2324.693857487352,1.000856884119803,0.970030884066376,1.0242286294489726,0.01174419905480767,112.53987418023047,87.6307807095186,24.909093470711866,27.03194634993133,1.1764979964589133,257.29962830551585,90.89662390833104,58.302984647659216,23.049429785715596
760,2330.6399193914854,321.5010171664457,7,1,8,33.0,2297.6619111374207,467.0602796248809,2330.6399193914854,0.9989101089211264,0.9633312327832423,1.02295503884122,0.013839053143659746,90.74838656670704,63.28738602004546,27.46100054666158,32.97800825406466,1.4352855001952585,313.76443755003595,95.19686362602062,92.51157831598141,24.34716693445988
761,2317.9752971762923,240.3584670917757,8,1,9,32.0,2297.6619111374207,467.0602796248809,2317.9752971762923,1.0023571291939664,0.9745161172754037,1.0261670460197978,0.011452499965487632,33.2872885968938,15.46300120821516,17.82428738867864,20.313386038871613,0.8840894276223519,221.26617257850398,75.31221399268274,56.38469573678275,19.90709266315008
762,2317.9752971762923,240.3584670917757,8,1,9,32.0,2297.6619111374207,467.0602796248809,2317.9752971762923,1.0023571291939664,0.9745161172754037,1.0261670460197978,0.011452499965487632,33.2872885968938,15.46300120821516,17.82428738867864,20.313386038871613,0.8840894276223519,221.26617257850398,75.31221399268274,56.38469573678275,19.90709266315008
763,2326.0188909191875,318.68045460121414,1,1,2,32.0,2297.6619111374207,467.0602796248809,2326.0188909191875,1.0002659264360325,0.9680735305455997,1.023501440844463,0.012019589821155655,1.3970963972300012,-26.41137224623597,27.80846864346597,28.356979781766768,1.234166769458658,276.7852964928514,93.41344078148848,56.08858736682826,23.498661138043982
764,2322.4119826352057,284.7544211243297,1,1,2,33.0,2297.6619111374207,467.0602796248809,2322.4119826352057,1.0014369787388058,0.9736415651287353,1.0254971803812662,0.01137854728301295,-3.6411218940598644,-24.526741574192727,20.885619680132862,24.75007149778503,1.0771850887989391,214.3165812840776,87.6697870915844,62.348608568965766,22.354698988643598
765,2323.7563450156626,306.68255632179483,1,1,2,33.0,2297.6619111374207,467.0602796248809,2323.756345015663,1.000683356743201,0.9709342133856508,1.0241682584198375,0.011512688120971972,6.334534582106812,-16.943961417643266,23.278495999750078,26.094433878241944,1.1356951060447493,236.66573892210897,89.57776904931394,58.0996309291512,22.77568255802562
766,2324.9341884657338,298.42324579822684,1,1,2,33.0,2297.6619111374207,467.0602796248809,2324.9341884657338,1.0009739556516881,0.9723486215213851,1.02393998913297,0.011851325182385804,15.604062833782564,-5.013065141796943,20.617127975579507,27.272277328313066,1.1869578024563396,222.32448454983208,88.24892353463738,80.64800656488241,22.804509304206334
767,2321.7281984624333,265.9703882629353,1,1,2,33.0,2297.6619111374207,467.0602796248809,2321.7281984624333,1.0024401554167606,0.9727472280353053,1.0359208410044134,0.013621175108098692,-106.52708353066006,-130.30458079103758,23.777497260377515,24.06628732501258,1.047425089320428,227.8746741009672,85.9722100912184,60.74132090066375,22.064706733515223
768,2268.7122631092175,289.1917539916376,1,1,2,32.0,2242.2281904065467,459.9447420968043,2268.7122631092175,1.0015388502022209,0.9719952149204064,1.0231429101387117,0.01117613199947303,27.142062072156108,2.6320409105206863,24.51002116163542,26.4840727026708,1.181149751661488,227.3240088780378,88.01321466158751,54.7169782145548,22.45441106676779
769,2269.3925185302687,293.9917033650005,1,1,2,32.0,2242.2281904065467,459.9447420968043,2269.3925185302687,1.0013499891726811,0.9708974731083597,1.0230566992329047,0.01131813634373464,9.589479763956092,-15.48907814717262,25.078557911128712,27.164328123722044,1.2114881188250861,236.11632200977098,88.99483888907531,55.37501278329011,22.59541067018426
770,2266.9646039579584,273.49517470906835,1,1,2,32.0,2242.2281904065467,459.9447420968043,2266.9646039579584,1.0019148666893585,0.9711953452144556,1.0242938877351047,0.011291760450053085,-45.2669489665316,-70.39739814480052,25.13044917826892,24.736413551411715,1.1032067858769836,244.2171805163552,87.12932447102958,51.68478575079944,22.219665564036234
771,2268.2930348585296,286.5130146580413,1,1,2,32.0,2242.2281904065467,459.9447420968043,2268.2930348585296,1.0015360361259174,0.9723017122919857,1.0229360194909387,0.011163553869722976,10.71065742136409,-13.079535141415704,23.790192562779794,26.064844451982935,1.1624528031313808,220.31297103169285,87.10922128439124,54.92744426578485,22.225158499391252
772,2265.029257687571,245.50954232990603,1,1,2,32.0,2242.2281904065467,459.9447420968043,2265.029257687571,1.0025304669685677,0.9751111969282481,1.0246876942800003,0.010806931861720517,13.977340114584536,-5.914344884532198,19.891684999116734,22.80106728102419,1.01689325727771,220.54381720964744,81.36669703555407,64.09557576790986,21.072826519621216
773,2269.4937545140856,298.8532229644548,1,1,2,32.0,2242.2281904065467,459.9447420968043,2269.4937545140856,1.0011857794977266,0.9705837439366336,1.022902511368985,0.011391425801353796,14.166604077251577,-11.331507097242252,25.49811117449383,27.26556410753892,1.2160030912195114,246.232052421941,88.46389491680812,52.27830158054497,22.337296254549447
774,2269.683117582528,305.9815867272122,1,1,2,33.0,2242.2281904065467,459.9447420968043,2269.683117582528,1.0009075798602922,0.9714752744636443,1.022206311574656,0.011233261809158566,23.045410425232774,-1.618392501299212,24.663802926531986,27.45492717598154,1.2244483988493422,226.451175048255,88.51567218062303,53.93217674569325,22.50999748712038
775,2265.3298865889465,228.14085338149258,1,1,2,33.0,2242.2281904065467,459.9447420968043,2265.329886588947,1.0030890311523524,0.9704437749137206,1.0260619812351552,0.012321795678245194,18.95519559384593,0.9447913722196688,18.01040422162626,23.10169618239979,1.0303008534653708,214.00068733311733,73.48727341248616,99.89768677466031,19.950297330247587
776,2269.940152713907,315.427191880433,1,1,2,33.0,2242.2281904065467,459.9447420968043,2269.940152713907,0.9997072302008058,0.9697337869234989,1.0190341587371616,0.011869145912414284,12.886892553987622,-12.284978701588585,25.171871255576207,27.71196230736041,1.2359117785570188,244.51480951870948,90.24003150250645,50.966673498441516,22.752250715869735
777,2275.887113492518,362.71684536842076,16,1,17,33.0,2242.2281904065467,459.9447420968043,2275.8871134925184,0.9992307096406594,0.9723071353361534,1.0207669709355025,0.010743579419616926,-48.68754539749597,-74.54484439557409,25.85729899807812,33.65892308597131,1.5011372718433482,249.8379426949894,98.5631728369739,50.42957675637053,24.57976373604091
778,2272.9677014822296,334.928245230307,1,1,2,33.0,2242.2281904065467,459.9447420968043,2272.9677014822296,0.9986296890821297,0.9674526599804205,1.0184788449708377,0.012930540406631245,6.718249725327809,-20.227105051444795,26.945354776772604,30.739511075682913,1.3709358934653935,234.6110423412848,91.21111008063174,57.25353991478143,23.00996023366517
779,2270.850381351022,317.43643867251075,1,1,2,33.0,2242.2281904065467,459.9447420968043,2270.850381351022,0.9998738214732947,0.9671593774112852,1.0171552422645345,0.013157533952183,28.055833953843546,-0.37619586380529313,28.43202981764884,28.62219094447528,1.2765066047664704,215.76368479556174,85.02623131168598,49.78079650240943,21.916170031257877
780,2269.508150742567,277.8840905352641,1,1,2,33.0,2242.2281904065467,459.9447420968043,2269.5081507425675,1.0014934720006983,0.9740471912123542,1.0226864098583768,0.010801366766619093,44.15251863690253,22.19710575316165,21.955412883740877,27.279960336020395,1.2166451413258774,250.25006721207802,82.66467777666698,90.02612057934208,21.88601248366005
781,2269.4911332448005,306.6753107965108,1,1,2,33.0,2242.2281904065467,459.9447420968043,2269.4911332448005,0.9984266161746542,0.9705104859184684,1.014787201822404,0.012506388482244293,19.57123427023248,-4.457472783988692,24.028707054221172,27.26294283825382,1.215886186557608,281.97099929291613,81.91503434751617,56.39419985858323,21.007078729733877
782,2262.4442525255545,228.0952247776155,1,1,2,32.0,2242.2281904065467,459.9447420968043,2262.4442525255545,1.0031968849505752,0.9761878137082897,1.0248645632060118,0.010766879467701147,-50.55486956549129,-69.10792482031411,18.553055254822823,20.216062119007802,0.9016059206419287,221.29022053974836,73.77773927994197,57.38444343957691,19.571551842666274
783,2262.4973843044486,225.7968999514374,11,7,18,32.0,2242.2281904065467,459.9447420968043,2262.497384304448,1.0038323421090978,0.9763757435591366,1.0255993778654773,0.0108341207481462,22.75053297483194,4.15509218382374,18.5954407910082,20.269193897901914,0.9039755179523825,218.48301243451638,73.98629284726458,64.2725020615762,19.623507912270906
784,2269.5364198644447,306.0827919038269,1,1,2,33.0,2242.2281904065467,459.9447420968043,2269.5364198644447,1.0008304183500234,0.9724690248378036,1.022071875973111,0.011189213827276308,34.02441179788144,10.58605085146192,23.43836094641952,27.30822945789805,1.217905901582064,211.84597117951265,86.92336955634418,53.959892962430814,22.225214465131845
785,2267.072986518813,265.631354956081,1,1,2,33.0,2242.2281904065467,459.9447420968043,2267.0729865188127,1.0007732728531211,0.9687607943193156,1.0262918228324123,0.01375532388718996,12.222236640199128,-11.853198935804471,24.0754355760036,24.844796112266522,1.108040484842973,221.516229047449,80.63722705587355,77.84235700889116,20.888249222675693
786,2269.4027792026636,298.6932177594881,1,1,2,33.0,2242.2281904065467,459.9447420968043,2269.4027792026636,1.000919840645451,0.9730010414338675,1.0212837884084136,0.011379455171314713,11.960288289658934,-15.602584534493275,27.56287282415221,27.17458879611695,1.2119457293590545,218.79543545673337,87.34181673468593,50.98561620540717,22.365344967268076
787,2268.8209566858877,297.6082116502705,1,1,2,33.0,2242.2281904065467,459.9447420968043,2268.8209566858877,1.0013461872848086,0.9719296444248314,1.022882254927605,0.011249166967687818,-10.722653130205174,-36.08049126798301,25.357838137777833,26.59276627934105,1.1859973214643875,230.6784082363591,87.78187812061913,60.58275144955177,22.203550478440512
788,2225.1920925536233,251.60620052003202,1,1,2,33.0,2203.1651438043205,446.34338167315116,2225.1920925536238,1.0038435814517992,0.9786029764858323,1.0293510747170131,0.010553158670365955,12.013198963149279,-9.449703057595997,21.462902020745275,22.026948749302846,0.9997865485139149,204.31448357671349,80.28004835511543,49.911039159176966,20.466255783597177
789,2229.5660505114693,264.7805599489203,1,1,2,32.0,2203.1651438043205,446.34338167315116,2229.566050511469,1.0022679913103394,0.9754864511860563,1.0261175958790674,0.011059388565325942,-110.96162127200944,-134.19682261484297,23.235201342833534,26.400906707148806,1.1983171929436474,213.82323381416964,89.09953477778889,53.141488344147255,22.667139778746854
790,2230.714081501478,274.6894811860643,1,1,2,32.0,2203.1651438043205,446.34338167315116,2230.714081501478,1.0024295832966368,0.9735745147025071,1.0261813176259535,0.011439610967468806,6.918831363275331,-18.451878466024937,25.370709829300267,27.548937697157726,1.2504254515205127,239.12158487213273,89.62599194788957,54.611584121564505,22.835984730249127
791,2232.6999336819144,294.4617733567015,1,1,2,32.0,2203.1651438043205,446.34338167315116,2232.6999336819144,1.0014186641841285,0.9730693609931156,1.0245456771646158,0.011394954677168683,12.497004421155168,-12.68243671893984,25.179441140095008,29.534789877593994,1.3405617804298922,243.31597192316755,91.99865382487826,53.7555185285961,23.28494159770313
792,2233.2380367359588,263.11705910628433,1,1,2,32.0,2203.1651438043205,446.34338167315116,2233.2380367359583,1.0021980887363633,0.9751851751550176,1.0261659090713928,0.011122596480037678,20.677734044574237,-4.661487278300115,25.33922132287435,30.072892931638307,1.3649858711775855,213.8395580505569,85.11384457743198,99.97441191401659,22.844379641600025
793,2231.2312103230693,256.06165250063975,1,1,2,32.0,2203.1651438043205,446.34338167315116,2231.2312103230693,1.0025659559499107,0.9744471911404873,1.0270453922552436,0.011282651541305717,-7.152574598904778,-31.8034354596806,24.650860860775822,28.066066518748812,1.2738975377163815,231.9999901686491,88.75453405365836,82.75563277697418,22.844076168529984
794,2231.2312103230693,256.06165250063975,1,1,2,32.0,2203.1651438043205,446.34338167315116,2231.2312103230693,1.0025659559499107,0.9744471911404873,1.0270453922552436,0.011282651541305717,-7.152574598904778,-31.8034354596806,24.650860860775822,28.066066518748812,1.2738975377163815,231.9999901686491,88.75453405365836,82.75563277697418,22.844076168529984
795,2231.3453793774715,287.6434918354025,1,1,2,33.0,2203.1651438043205,446.34338167315116,2231.345379377472,1.0020652954789346,0.9736930052836719,1.0252172772396868,0.011377275064821115,11.710375031858462,-11.657018246297099,23.36739327815556,28.180235573151094,1.2790795847691565,223.73299762746973,90.88760204669303,54.407570274705996,23.108080094861354
796,2232.2058834467334,283.0406849665276,1,1,2,33.0,2203.1651438043205,446.34338167315116,2232.2058834467334,1.0023048767349911,0.9736582834672585,1.0328598328296101,0.013058272079904655,57.18413075733014,32.78221835831843,24.401912399011707,29.040739642412973,1.3181372138207856,249.57635648066318,90.36715150829187,57.80558545694983,22.960603886648368
797,2225.241404231897,224.4095733758753,1,1,2,32.0,2203.1651438043205,446.34338167315116,2225.241404231897,1.0034336194181046,0.9773322090826712,1.0275464258150662,0.010980721760500595,-154.1341293469418,-174.04788440841554,19.91375506147375,22.07626042757647,1.0020247683047598,221.33208184411663,76.81168108527334,55.00485253604053,20.30499576745465
798,2232.3970162218807,276.1701388603548,1,1,2,33.0,2203.1651438043205,446.34338167315116,2232.39701622188,1.0021491956301194,0.9734278699915325,1.0259124117975862,0.01184865101973539,-53.08615025539075,-78.27606066038425,25.189910404993498,29.231872417560226,1.3268125859636661,232.60892588092736,87.14993394594818,79.0426016221484,22.419606773990495
799,2239.7024116402736,321.59750201474014,1,1,2,33.0,2203.1651438043205,446.34338167315116,2239.702411640273,0.9996436811230432,0.9699818992291753,1.0228204155226572,0.012507997768533287,11.985827842527272,-16.743773646822262,28.729601489349534,36.537267835953116,1.658398960182454,279.6002793113624,97.02515675296014,96.27412008671142,24.800232921992755
800,2231.465634708201,287.39177184480343,1,1,2,33.0,2203.1651438043205,446.34338167315116,2231.465634708201,1.0015369309831545,0.9672715936006451,1.0264319386999736,0.013213596770731648,12.573040152858198,-11.755901727127394,24.328941879985592,28.300490903880473,1.2845378833024081,234.2764318549627,89.90715311080548,54.28001496527221,22.697364299492968
801,2224.721018705681,213.64061954431423,12,1,13,32.0,2203.1651438043205,446.34338167315116,2224.7210187056808,1.0029026703059787,0.9773923075524132,1.027887930454473,0.010539381943945719,-9.264768736580208,-27.560450470258843,18.295681733678634,21.555874901360767,0.9784048627484688,225.40148564942376,76.83687755664891,68.20234032272903,20.311798339526934
802,2230.0447760241386,253.9945078708495,1,1,2,33.0,2203.1651438043205,446.34338167315116,2230.044776024138,1.0018922332867677,0.9726899220099473,1.0225159482161408,0.012286271768306958,26.15942062887578,0.14250450512741963,26.01691612374836,26.879632219818177,1.220046181985419,170.75922877804038,76.65094573891577,95.12269546256977,20.46167765418242
803,2233.0342113729635,297.67100152595725,1,1,2,32.0,2203.1651438043205,446.34338167315116,2233.0342113729635,1.001372327459958,0.9727821003333679,1.0244277987070043,0.011464382991198523,-73.24971082503087,-98.85980375225867,25.610092927227797,29.869067568643004,1.355734392069517,245.59838952775505,92.96485723105089,55.61204155269852,23.703765835015826
804,2227.954311695494,252.3444955915739,1,3,4,32.0,2203.1651438043205,446.34338167315116,2227.9543116954947,1.0029225409671467,0.97635554552219,1.0265741323650985,0.011064685969075045,-115.18784872371106,-136.35226069017574,21.164411966464684,24.789167891173747,1.1251615867691604,207.16215684504613,85.42622227002016,53.96494846055416,21.946607054697978
805,2177.4485816456995,290.52245867173355,1,1,2,33.0,2147.904531774937,434.2972276841063,2177.4485816456995,1.0024053137409104,0.9764446950052622,1.027206583234635,0.011007040492444648,8.391885815361775,-18.787803799914343,27.179689615276118,29.544049870762592,1.3754824496947564,230.77073435848573,90.73597514484757,58.09131602930974,22.819461722079524
806,2180.922905336241,303.5436788037881,1,1,2,33.0,2147.904531774937,434.2972276841063,2180.922905336241,1.0014210082676638,0.9732699798352568,1.0238634768598422,0.011356016400364537,20.836026919302213,-10.718824968143963,31.554851887446176,33.01837356130409,1.5372365518507989,236.15309065638434,87.9152842529569,65.0130479226719,23.335355602925187
807,2180.7197282371008,286.5611342180616,11,12,23,33.0,2147.904531774937,434.2972276841063,2180.7197282371008,1.0028010044506104,0.9767294579227128,1.0278036144461404,0.011027625146555383,-85.61407779618509,-110.4225245325195,24.808446736334417,32.81519646216384,1.5277772348218268,239.51219610122774,89.95838673866264,99.97299364985362,23.561129454290025
808,2181.412316914913,322.1965615113516,1,1,2,33.0,2147.904531774937,434.2972276841063,2181.412316914913,1.0004122144732805,0.9708369107538548,1.023184615743773,0.01185253523703902,8.2019313213992,-21.385492117007345,29.587423438406546,33.50778513997602,1.560022088704595,301.236093421721,84.64075597005952,60.247218684344205,22.028253442973753
809,2176.4181882865487,264.6932458346933,1,1,2,33.0,2147.904531774937,434.2972276841063,2176.4181882865482,1.0033424504202315,0.9781896083320778,1.0292852802081467,0.010438814116577839,7.805513832945792,-16.396348324257815,24.201862157203607,28.51365651161177,1.3275104218924152,223.4784024603294,87.70312213001202,66.71666280235821,22.35403474610652
810,2188.1302207689537,368.9378061337948,1,1,2,33.0,2147.904531774937,434.2972276841063,2188.1302207689537,0.9991040270324131,0.9713357884403689,1.0208763980200342,0.011940204304262276,106.13423543423215,72.65507828131331,33.479157152918845,40.225688994016764,1.8727875656920359,302.571699776668,99.1685151205697,60.514339955333604,25.223884581728655
811,2173.2727390792,233.3966717182472,1,1,2,33.0,2147.904531774937,434.2972276841063,2173.2727390792,1.0040830052566438,0.976751284787648,1.031225083402246,0.011183949210182464,179.38376933729876,159.90714720932067,19.47662212797809,25.36820730426325,1.1810677303846482,224.60567966166468,85.79582295320759,82.3461725739837,22.171466028580706
812,2176.4181882865487,264.6932458346933,1,1,2,33.0,2147.904531774937,434.2972276841063,2176.4181882865482,1.0033424504202315,0.9781896083320778,1.0292852802081467,0.010438814116577839,7.805513832945792,-16.396348324257815,24.201862157203607,28.51365651161177,1.3275104218924152,223.4784024603294,87.70312213001202,66.71666280235821,22.35403474610652
813,2177.4485816456995,290.52245867173355,1,1,2,33.0,2147.904531774937,434.2972276841063,2177.4485816456995,1.0024053137409104,0.9764446950052622,1.027206583234635,0.011007040492444648,8.391885815361775,-18.787803799914343,27.179689615276118,29.544049870762592,1.3754824496947564,230.77073435848573,90.73597514484757,58.09131602930974,22.819461722079524
814,2176.403688921752,240.1427667995842,1,1,2,32.0,2147.904531774937,434.2972276841063,2176.403688921752,1.0039868345460505,0.9787509073601278,1.030325934385959,0.010414958916285846,13.835451440201325,-11.540608380136746,25.37605982033807,28.499157146814923,1.3268353749067439,206.00729541473717,86.77884099336052,98.95157915600667,22.884004906837966
815,2179.677860511002,319.65772034386947,1,1,2,33.0,2147.904531774937,434.2972276841063,2179.677860511002,1.0002542719514913,0.9741489785739421,1.0224096166127912,0.011620986705510466,129.84430769173787,101.73245553411056,28.11185215762731,31.773328736065196,1.4792709948709437,254.68242188744603,94.87062635049328,50.93648437748921,23.80921718341372
816,2169.57732032831,209.03318958344096,1,1,2,32.0,2147.904531774937,434.2972276841063,2169.57732032831,1.0049824495964732,0.980900883111611,1.03093570162641,0.010377344057710155,12.436048703232927,-7.383352193673545,19.819400896906473,21.672788553373266,1.0090201046069676,217.95063454650085,74.43027937454268,64.28447783420881,19.96301340634239
817,2176.1544589896994,275.11590587960296,1,1,2,32.0,2147.904531774937,434.2972276841063,2176.1544589896994,1.0025633992289604,0.9768575900861777,1.0267417472842832,0.010898021485508,46.306916132692066,20.177436313037077,26.12947981965499,28.249927214762465,1.3152319759490394,234.1031463057777,87.5671366235672,50.565741019592025,22.50089108113395
818,2176.403688921752,240.1427667995842,1,1,2,32.0,2147.904531774937,434.2972276841063,2176.403688921752,1.0039868345460505,0.9787509073601278,1.030325934385959,0.010414958916285846,13.835451440201325,-11.540608380136746,25.37605982033807,28.499157146814923,1.3268353749067439,206.00729541473717,86.77884099336052,98.95157915600667,22.884004906837966
819,2178.073069401152,262.98460285424056,1,1,2,33.0,2147.904531774937,434.2972276841063,2178.073069401152,1.0031274057876856,0.9776381712762005,1.0291372222080113,0.010621922286810678,57.72706610948279,33.06559729743566,24.661468812047133,30.16853762621531,1.4045567286589462,236.41494859931979,86.23307851054821,89.60298404168844,22.3962165690439
820,2180.922905336241,303.5436788037881,1,1,2,33.0,2147.904531774937,434.2972276841063,2180.922905336241,1.0014210082676638,0.9732699798352568,1.0238634768598422,0.011356016400364537,20.836026919302213,-10.718824968143963,31.554851887446176,33.01837356130409,1.5372365518507989,236.15309065638434,87.9152842529569,65.0130479226719,23.335355602925187
821,2179.677860511002,319.65772034386947,1,1,2,33.0,2147.904531774937,434.2972276841063,2179.677860511002,1.0002542719514913,0.9741489785739421,1.0224096166127912,0.011620986705510466,129.84430769173787,101.73245553411056,28.11185215762731,31.773328736065196,1.4792709948709437,254.68242188744603,94.87062635049328,50.93648437748921,23.80921718341372
822,2169.341353018834,212.2590701603757,2,9,11,32.0,2147.904531774937,434.2972276841063,2169.3413530188336,1.0049117529872544,0.9806607351279774,1.0307253359756472,0.010442169377375132,179.32880844382288,-179.53980666763317,358.86861511145605,21.436821243897157,0.9980341736223574,219.28569413283188,75.21273260002005,54.0073092606198,19.941726898556745
823,2129.7181216376443,281.58393620324307,1,1,2,32.0,2092.160543983736,426.8270540921907,2129.7181216376443,1.002240959901623,0.9712315934571824,1.026574780285903,0.011214227423165864,25.24853099651341,-3.8915319464275626,29.140062942940972,37.55757765390854,1.7951575352049325,322.6616873270981,98.71948272524642,99.60424717558915,25.480990045657766
824,2125.193614829882,252.68904033007541,1,6,7,32.0,2092.160543983736,426.8270540921907,2125.193614829882,1.0035016622978905,0.9797424971942548,1.0279619652850762,0.009942688859703425,18.95904446961262,-2.782570460668751,21.741614930281372,33.033070846146074,1.5788975153525728,196.25505176738739,95.5046349785184,99.04280611305167,25.118002910795422
825,2124.262005308772,273.4755287933353,1,1,2,32.0,2092.160543983736,426.8270540921907,2124.262005308772,1.003119055169747,0.9738392019272182,1.0280523589262336,0.010828147063925892,11.917157733093234,-15.503522898637442,27.420680631730676,32.101461325036325,1.5343689286822664,279.94125571203006,94.21304765565708,55.98825114240601,23.749115261460584
826,2125.9944128949446,264.7093346526778,1,9,10,33.0,2092.160543983736,426.8270540921907,2125.9944128949446,1.003192552274929,0.9755890973164554,1.026724150505855,0.010985664519045717,19.113275978420262,-7.133076458606297,26.24635243702656,33.83386891120881,1.61717364417861,223.6357709152641,91.09278102674365,99.85704956448267,23.71234389530261
827,2126.2320323627487,259.8741129601684,1,1,2,32.0,2092.160543983736,426.8270540921907,2126.2320323627487,1.003268090608002,0.9766927342701106,1.0273947868790285,0.010332292424605637,91.95503091327919,66.20961432414924,25.745416589129945,34.07148837901286,1.6285312557389349,237.73598715814742,94.17532354385439,96.94816367778027,24.357984664089088
828,2125.422713461614,254.16758267048553,1,9,10,32.0,2092.160543983736,426.8270540921907,2125.422713461614,1.0016147938325117,0.976156187949859,1.0266904968102373,0.00993347571534337,-103.55386360631589,-127.29058116127472,23.73671755495883,33.26216947787816,1.5898478524283237,227.972479615801,93.93559322345054,99.73863223473322,24.318329144090914
829,2128.1833563650225,305.6765782686974,1,5,6,32.0,2092.160543983736,426.8270540921907,2128.1833563650225,1.001625442807599,0.9741835876940744,1.0251995852919265,0.01109753369786448,18.48527562875563,-12.648649684412334,31.133925313167964,36.02281238128671,1.7217996240716196,247.21557323585793,99.266652132485,51.35662326926267,25.447947308571862
830,2122.534740652514,285.15134029238016,1,1,2,33.0,2092.160543983736,426.8270540921907,2122.5347406525134,1.001565982505199,0.9690561094797983,1.028739475262468,0.013516969231788118,27.1389358064703,-1.3166827707119921,28.455618577182292,30.37419666877804,1.4518100322713172,225.0228124777911,90.60717021545142,53.36553568298569,23.217162077185243
831,2124.2425953178545,273.52916803369806,1,1,2,33.0,2092.160543983736,426.8270540921907,2124.242595317854,1.003069105058383,0.9681324004439953,1.0299839622173192,0.012730742896990834,6.786390316334689,-24.591156187049506,31.377546503384195,32.08205133411866,1.5334411800458876,266.27447613935874,94.84017332450992,56.02704842909463,24.291669915450495
832,2117.1526241744423,254.2468837190925,1,1,2,33.0,2092.160543983736,426.8270540921907,2117.1526241744423,1.004369407120592,0.9776576509213405,1.0291385133661548,0.010062602585615307,80.1207797067363,55.072926553753405,25.047853152982896,24.992080190706474,1.1945584320751228,242.00077795234617,86.1215047488447,52.97684262768262,21.495000322201765
833,2125.1212985964917,270.3611321137214,1,9,10,33.0,2092.160543983736,426.8270540921907,2125.1212985964917,1.002639689487079,0.974012803706464,1.0268673591068167,0.010618758931029041,44.41220033426603,16.119530116462556,28.292670217803476,32.96075461275586,1.5754409816941894,284.16361413932225,90.4563350356495,99.89414068967454,23.717194682544054
834,2127.1264316031516,273.9773161231928,1,1,2,33.0,2092.160543983736,426.8270540921907,2127.126431603152,1.0019634061803078,0.9681640365937364,1.0265752518402782,0.011861024223466847,44.929578256093066,13.948188480884653,30.981389775208413,34.96588761941575,1.671281284792625,370.93056241979514,92.70110209774363,87.28624384737309,24.10690431257362
835,2101.1225472227716,265.6380283743581,1,9,10,33.0,2065.249153942392,419.3232554769222,2101.1225472227716,1.0034028752508963,0.9837587789670919,1.0278401538109847,0.009897616658655618,46.99252063207558,26.193928458955554,20.798592173120028,35.87339328037979,1.7370007493720752,258.9435070218656,98.44648810459455,99.30380310804222,26.189632848450394
836,2101.95116527162,303.7570797011663,1,1,2,32.0,2065.249153942392,419.3232554769222,2101.9511652716196,1.0021319871714016,0.9745273663411098,1.0260903878407277,0.010940762416728471,27.461033164849738,-3.0235064538780136,30.48453961872775,36.7020113292283,1.7771226904592679,294.64214645901865,98.75834934678441,58.92842929180373,24.94035800820637
837,2110.3893985723353,372.6536716582956,7,12,19,32.0,2065.249153942392,419.3232554769222,2110.3893985723353,0.9998568621661345,0.9719776313610893,1.0227906245342284,0.01117204119647689,21.911401744015336,-13.416221400983488,35.327623144998825,45.14024462994348,2.185704545322023,310.22190351825014,104.66022355381196,62.04438070365003,26.32593856120185
838,2103.2981322693354,311.66247921658777,1,1,2,33.0,2065.249153942392,419.3232554769222,2103.298132269335,1.0015307963621185,0.9722475971630695,1.0261316119297206,0.011310339519918366,16.609154715271757,-16.288058250022715,32.89721296529447,38.0489783269436,1.8423432472692802,335.8602088098903,99.68536619590712,67.17204176197806,25.147150534480396
839,2102.1360831490283,293.9901886981215,1,1,2,33.0,2065.249153942392,419.3232554769222,2102.136083149028,1.0015382028223578,0.9821665226119893,1.0243720745830214,0.009958298931387317,44.85620886737075,21.795772142903303,23.06043672446745,36.88692920663652,1.786076471026384,294.3729437649121,99.1116664420929,99.56837708090343,25.570109562659805
840,2100.631246328547,279.31737391214915,1,1,2,32.0,2065.249153942392,419.3232554769222,2100.6312463285467,1.0034548501250231,0.9769230635013871,1.029458653432904,0.010290377237619497,-19.017704239349797,-47.56568198202487,28.547977742675073,35.382092386155364,1.7132118087841286,262.67947581164174,97.79150110205842,77.92932885654066,24.71247574397367
841,2089.3612921614194,205.67172498223587,0,8,8,32.0,2065.249153942392,419.3232554769222,2089.3612921614194,1.0018794029912588,0.9789278402155666,1.0264042541786127,0.010920946833615146,-39.532681658514775,-61.3804142693989,21.847732610884123,24.112138219027656,1.1675171575787626,208.26220473512726,82.11393462246573,51.736701566823605,21.172053760313464
842,2095.473300826667,268.1969744117818,1,1,2,33.0,2065.249153942392,419.3232554769222,2095.473300826667,1.0019307812771654,0.9736645498745236,1.0285189159434425,0.012334889535018035,13.702339311089702,-13.413079018154974,27.115418329244676,30.224146884275342,1.463462499262131,250.59435925503354,92.75336574953663,56.46653591406411,23.371483763162768
843,2095.473300826667,268.1969744117818,1,1,2,33.0,2065.249153942392,419.3232554769222,2095.473300826667,1.0019307812771654,0.9736645498745236,1.0285189159434425,0.012334889535018035,13.702339311089702,-13.413079018154974,27.115418329244676,30.224146884275342,1.463462499262131,250.59435925503354,92.75336574953663,56.46653591406411,23.371483763162768
844,2095.473300826667,268.1969744117818,1,1,2,33.0,2065.249153942392,419.3232554769222,2095.473300826667,1.0019307812771654,0.9736645498745236,1.0285189159434425,0.012334889535018035,13.702339311089702,-13.413079018154974,27.115418329244676,30.224146884275342,1.463462499262131,250.59435925503354,92.75336574953663,56.46653591406411,23.371483763162768
845,2090.118535200342,354.6452954418644,1,1,2,33.0,2050.0469623401964,413.7536033094039,2090.118535200342,0.9989623582398816,0.9672899983993758,1.023512179437547,0.013420320774489765,-4.625302764475151,-38.73367577186943,34.10837300739428,40.07157286014581,1.9546660928392967,309.9371885877578,100.84388997049025,61.987437717551565,25.647952052380884
846,2090.273037753286,349.1608048497352,1,1,2,33.0,2050.0469623401964,413.7536033094039,2090.273037753286,1.0002782193131898,0.9662947001674638,1.0266763725397368,0.012820071109954586,168.20341729162095,133.3248627129533,34.87855457866766,40.2260754130898,1.962202630088552,296.7450505759301,103.34435441461017,59.34901011518603,25.792075335052846
847,2090.2138908329707,316.2879914237872,1,1,2,33.0,2050.0469623401964,413.7536033094039,2090.2138908329707,1.0005553008390897,0.9717503912577787,1.022265057949549,0.011250127278551713,-81.64091572113097,-109.49576337836807,27.8548476572371,40.16692849277433,1.9593174805577358,268.74276049214035,98.95857703161948,98.09796399245054,25.212828836880444
848,2082.880570017502,290.7818120504255,1,1,2,32.0,2050.0469623401964,413.7536033094039,2082.880570017502,1.0021591614076788,0.9701039733527187,1.0282446259408757,0.012145326391479335,18.77356825614254,-10.966468397678454,29.740036653820994,32.833607677305736,1.6016027086435662,279.27768060480184,94.96271191945613,55.855536120960366,24.09586904885677
849,2082.5945887819835,303.1157039146417,1,1,2,33.0,2050.0469623401964,413.7536033094039,2082.5945887819835,1.0007109101646707,0.9708640708599602,1.0248883321563926,0.012418478604676245,19.222229446801606,-10.878281254656883,30.10051070145849,32.54762644178709,1.58765272404457,252.30519348195273,92.2179919463827,63.07629837048818,23.65354464089181
850,2082.3264572352277,314.4656549210189,1,1,2,33.0,2050.0469623401964,413.7536033094039,2082.3264572352277,0.9992328101575301,0.9726471123700586,1.0199743514874864,0.012071549545945932,14.417308070576553,-10.941977177659851,25.359285248236404,32.27949489503135,1.5745734360242771,312.3344309098314,93.26168929875398,62.466886181966274,23.256668279780982
851,2090.392986696789,365.08214717210734,1,1,2,33.0,2050.0469623401964,413.7536033094039,2090.392986696789,1.0005887802137374,0.9682118222166566,1.026590003738104,0.012383276352347818,21.987792238893547,-19.90380105325218,41.89159329214573,40.34602435659281,1.9680536640261395,303.6997332985284,95.19559963811233,60.73994665970568,24.269548417047876
852,2090.555914557524,353.1322846826681,1,9,10,33.0,2050.0469623401964,413.7536033094039,2090.555914557524,0.9997172193644626,0.9715484555676412,1.030368028244383,0.013762795711578287,78.40730586684947,40.755853096938324,37.651452769911145,40.50895221732753,1.9760011824843868,261.70905883220274,100.25485724804727,79.92088258497397,25.153872290431718
853,2090.273037753286,349.1608048497352,1,1,2,33.0,2050.0469623401964,413.7536033094039,2090.273037753286,1.0002782193131898,0.9662947001674638,1.0266763725397368,0.012820071109954586,168.20341729162095,133.3248627129533,34.87855457866766,40.2260754130898,1.962202630088552,296.7450505759301,103.34435441461017,59.34901011518603,25.792075335052846
854,2080.4623481458852,302.0915038515037,1,1,2,33.0,2050.0469623401964,413.7536033094039,2080.4623481458852,1.0005280870569118,0.9733380871806199,1.0207177883646235,0.01208007746994439,38.43514807914107,10.199984514529973,28.2351635646111,30.415385805688857,1.4836433683923362,263.21428396205107,88.46837792733727,65.80357099051277,22.970780035782592
855,2085.115072236665,266.7267154363151,1,9,10,33.0,2050.0469623401964,413.7536033094039,2085.1150722366656,1.0019205442797328,0.9645726108850702,1.0256008410931166,0.012388243570576638,3.717492969157803,-23.95661853168926,27.67411150084706,35.06810989646874,1.710600319928151,264.2233285087161,97.80785859147666,99.8825430937764,26.85095684234999
856,2071.3322341733397,352.1831054296653,1,1,2,33.0,2032.4244412098556,415.4396216487691,2071.3322341733397,1.0007037024123964,0.967602232058027,1.0251815593379512,0.012396942430503639,23.24430496281994,-12.58154472109976,35.8258496839197,38.9077929634841,1.914353723296261,295.6711036027991,86.74181657011106,59.134220720559824,22.631508366233646
857,2069.6897141813965,313.98897082701194,9,15,24,33.0,2032.4244412098556,415.4396216487691,2069.6897141813965,1.001435154683318,0.9710706129838732,1.0256261185663338,0.011306149869898622,-35.587453956392636,-67.11493611730536,31.527482160912726,37.26527297154098,1.8335379272135608,335.2148429741339,98.23389809191552,99.90116148222369,25.528606486945254
858,2066.537544985521,290.6465073662716,1,9,10,32.0,2032.4244412098556,415.4396216487691,2066.537544985521,1.00213555824997,0.9777931614856402,1.026412081366889,0.011297446190485606,28.32870425451253,-1.5629765909265245,29.891680845439055,34.11310377566542,1.6784438862267703,241.01742548893102,90.72263680556789,51.183545364936364,23.752789723552322
859,2070.5291408065727,322.16630278370025,1,1,2,32.0,2032.4244412098556,415.4396216487691,2070.5291408065727,1.0012606390459116,0.9754121557475272,1.0258474528701484,0.011412091093583664,20.187724042889784,-12.814926791956992,33.002650834846776,38.10469959671718,1.8748396655786295,269.3031763543533,98.3137958208767,53.86063527087066,25.29502412773139
860,2071.3322341733397,352.1831054296653,1,1,2,33.0,2032.4244412098556,415.4396216487691,2071.3322341733397,1.0007037024123964,0.967602232058027,1.0251815593379512,0.012396942430503639,23.24430496281994,-12.58154472109976,35.8258496839197,38.9077929634841,1.914353723296261,295.6711036027991,86.74181657011106,59.134220720559824,22.631508366233646
861,2066.537544985521,290.6465073662716,1,9,10,32.0,2032.4244412098556,415.4396216487691,2066.537544985521,1.00213555824997,0.9777931614856402,1.026412081366889,0.011297446190485606,28.32870425451253,-1.5629765909265245,29.891680845439055,34.11310377566542,1.6784438862267703,241.01742548893102,90.72263680556789,51.183545364936364,23.752789723552322
862,2079.6508034089884,348.29597182708926,1,1,2,33.0,2040.7793730139738,413.7503745802644,2079.6508034089884,1.0004333143093675,0.9723495781266078,1.024682354089212,0.011454944706505798,3.5382131685076956,-30.408105204194953,33.94631837270265,38.87143039501461,1.9047345788097816,260.36291719932996,99.9135365025659,52.072583439865994,24.972773663556087
863,2076.1177952079083,311.6253431310731,1,1,2,33.0,2040.7793730139738,413.7503745802644,2076.1177952079083,1.0023546139457211,0.9725142072293885,1.0289525511111155,0.011976478572103233,2.7145714448576825,-30.415171025057163,33.129742469914845,35.33842219393455,1.73161404222467,276.20064010374523,96.00316879949895,55.24012802074905,24.127871789236494
864,2071.143949962014,283.7434805777738,1,1,2,33.0,2040.7793730139738,413.7503745802644,2071.143949962014,1.0012342773959912,0.9701786327177765,1.0271852571645848,0.014242297538032703,8.736128954152008,-22.5211807877954,31.25730974194741,30.364576948040394,1.4878912120321828,211.31102800529024,87.9371196561818,54.11335949939012,22.471113854404745
865,2079.6508034089884,348.29597182708926,1,1,2,33.0,2040.7793730139738,413.7503745802644,2079.6508034089884,1.0004333143093675,0.9723495781266078,1.024682354089212,0.011454944706505798,3.5382131685076956,-30.408105204194953,33.94631837270265,38.87143039501461,1.9047345788097816,260.36291719932996,99.9135365025659,52.072583439865994,24.972773663556087
866,2078.0918800680556,348.31322561246685,1,1,2,33.0,2040.7793730139738,413.7503745802644,2078.091880068055,1.0010711198942788,0.9716208935369463,1.0256535012223154,0.01159408076416636,103.71573234240145,67.34908197424625,36.366650368155206,37.312507054081834,1.828345951918162,276.78127529725657,98.369559355754,55.35625505945131,24.695108014944168
867,2083.152253242585,338.414183491992,4,5,9,33.0,2040.7793730139738,413.7503745802644,2083.1522532425847,0.9985916102540364,0.9763562756161458,1.01774282078116,0.011594659375470209,-19.344215221376942,-48.87001498523398,29.525799763857037,42.37288022861139,2.0763087273874192,399.9061752053223,87.87510752661463,89.57518387587845,24.022469792337393
868,2077.5338390432785,327.5989173034627,1,4,5,33.0,2040.7793730139738,413.7503745802644,2077.533839043279,1.0010630051686116,0.9724286734845157,1.0247247882182478,0.011706232645602334,-147.96051421424136,-178.63521087634126,30.674696662099905,36.754466029304695,1.8010014465710218,272.1739252547081,94.76446365546803,54.43478505094161,24.064005895096066
869,2080.6151889847315,345.2201225186377,1,1,2,33.0,2040.7793730139738,413.7503745802644,2080.6151889847315,1.0003490666582653,0.9648227827114789,1.0241556197743185,0.012937603626406273,22.734005459645743,-12.189477276097477,34.92348273574322,39.83581597075772,1.951990327691584,276.4955102200085,85.02465342679055,60.37460359540363,22.047025685334614
870,2101.406426257459,264.6861484317448,1,1,2,33.0,2066.308423724853,418.69913852042004,2101.406426257459,1.0020247272006906,0.9813356970562844,1.0256074063554086,0.010431898113007296,13.967647053053156,-9.283385469264147,23.251032522317303,35.09800253260573,1.698584883535244,284.42552703928646,83.3106512332115,94.33361912323208,22.19929517057997
871,2100.631833703732,240.99666454587435,1,9,10,33.0,2066.308423724853,418.69913852042004,2100.6318337037314,1.0030895590177031,0.9814703320312917,1.0280085314493286,0.010703753980567037,123.68501204078814,104.0779890393377,19.607023001450443,34.32340997887877,1.6610981005926166,294.5851101291446,92.72543029161629,99.85482656838856,24.703658654303887
872,2100.337046611254,309.5499217491106,1,1,2,33.0,2066.308423724853,418.69913852042004,2100.3370466112538,1.0007102162217947,0.9696016010499182,1.025060933838927,0.01191192464654282,16.26329324750253,-11.803466986179217,28.066760233681748,34.02862288640108,1.6468317360415643,290.53392335476406,94.9525604682909,58.10678467095281,23.826692684036658
873,2103.842925680957,323.3603603862174,1,1,2,33.0,2066.308423724853,418.69913852042004,2103.842925680957,1.0008749338259746,0.9694559476263556,1.026470834323597,0.012032958023993998,63.74817978710837,31.782780931707123,31.965398855401247,37.53450195610367,1.8165004568118488,275.0425471259335,93.09035277536037,55.00850942518669,23.826178298655517
874,2094.479395243127,223.54865254783095,0,0,0,32.0,2066.308423724853,418.69913852042004,2094.479395243127,1.0005258093436755,0.9730607498574397,1.025917391536231,0.011828268453627389,51.2618729993701,24.762989781796932,26.498883217573166,28.170971518273745,1.3633478523738989,239.0884654730272,84.49981650979441,84.5395346546661,21.85872356343309
875,2093.049029242899,184.07918970331923,1,1,2,33.0,2066.308423724853,418.69913852042004,2093.049029242899,1.004727855158821,0.9677706688297557,1.0322737507449764,0.01280641051329815,-2.681983467807612,-26.523413773926308,23.841430306118696,26.740605518045868,1.29412459490639,247.04775350609353,80.38121850451826,92.33153931810702,22.502964698300286
876,2174.5189784416934,270.7371474625933,1,1,2,32.0,2141.447299364146,431.8813637796275,2174.5189784416934,1.0023380158391237,0.9725726274484979,1.0260236207251479,0.011582269022036499,13.909830322275354,-12.067520767296003,25.977351089571357,33.07167907754729,1.5443611004280688,279.6273999149438,92.5325439002684,59.670718832373716,23.356060577405785
877,2166.5564985350484,211.59645862795563,1,1,2,32.0,2141.447299364146,431.8813637796275,2166.5564985350484,1.0042683530319125,0.9778838763283663,1.0278957141710823,0.010769415524789485,-100.56355132517194,-120.1418931398988,19.578341814726855,25.10919917090223,1.1725340697554327,211.04641963729898,81.54724582493964,79.20047141312597,21.447223059308744
878,2171.211697524036,242.54624135914673,1,1,2,33.0,2141.447299364146,431.8813637796275,2171.211697524036,1.0034155187603477,0.9764954189457024,1.0261730879303883,0.01112075448595544,10.808480491565206,-10.335377496845126,21.143857988410332,29.76439815988988,1.389919713117747,222.26498108896422,87.02652778153283,92.57178555482258,22.62298441316007
879,2174.3128348126293,255.72846839747723,1,1,2,32.0,2141.447299364146,431.8813637796275,2174.3128348126293,1.002737112131274,0.9787026900216985,1.0255168862157518,0.010394142989647063,34.12127313251804,14.335140003906247,19.786133128611795,32.865535448483115,1.5347347309570394,196.55011915195644,93.0910682528844,99.05170354870116,24.573734133076055
880,2166.5589929508096,216.76289759406882,6,1,7,32.0,2141.447299364146,431.8813637796275,2166.5589929508096,1.0042248900966262,0.9759240238944142,1.0283955104222573,0.01116552130279449,14.959041842223058,-6.78996935835616,21.74901120057922,25.111693586663478,1.1726505524614041,244.8874849264351,82.49370932370547,65.219339938353,21.252297100668457
881,2165.230242569413,236.17090123315865,1,1,2,33.0,2141.447299364146,431.8813637796275,2165.2302425694133,1.004312309734109,0.9826312340948409,1.0288422178781518,0.009986632246495035,-0.8140413611889983,-16.54216804859928,15.728126687410281,23.782943205266747,1.1106013775042958,213.26258050145452,82.9690259965936,76.7030089442391,21.24799266866185
882,2166.5589929508096,216.76289759406882,6,1,7,32.0,2141.447299364146,431.8813637796275,2166.5589929508096,1.0042248900966262,0.9759240238944142,1.0283955104222573,0.01116552130279449,14.959041842223058,-6.78996935835616,21.74901120057922,25.111693586663478,1.1726505524614041,244.8874849264351,82.49370932370547,65.219339938353,21.252297100668457
883,2174.9113164632195,248.58477681713595,1,1,2,32.0,2141.447299364146,431.8813637796275,2174.9113164632195,1.0027504237048264,0.9760836267278681,1.0246970380053602,0.011069686548924186,7.818074526635058,-12.928234493483586,20.746309020118645,33.46401709907332,1.5626822620855387,238.18016468452848,90.19962030837047,99.94336428341435,23.541512578430865
884,2184.3507924901674,323.6790614492903,3,1,4,33.0,2141.447299364146,431.8813637796275,2184.3507924901674,0.9998618461618204,0.9678218279657328,1.0207575015488337,0.011787286278557116,-1.3921554110258398,-36.033679977093044,34.641524566067204,42.9034931260212,2.0034811568213895,292.952876136353,100.58296447958249,99.95453828095758,26.158472712326795
885,2171.9029461616037,280.8284043166362,1,9,10,33.0,2141.447299364146,431.8813637796275,2171.9029461616037,1.0021385155834786,0.9779030932344329,1.0256993735746696,0.011230280949204433,-139.6895622379368,-165.9708162557161,26.281254017779304,30.455646797457575,1.4221992204291314,230.70650808204084,90.68149319589644,54.44861586956552,23.279913155458562
886,2166.8257795704662,233.5108988982062,1,1,2,32.0,2141.447299364146,431.8813637796275,2166.8257795704667,1.00219683743849,0.9769024521312523,1.0276164331566113,0.010361569049989318,15.426072914765825,-4.227994357400917,19.654067272166742,25.37848020632009,1.1851087913233098,194.16158395449926,86.53436070761214,56.26248142436726,22.116205834551504
887,2171.211697524036,242.54624135914673,1,1,2,33.0,2141.447299364146,431.8813637796275,2171.211697524036,1.0034155187603477,0.9764954189457024,1.0261730879303883,0.01112075448595544,10.808480491565206,-10.335377496845126,21.143857988410332,29.76439815988988,1.389919713117747,222.26498108896422,87.02652778153283,92.57178555482258,22.62298441316007
888,2168.079205848763,227.00491489101591,1,5,6,32.0,2141.447299364146,431.8813637796275,2168.079205848763,1.0035193709016685,0.9786292936120329,1.0276411868465074,0.01047219123337029,26.92071081538316,7.077545256200949,19.84316555918221,26.631906484617048,1.2436405272511157,197.14044967142172,86.6005533754839,78.37368727794612,22.348437493083267
889,2167.248047893959,225.73398267367,1,1,2,33.0,2141.447299364146,431.8813637796275,2167.2480478939588,1.0032067144217292,0.9784196650264706,1.0241575871646502,0.010902971005863868,134.5529053455175,112.93000154969877,21.62290379581873,25.800748529813063,1.204827619968701,202.14532138026436,78.48687985280041,90.67765728920706,20.90685110994609
890,2182.3779830298463,303.01524420475687,9,12,21,32.0,2141.447299364146,431.8813637796275,2182.3779830298463,1.0007444675488362,0.9688106734114463,1.0237403126963023,0.012004340847855241,179.26164933311384,-178.1200575721316,357.38170690524544,40.930683665700144,1.911356103783342,316.55237463081363,100.05907877475123,99.98156767925963,25.63336978389892
891,2166.178539275412,233.2391078112742,1,5,6,32.0,2141.447299364146,431.8813637796275,2166.178539275412,1.0038882365813961,0.9778352554147195,1.0278720406375164,0.011004356597460088,10.02334034241639,-9.484595770604699,19.50793611302109,24.731239911265675,1.154884358751628,204.40729466328727,82.70943906212896,56.39460144773325,21.41302859739345
892,2166.178539275412,233.2391078112742,1,5,6,32.0,2141.447299364146,431.8813637796275,2166.178539275412,1.0038882365813961,0.9778352554147195,1.0278720406375164,0.011004356597460088,10.02334034241639,-9.484595770604699,19.50793611302109,24.731239911265675,1.154884358751628,204.40729466328727,82.70943906212896,56.39460144773325,21.41302859739345
893,2175.432383550305,279.03634484214535,1,1,2,33.0,2141.447299364146,431.8813637796275,2175.432383550305,1.0001419089555588,0.9750180459757685,1.0195430565386583,0.011461033402165963,23.338850091467663,1.0280535121670766,22.310796579300586,33.98508418615893,1.5870147351396424,267.9451862510545,93.78230890464718,95.69952790855574,24.07146667150598
894,2174.009784103704,289.72271995444385,1,1,2,33.0,2141.447299364146,431.8813637796275,2174.009784103704,1.0020141762198638,0.9736427725784749,1.0253677730978294,0.012061298368054174,101.4545536283739,75.50112840228681,25.95342522608709,32.56248473955793,1.5205830537705325,226.05975908978962,90.45763779590096,53.97886498151158,22.822832335731444
895,2278.5084400743403,304.38847313909207,1,1,2,33.0,2250.1335921464406,458.2584271821596,2278.5084400743403,1.0001459991035195,0.9733858549524481,1.017729163839208,0.011657637924010063,57.54771938126285,29.80734439451976,27.74037498674309,28.374847927899737,1.2610294796244736,244.77727500593605,87.58137402627231,61.19431875148401,22.92342777348956
896,2271.311752929501,231.4003315805469,13,7,20,32.0,2250.1335921464406,458.2584271821596,2271.311752929501,1.0031563388214495,0.9787227621154287,1.0258304652063053,0.01081352853387246,-20.304650513914055,-38.47991877992621,18.175268266012154,21.17816078306032,0.9411957075338853,222.68223029571686,76.19466528765255,58.4833108171244,20.084478229097986
897,2276.816037423623,289.17559395483227,1,1,2,33.0,2250.1335921464406,458.2584271821596,2276.816037423623,1.0015517707045538,0.9763739643801306,1.0236111110929313,0.010938817066969746,12.006252810810196,-10.04069387846107,22.046946689271266,26.682445277182524,1.1858160497808348,214.626854720923,89.36198763705765,56.38987833155533,22.727872392899503
898,2277.820195895126,281.20368898256714,1,1,2,32.0,2250.1335921464406,458.2584271821596,2277.820195895126,1.0018780753681256,0.9759395990606305,1.0243592234934764,0.011110935143442156,16.220401996233477,-6.001082796965392,22.22148479319887,27.68660374868523,1.2304426655074514,228.77750677106562,90.55467462684007,64.85307037791188,23.12013962583635
899,2275.313524915838,242.02894356800692,7,1,8,32.0,2250.1335921464406,458.2584271821596,2275.313524915838,1.0028527762250334,0.9786574560095697,1.0256336379331645,0.010819085951081804,8.713272168202877,-9.085209646476159,17.798481814679036,25.17993276939751,1.1190416807820707,209.55856791755005,86.05783679755642,93.12327316599233,22.48732317342107
900,2276.552036011486,276.6910234877257,1,1,2,32.0,2250.1335921464406,458.2584271821596,2276.552036011486,1.0017402530882225,0.97601641681766,1.0241466568703932,0.011043981564737414,26.030942555021284,3.7749040854838825,22.2560384695374,26.418443865045447,1.174083350306523,229.27182594611244,89.71090620448022,56.1265687273664,22.775027166807394
901,2279.9043151411497,303.92398950868505,1,1,2,33.0,2250.1335921464406,458.2584271821596,2279.9043151411493,1.001279248479973,0.9712018885620823,1.0296382982151422,0.013281015994520229,5.706742398650874,-22.295504805708873,28.002247204359747,29.770722994709104,1.3230646881863715,225.04735868947506,90.8477722607833,60.37953507953434,23.061838323976268
902,2277.686944200532,281.75860826545244,1,1,2,33.0,2250.1335921464406,458.2584271821596,2277.686944200532,1.0023331766764558,0.9758541615178995,1.0341595012919922,0.01285816392102234,-4.527627619041084,-29.762692181852458,25.235064562811374,27.553352054091192,1.2245207195812575,224.99221847046954,90.7648284437652,61.084759695149806,23.063362607756968
903,2273.406206223487,226.015492175287,0,0,0,32.0,2250.1335921464406,458.2584271821596,2273.406206223487,0.9999951081985033,0.976321096634941,1.022077860146389,0.011416921706677583,12.924614093678997,-8.23757602141663,21.162190115095626,23.272614077046455,1.0342769939648924,207.1653402874391,80.63547706085004,98.79537498077364,21.388317759185092
904,2273.406206223487,226.015492175287,0,0,0,32.0,2250.1335921464406,458.2584271821596,2273.406206223487,0.9999951081985033,0.976321096634941,1.022077860146389,0.011416921706677583,12.924614093678997,-8.23757602141663,21.162190115095626,23.272614077046455,1.0342769939648924,207.1653402874391,80.63547706085004,98.79537498077364,21.388317759185092
905,2277.686944200532,281.75860826545244,1,1,2,33.0,2250.1335921464406,458.2584271821596,2277.686944200532,1.0023331766764558,0.9758541615178995,1.0341595012919922,0.01285816392102234,-4.527627619041084,-29.762692181852458,25.235064562811374,27.553352054091192,1.2245207195812575,224.99221847046954,90.7648284437652,61.084759695149806,23.063362607756968
906,2279.1542944054363,304.40238552737,1,1,2,32.0,2250.1335921464406,458.2584271821596,2279.154294405436,1.0010887927896792,0.9744632276209375,1.0226049901277225,0.011464821632649898,34.60609118460178,10.696249111422787,23.909842073178993,29.020702258995698,1.289732412345898,238.03319051665818,92.48901641594341,56.27870022974504,23.337038646162988
907,2276.282952464034,278.9106878693356,1,1,2,32.0,2250.1335921464406,458.2584271821596,2276.282952464034,1.0018081140715764,0.9765759965175653,1.0238696794626525,0.01096786830698365,17.001822991555287,-4.666904713003902,21.66872770455919,26.14936031759362,1.162124791561789,213.36432630225505,89.44527796439579,56.05858378740628,22.72192086659573
908,2274.508070835941,267.8950106272185,1,1,2,33.0,2250.1335921464406,458.2584271821596,2274.5080708359415,1.002344588019482,0.9769826608688036,1.025507296302033,0.010804604977843895,9.855365985217787,-11.622696219646855,21.478062204864642,24.374478689500393,1.0832458470276498,217.42099082009946,84.50977714285872,80.0531200629344,21.91874197277581
909,2277.260982518074,280.0820142644392,1,1,2,33.0,2250.1335921464406,458.2584271821596,2277.260982518074,1.0021896529322527,0.975062744421746,1.0256469077905663,0.01114529867910824,-6.050096489668732,-30.31876336606325,24.26866687639452,27.127390371633282,1.2055902132351175,247.0498833357972,90.80441721518756,59.38657089012782,22.929511984432242
910,2275.0551123457476,266.1182996928867,1,1,2,33.0,2250.1335921464406,458.2584271821596,2275.055112345748,1.0025951264725457,0.9769053222707845,1.0253998888050222,0.011074203441024694,9.56413138960471,-11.326751237455568,20.89088262706028,24.921520199306997,1.1075573595403256,202.64957863314245,87.10367432612207,68.88480895546361,22.30740492434965
911,2273.5645106612706,240.13554354783864,1,1,2,33.0,2250.1335921464406,458.2584271821596,2273.5645106612706,1.0032419118152758,0.9777410852039351,1.025906271459795,0.011338067755292754,5.576473239427656,-15.422402782849929,20.998876022277585,23.430918514829955,1.0413123290372641,206.62798138485425,78.65810966325546,84.74713311353746,20.780074712702834
912,2280.255402682117,314.7810734260184,1,1,2,33.0,2250.1335921464406,458.2584271821596,2280.2554026821167,0.9995224766354175,0.9734514523091279,1.0186875305325547,0.011964172461718211,-6.078093182901455,-29.75168419687506,23.673591013973606,30.12181053567656,1.3386676524811512,248.41121017513115,93.85272088285754,52.54124068701659,23.47754325645111
913,2271.311752929501,231.4003315805469,13,7,20,32.0,2250.1335921464406,458.2584271821596,2271.311752929501,1.0031563388214495,0.9787227621154287,1.0258304652063053,0.01081352853387246,-20.304650513914055,-38.47991877992621,18.175268266012154,21.17816078306032,0.9411957075338853,222.68223029571686,76.19466528765255,58.4833108171244,20.084478229097986
914,2284.123935293039,317.4939816817828,1,1,2,33.0,2250.1335921464406,458.2584271821596,2284.123935293039,1.000085111397923,0.9683971889993095,1.0229247941425088,0.012369320914284767,-95.6170307137557,-123.33810683143079,27.721076117675096,33.99034314659821,1.5105922272896803,352.7528799773349,94.4451470572806,97.6618027243826,24.61346744613611
915,2326.8178091674927,259.38302920635704,1,1,2,32.0,2304.59424023816,469.9024709865846,2326.8178091674927,1.002186696758858,0.97890178456603,1.0234837552740923,0.010551747516553378,124.42251837754702,104.54361683997229,19.878901537574734,22.223568929332487,0.964315910424035,201.06485343990906,79.65012427046068,60.60507417852563,20.78009307364099
916,2338.637515279922,368.6698986889367,1,1,2,33.0,2304.59424023816,469.9024709865846,2338.6375152799214,0.9978529930527325,0.9642605490995293,1.0176359101625254,0.013211621031101087,13.221548952837878,-17.190253128114875,30.411802080952754,34.04327504176172,1.4771917089510576,225.07935730644567,97.3781031184052,67.31746678285482,25.99889462580896
917,2330.913140371555,305.9912888981645,1,1,2,33.0,2304.59424023816,469.9024709865846,2330.913140371555,1.0006170131283676,0.9763647133398307,1.0221200418595655,0.010738972929581422,13.27366975970375,-10.643768579533429,23.91743833923718,26.31890013339489,1.1420188280378178,217.28397352970964,87.5788271506637,53.30679437899485,22.45676140680238
918,2330.340818709768,281.6389105315502,1,1,2,33.0,2304.59424023816,469.9024709865846,2330.3408187097675,1.0001612340719923,0.9779098656025424,1.018422519412207,0.011133015981906526,24.618172987146067,2.0074340628034406,22.610738924342627,25.74657847160779,1.1171848832246973,226.13354172765136,79.81465058964191,96.10250744353789,21.482144945219165
919,2333.460659689196,300.75365584733413,1,1,2,33.0,2304.59424023816,469.9024709865846,2333.4606596891954,1.000980120727603,0.9714751841394437,1.0229450659202397,0.011332135089418155,17.25962369371635,-8.773959201632351,26.0335828953487,28.866419451035654,1.2525597325129372,302.3202109546415,89.87891321871143,97.20886367708712,23.423206937843265
920,2330.755615187002,296.24100992394625,1,1,2,33.0,2304.59424023816,469.9024709865846,2330.755615187002,1.0009729908805671,0.9777355416239176,1.021836391089103,0.010949943627360887,36.78771538470076,14.680661836515696,22.107053548185064,26.161374948841967,1.1351835603884184,215.42166054297581,86.10916181059352,68.64025758306465,22.230026741263362
921,2331.8251559166933,318.60142377390247,1,1,2,33.0,2304.59424023816,469.9024709865846,2331.8251559166933,1.0000317031085757,0.9759602066389133,1.0211049690652814,0.010816803674187346,42.888869673477075,18.824044119573472,24.064825553903603,27.230915678533165,1.181592629326327,251.24120173695567,88.1386714267882,53.49938579225814,22.559398556765842
922,2326.2014322401674,255.98897650237083,1,1,2,32.0,2304.59424023816,469.9024709865846,2326.2014322401674,1.0019166583288768,0.978905784454764,1.0231273066881759,0.010536966000392065,3.171056194547873,-17.013079972115122,20.184136166662995,21.607192002007196,0.9375703377517023,206.6430777876182,77.24743625141423,55.361425140020614,20.341449101736934
923,2333.046522825658,327.5729050115482,1,1,2,32.0,2304.59424023816,469.9024709865846,2333.046522825658,0.9998751099596014,0.9744618038338095,1.0202001384006585,0.011199044041749859,83.11554180909593,57.68832927040634,25.427212538689588,28.452282587497848,1.2345896770338862,234.27216705146333,91.22278606463813,54.60426347176147,23.340000732158018
924,2332.107220959879,315.92559538199816,1,1,2,32.0,2304.59424023816,469.9024709865846,2332.107220959879,1.0003658572520833,0.9755901466826594,1.0211638429315342,0.01092910051653739,37.27479635640782,12.556446616959818,24.718349739448,27.512980721719032,1.1938318790068572,223.98313677539434,91.02019630639413,55.112538209977416,23.37403865515471
925,2331.8251559166933,318.60142377390247,1,1,2,33.0,2304.59424023816,469.9024709865846,2331.8251559166933,1.0000317031085757,0.9759602066389133,1.0211049690652814,0.010816803674187346,42.888869673477075,18.824044119573472,24.064825553903603,27.230915678533165,1.181592629326327,251.24120173695567,88.1386714267882,53.49938579225814,22.559398556765842
926,2333.460659689196,300.75365584733413,1,1,2,33.0,2304.59424023816,469.9024709865846,2333.4606596891954,1.000980120727603,0.9714751841394437,1.0229450659202397,0.011332135089418155,17.25962369371635,-8.773959201632351,26.0335828953487,28.866419451035654,1.2525597325129372,302.3202109546415,89.87891321871143,97.20886367708712,23.423206937843265
927,2331.0708739558922,285.33946725509827,1,1,2,33.0,2304.59424023816,469.9024709865846,2331.0708739558922,1.000565940536949,0.9755384283097014,1.0183303295791997,0.011757055974961371,13.445210148458301,-11.867495265842365,25.312705414300666,26.476633717732057,1.1488631384844528,192.39838405804198,82.38961751198504,98.6391220316088,21.819384212438244
928,2330.2919825399026,284.1562976464722,1,1,2,33.0,2304.59424023816,469.9024709865846,2330.2919825399026,1.001218918049149,0.9795108601841865,1.0226032181342626,0.010360059350742083,30.646476104233273,8.88026090072205,21.766215203511223,25.697742301742437,1.1150658043424944,220.94020316193598,81.47592994101187,78.16781769973353,21.372665328826997
929,2329.3099999568153,293.668783730062,1,1,2,33.0,2304.59424023816,469.9024709865846,2329.3099999568153,1.0012782907274154,0.9777051272667393,1.0222612055915268,0.010822572871446418,-12.809358082004309,-33.62596256720633,20.81660448520202,24.715759718655136,1.0724560222844683,215.20886299041763,86.18407738886988,53.49082577642421,22.15556916653066
930,2332.697818026667,320.7352305256567,1,1,2,32.0,2304.59424023816,469.9024709865846,2332.697818026667,1.000168905161273,0.975461460411773,1.0207526172150394,0.01099255850854819,-50.22606386818353,-74.58674702394052,24.360683155756988,28.103577788506755,1.219458822634326,221.53359454410975,91.24705493872189,56.957076468280434,23.4377299847854
931,2338.2275059294975,341.4011507644923,1,5,6,33.0,2304.59424023816,469.9024709865846,2338.2275059294975,0.9994076305913753,0.9783661986341315,1.0188324148110035,0.010600572169593162,8.390389756044328,-12.964825145250728,21.355214901295057,33.63326569133733,1.4594007528137194,244.755907341577,97.12960979071129,95.8618215158338,25.48860371180654
932,2333.557410017158,337.34278229234263,1,1,2,33.0,2304.59424023816,469.9024709865846,2333.557410017158,0.9985933623997457,0.9710833644906108,1.016802512663286,0.011892937953514277,25.7628688116541,-1.7866259570515695,27.54949476870567,28.96316977899778,1.2567578827240617,291.89151147739716,82.00524575025804,62.52787311491805,21.322677991186122
933,2329.3099999568153,293.668783730062,1,1,2,33.0,2304.59424023816,469.9024709865846,2329.3099999568153,1.0012782907274154,0.9777051272667393,1.0222612055915268,0.010822572871446418,-12.809358082004309,-33.62596256720633,20.81660448520202,24.715759718655136,1.0724560222844683,215.20886299041763,86.18407738886988,53.49082577642421,22.15556916653066
934,2331.5495690903563,314.61680177744773,1,1,2,33.0,2304.59424023816,469.9024709865846,2331.5495690903563,1.000441878530223,0.9745112919312408,1.0218029157298927,0.010917724650270634,9.455531998905911,-15.72248335055258,25.17801534945849,26.95532885219609,1.1696344797516498,265.41957761194766,86.32211282830202,79.59211318029513,22.349683318523667
935,2345.9088127233476,347.51617569758116,1,1,2,32.0,2309.6643387665304,471.6461278082538,2345.908812723347,0.9985170505348021,0.9699145912908698,1.016539958850825,0.012264006106157981,-5.3959036011342505,-29.941246810064797,24.545343208930547,36.244473956817274,1.5692528714442346,256.96706978951886,89.87503888458471,98.19985763364822,23.68596128809192
936,2337.918245435198,308.42073672065044,1,1,2,33.0,2309.6643387665304,471.6461278082538,2337.9182454351976,0.9988091570413474,0.9720087214067687,1.018005815852595,0.012623299124497703,-18.360477563295802,-41.42117342469771,23.06069586140191,28.253906668667696,1.2232905965789216,239.6354246675235,84.58463160791946,70.94230204843251,21.894865384522618
937,2336.867223139864,279.8046239590271,1,1,2,33.0,2309.6643387665304,471.6461278082538,2336.867223139863,1.0010386067427506,0.972975085696851,1.0209028866247531,0.011390714270745969,169.69783502621885,147.00464634958644,22.693188676632417,27.202884373333745,1.1777851836194244,199.5984399166396,84.95220709376444,91.75601411435792,22.23660122592936
938,2346.9735214760617,355.43133966397477,11,15,26,32.0,2309.6643387665304,471.6461278082538,2346.973521476062,0.9982214796704906,0.9694796587817682,1.0159430784230221,0.012411643020640097,10.72349264209015,-13.924031621242563,24.647524263332713,37.30918270953134,1.6153508578418023,259.05058222802063,90.21196159070193,99.95587445613923,23.904025657954683
939,2334.0443259026315,266.5458723720425,1,1,2,32.0,2309.6643387665304,471.6461278082538,2334.0443259026315,1.0012358501385634,0.9767601847929368,1.0210281669498311,0.01094771531447273,10.454229511089892,-9.170891081484001,19.625120592573893,24.379987136101136,1.0555640803252475,240.78592781124303,79.63711437619976,66.79660885053387,20.81684643395329
940,2338.8982975111617,321.66767869605115,1,1,2,33.0,2309.6643387665304,471.6461278082538,2338.8982975111617,0.9972328945781422,0.9532711386716196,1.0167114146660572,0.014913703337725187,-6.016299604293238,-28.4091164101834,22.392816805890163,29.23395874463131,1.2657232591746912,248.22185991855054,88.03609109226417,59.04869876096461,22.767203172927367
941,2336.576336411188,304.699489226549,1,1,2,33.0,2309.6643387665304,471.6461278082538,2336.576336411188,1.0000475138345721,0.9747943472042444,1.0192082466972492,0.011189576503288586,-29.18740866474201,-52.505575163288825,23.318166498546816,26.91199764465773,1.1651908544871072,232.03190913944053,85.79096237792177,63.85596124771583,21.985703664130025
942,2334.275442540822,250.7540117119313,1,1,2,33.0,2309.6643387665304,471.6461278082538,2334.275442540822,1.0014547552253903,0.9773967058174624,1.0209266500268548,0.010882871214598015,1.5013503552317218,-17.33575321568091,18.83710357091263,24.611103774291678,1.0655705836214784,236.75305057356456,73.40092411699844,98.18130687968215,20.016535148283552
943,2335.8395002736384,319.0866072499139,1,1,2,33.0,2309.6643387665304,471.6461278082538,2335.839500273638,0.9997572518102137,0.9737115808342599,1.0197532524728548,0.011152024214216561,0.7564944387048627,-22.81689643101825,23.573390869723113,26.175161507107987,1.133288550538333,219.00239057085304,85.95526319535215,55.572609826479145,22.148429616853182
944,2337.0303736000997,308.58662959503334,1,1,2,33.0,2309.6643387665304,471.6461278082538,2337.0303736000997,0.9999368564186525,0.974241475278218,1.0196220133829657,0.011193805788333398,177.86438201998033,155.36785876398142,22.49652325599891,27.3660348335693,1.1848490005341665,236.59284102655,85.96626704340713,54.23365578317526,22.182352269370345
945,2339.4735346266452,298.26293405530464,1,1,2,33.0,2309.6643387665304,471.6461278082538,2339.4735346266452,0.9987330432001914,0.9734162657454283,1.0156706308055692,0.011951822765845728,7.442827507907111,-14.460168853254572,21.902996361161684,29.80919586011487,1.290628917794799,320.5067503268978,77.40877423473198,79.56364322767207,20.38716814806478
946,2336.2941348449576,268.17280895930145,1,1,2,32.0,2309.6643387665304,471.6461278082538,2336.2941348449576,1.0012678306178726,0.9746599823381847,1.0209033540004375,0.011293056279999547,172.15154161387522,150.23221017936703,21.919331434508194,26.629796078427262,1.152972561053994,213.02165804348664,83.42050039074276,93.53807630729371,22.000080647829208
947,2338.2681723266014,310.51362317012376,1,1,2,33.0,2309.6643387665304,471.6461278082538,2338.268172326601,0.9974029367888813,0.9720063620428329,1.0140357649482528,0.012603508403338461,13.62316000953922,-10.043884095145387,23.667044104684607,28.603833560071052,1.2384411483508833,283.10651515371313,84.2601609765653,99.27591537579825,22.45143516333383
948,2334.0443259026315,266.5458723720425,1,1,2,32.0,2309.6643387665304,471.6461278082538,2334.0443259026315,1.0012358501385634,0.9767601847929368,1.0210281669498311,0.01094771531447273,10.454229511089892,-9.170891081484001,19.625120592573893,24.379987136101136,1.0555640803252475,240.78592781124303,79.63711437619976,66.79660885053387,20.81684643395329
949,2334.4762965312843,269.9076708246982,1,1,2,32.0,2309.6643387665304,471.6461278082538,2334.476296531285,1.0001395962307968,0.9739182979538982,1.0207196752136805,0.011036055429350017,3.089432472441729,-20.190867260999,23.280299733440728,24.81195776475397,1.0742668251961116,215.4435048033446,81.99991425232886,69.62118690578963,21.342772644503334
950,2334.4762965312843,269.9076708246982,1,1,2,32.0,2309.6643387665304,471.6461278082538,2334.476296531285,1.0001395962307968,0.9739182979538982,1.0207196752136805,0.011036055429350017,3.089432472441729,-20.190867260999,23.280299733440728,24.81195776475397,1.0742668251961116,215.4435048033446,81.99991425232886,69.62118690578963,21.342772644503334
951,2349.732084981929,373.692804319623,8,11,19,33.0,2309.6643387665304,471.6461278082538,2349.732084981929,0.9968607861185502,0.9765173861373703,1.0139109003484492,0.011505349691791674,7.490352019337394,-16.359579301841933,23.849931321179326,40.06774621539853,1.7347865463774097,310.1489957643144,95.64646573739455,99.93964976921458,25.388786523454563
952,2349.056986176987,417.61047529034533,1,1,2,32.0,2309.6643387665304,471.6461278082538,2349.056986176987,0.9948426511006417,0.9702411750152944,1.013655130032551,0.013365290611054991,-6.54130645110817,-37.056741437314884,30.515434986206714,39.39264741045645,1.7055572426378622,299.37739506398043,96.62570118697751,59.875479012796085,25.038716596470938
953,2349.056986176987,417.61047529034533,1,1,2,32.0,2309.6643387665304,471.6461278082538,2349.056986176987,0.9948426511006417,0.9702411750152944,1.013655130032551,0.013365290611054991,-6.54130645110817,-37.056741437314884,30.515434986206714,39.39264741045645,1.7055572426378622,299.37739506398043,96.62570118697751,59.875479012796085,25.038716596470938
954,2336.0929095103256,260.89425006841344,4,7,11,33.0,2309.6643387665304,471.6461278082538,2336.0929095103256,1.000851145445662,0.979401106818651,1.0195587741853096,0.011096818643164141,1.0477589340140696,-17.181290285273747,18.229049219287816,26.428570743795262,1.1442602416379415,266.25291602145364,78.73941373747603,99.94695285248017,21.19830542324225
955,2364.1664475481753,332.77948070343416,1,1,2,33.0,2337.2482932494104,476.61149843258704,2364.1664475481753,1.0000301876070972,0.9717986587631533,1.0214811944245916,0.011277889837868432,9.815269593144535,-16.36180742591921,26.177077019063745,26.918154298764875,1.1517028112294105,204.11009443232672,89.1110583522566,55.04848013481477,22.70060346561525
956,2363.3022319927945,305.05582945363824,1,1,2,33.0,2337.2482932494104,476.61149843258704,2363.302231992794,1.0003875425242093,0.9714958075400173,1.0220184653939839,0.011404604162351104,13.89651857380801,-10.314255930240506,24.210774504048516,26.05393874338415,1.1147270411378543,212.6273778556969,85.92389358268976,55.98478035157082,22.060112773264102
957,2364.2308002649334,311.9461931585089,1,1,2,32.0,2337.2482932494104,476.61149843258704,2364.2308002649334,1.0000440256374168,0.9711797209301537,1.0211288164176013,0.011575709809866237,-9.93114124722021,-34.27492644698509,24.34378519976488,26.98250701552297,1.1544561651175687,216.33043752488413,88.03859404477011,54.221115867753824,22.451319664709025
958,2366.1639084551202,343.83885375428576,1,1,2,33.0,2337.2482932494104,476.61149843258704,2366.1639084551202,0.9996368757032031,0.9711088325089071,1.0205960749441734,0.01156181214406228,24.816307216838595,-4.409192107898633,29.22549932473723,28.915615205709855,1.2371648869837997,217.02015308023638,86.31807863039069,55.66136056485716,22.20291322721756
959,2362.411036076635,284.7274385655116,1,1,2,33.0,2337.2482932494104,476.61149843258704,2362.411036076635,1.0016538620688304,0.972242535599435,1.032380264552702,0.01288738652375288,-106.95508764993687,-130.61665199262623,23.66156434268936,25.16274282722452,1.0765969067086778,217.1541022333244,83.37717297504433,58.8176744199853,21.509838390644163
960,2364.4171100836643,309.07784896478023,1,1,2,33.0,2337.2482932494104,476.61149843258704,2364.417110083664,1.000149478116365,0.9699492057034034,1.0217201512382739,0.01163333409804425,67.07089294885066,40.995331939962284,26.07556100888837,27.168816834253903,1.162427497015384,254.32238707583713,83.00669027626184,85.19812577897713,21.5045124672902
961,2359.34774769713,259.53686219545193,1,1,2,32.0,2337.2482932494104,476.61149843258704,2359.34774769713,1.0017960360449873,0.9746081953718269,1.0235364197130823,0.011133716815742475,-21.75857287864835,-42.061228523586635,20.302655644938284,22.099454447719836,0.9455330232371498,210.2818338065457,77.46725134088554,68.76004869254993,20.383765851643815
962,2363.398779599065,305.3299592115738,1,1,2,33.0,2337.2482932494104,476.61149843258704,2363.398779599065,1.0003344514519001,0.9732132723798382,1.0212547959417335,0.011571885690748412,15.796554341507147,-6.624679688007063,22.42123402951421,26.150486349654784,1.1188578648312328,218.51691294881545,84.87894096933326,57.732852834209794,21.843344969790394
963,2371.2534927263077,367.9473997099235,1,1,2,33.0,2337.2482932494104,476.61149843258704,2371.2534927263077,0.996848090869188,0.9624554523721891,1.0145466604124045,0.013513039987707306,6.385006025889879,-23.40871036724073,29.79371639313061,34.00519947689736,1.4549245612934383,292.2447528368764,84.44257184439391,87.63448181426624,22.250267765828053
964,2361.246143387513,273.52672854129247,1,1,2,32.0,2337.2482932494104,476.61149843258704,2361.246143387513,1.0012084273743873,0.9742315817137605,1.0226624448284563,0.011113704233471458,24.217249714517635,3.199821079060797,21.017428635456838,23.99785013810242,1.0267565584458676,200.92881232749775,81.6287716769314,73.95740415963708,21.331420421798786
965,2361.8644978720686,293.61543185843266,1,1,2,33.0,2337.2482932494104,476.61149843258704,2361.8644978720686,0.9994584189766673,0.9670253581401687,1.0226979655998043,0.014573464008927683,38.65250773495137,15.471291536671089,23.181216198280282,24.616204622658188,1.0532130751258342,186.27262312849712,81.58696921774386,70.48081359126897,21.161569949186077
966,2364.4171100836643,309.07784896478023,1,1,2,33.0,2337.2482932494104,476.61149843258704,2364.417110083664,1.000149478116365,0.9699492057034034,1.0217201512382739,0.01163333409804425,67.07089294885066,40.995331939962284,26.07556100888837,27.168816834253903,1.162427497015384,254.32238707583713,83.00669027626184,85.19812577897713,21.5045124672902
967,2363.6288635517203,292.5577662957672,1,1,2,33.0,2337.2482932494104,476.61149843258704,2363.62886355172,0.9985014534251183,0.9722167606748412,1.0151084797638734,0.012126197085290306,3.038201736672761,-20.533855263644483,23.572057000317244,26.380570302309934,1.128702088627211,225.08914952346709,78.23644830673739,81.84197411843749,20.33012814843774
968,2357.9673949307544,244.63532251589652,11,7,18,32.0,2337.2482932494104,476.61149843258704,2357.9673949307544,1.0025630428628425,0.9757230233374967,1.0244226483670222,0.011125664873500096,2.1122802394083635,-16.44061813869206,18.552898378100423,20.719101681344,0.8864741388917143,213.40892223450334,73.03882291796592,72.01549187224761,19.391632165879447
969,2357.9673949307544,244.63532251589652,11,7,18,32.0,2337.2482932494104,476.61149843258704,2357.9673949307544,1.0025630428628425,0.9757230233374967,1.0244226483670222,0.011125664873500096,2.1122802394083635,-16.44061813869206,18.552898378100423,20.719101681344,0.8864741388917143,213.40892223450334,73.03882291796592,72.01549187224761,19.391632165879447
970,2358.0880343785207,252.94347911932599,13,7,20,32.0,2337.2482932494104,476.61149843258704,2358.0880343785207,1.001721771670815,0.9750223423438088,1.0234373411001416,0.011144368998631122,56.722344374123,37.63367478109666,19.08866959302634,20.83974112911028,0.8916357405972206,216.11097024949606,74.66064612299924,55.68800795861425,19.70823104835348
971,2364.498019279431,320.4668663486673,1,1,2,33.0,2337.2482932494104,476.61149843258704,2364.498019279431,0.9997070676793451,0.9721916866402779,1.0207617217748617,0.011418544837387475,-66.25765453431687,-89.13090474206214,22.873250207745272,27.24972603002061,1.1658892257499986,205.4700763565304,86.25189864854842,55.06315658461154,22.137048895363165
972,2363.5449498368903,281.1690140260265,1,1,2,32.0,2337.2482932494104,476.61149843258704,2363.5449498368907,1.0005401525257955,0.9747195705670383,1.0219915056715092,0.010972444666199984,18.523210735296686,-1.2230183812459643,19.74622911654265,26.2966565874799,1.125111810475232,211.82318471182188,87.35323365404464,89.81138360402669,22.725144455268918
973,2377.9959830987113,365.9424807930745,2,3,5,33.0,2340.0256162158453,476.7959253028173,2377.9959830987113,0.9981066491819779,0.9680699285625555,1.0177788186325611,0.012421339938362112,17.55763793370346,-8.214494207730723,25.772132141434184,37.970366882866074,1.6226474881189363,284.8007445813797,92.2196674481416,98.72605538940869,24.2800462489265
974,2368.0348174828623,287.3541363528021,1,1,2,33.0,2340.0256162158453,476.7959253028173,2368.034817482862,1.0008730406826034,0.976172527603427,1.0220156160415212,0.010891908272150218,16.733884785208517,-4.095736744428876,20.829621529637393,28.009201267017033,1.1969613098642868,211.17171103760816,84.44329344359335,97.61042281409527,22.407215626091595
975,2368.547581143508,283.35292991393953,1,1,2,32.0,2340.0256162158453,476.7959253028173,2368.547581143508,1.0011420226826535,0.9742687930295455,1.0223929846122122,0.011045861443239541,14.42739688335277,-9.387215735917437,23.814612619270207,28.521964927662793,1.2188740469340191,241.51653768059816,86.882404448192,93.21287363531644,22.61319930917227
976,2366.6835244724034,289.8819857544833,1,1,2,32.0,2340.0256162158453,476.7959253028173,2366.6835244724034,1.001070623716716,0.9745140806828633,1.0221734522126613,0.01104114374948097,10.43760675997467,-11.76845125838662,22.20605801836129,26.65790825655813,1.1392143774762502,220.64493731201918,88.48199929558238,60.894492360063964,22.77981278412947
977,2364.611562247142,273.81976983275985,1,1,2,32.0,2340.0256162158453,476.7959253028173,2364.611562247142,1.0019614982498892,0.9753671882534666,1.0233777677045803,0.011002207921788212,7.592650692899525,-14.113373565333148,21.706024258232674,24.58594603129677,1.050669952539056,221.53054798738566,86.0728956423996,57.72682748028982,22.207760269274853
978,2367.5614692006116,294.86787871993084,1,1,2,32.0,2340.0256162158453,476.7959253028173,2367.561469200612,1.0010430108856556,0.9732002010248089,1.0222670139203283,0.011244377518198158,6.737591930049206,-16.85340680545775,23.590998735506957,27.53585298476628,1.1767329722353927,247.75676946787883,89.91870717727132,63.27248644052879,22.857007665281653
979,2367.0312692114585,286.5950489710784,1,1,2,33.0,2340.0256162158453,476.7959253028173,2367.0312692114585,1.0012176959445258,0.9759211351583883,1.0220804717218086,0.011209413438129466,-30.08804628857456,-50.19595500267894,20.107908714104383,27.005652995613218,1.1540751010788166,241.9390503297799,85.38407618652786,93.01299815993139,22.597882692959022
980,2363.499884055035,266.2202814411848,0,0,0,32.0,2340.0256162158453,476.7959253028173,2363.4998840550356,0.9982959393112131,0.9752266182052362,1.0181647535613527,0.01156667086471294,-150.55581088503823,-169.4782212660648,18.922410381026566,23.474267839189906,1.0031628575567109,228.38789300626087,82.68437175426389,58.0534293499289,21.439549371116932
981,2367.6643140842893,305.034614957065,1,1,2,33.0,2340.0256162158453,476.7959253028173,2367.6643140842893,1.0004357224604965,0.9761770273443792,1.0211127420263,0.01089648063309469,6.905988035646317,-13.999010597108366,20.904998632754683,27.63869786844407,1.181128004621581,243.30069929308186,87.79789068037687,58.01138304322918,22.60968690283585
982,2369.7463655866995,331.250758445907,1,1,2,33.0,2340.0256162158453,476.7959253028173,2369.7463655866995,1.0006168734857062,0.9743426538884612,1.0218091605046855,0.010926505625743587,27.83198851050153,-2.3186082633067713,30.150596773808303,29.720749370854264,1.270103590528934,230.0887261415289,85.88226709148834,56.886616428684675,22.135981485654618
983,2368.300505056057,311.3716010652557,1,1,2,32.0,2340.0256162158453,476.7959253028173,2368.300505056057,1.0005008013868624,0.9735075241599458,1.0207329259706333,0.011318718304209052,12.278374900325929,-10.362589144837386,22.640964045163315,28.274888840211588,1.2083153553650456,233.50174287633237,91.01555802716534,57.20158360377123,23.21241376781532
984,2366.895248898099,296.1122117584799,1,1,2,32.0,2340.0256162158453,476.7959253028173,2366.895248898099,1.0009683139499477,0.9746236015253235,1.021864773541818,0.010959492112182934,-31.845774059773163,-54.32172122243304,22.475947162659878,26.869632682253723,1.1482623308075468,224.17437788367542,89.53295615418176,55.84830220318256,22.910802846071096
985,2366.5046382054766,282.8768909006833,1,1,2,32.0,2340.0256162158453,476.7959253028173,2366.5046382054766,1.0012616067703533,0.9755697623007467,1.0222957169265303,0.010925024316455697,10.13400146131491,-10.93212576684246,21.06612722815737,26.479021989631292,1.131569748900939,212.42418470702535,87.16048817876948,71.36486732743067,22.48048248624865
986,2362.6171924469027,249.88720868190123,12,1,13,32.0,2340.0256162158453,476.7959253028173,2362.6171924469018,1.0006541832636886,0.9774212540156391,1.0234568648021516,0.010004807330405825,-4.325953892932631,-20.797660137003362,16.47170624407073,22.591576231057388,0.9654414069018263,251.81831881601477,80.02938509434108,73.04468983673344,20.996456712214457
987,2367.573796077988,281.2792331284247,1,1,2,33.0,2340.0256162158453,476.7959253028173,2367.5737960779875,1.0010572730169591,0.979250859413516,1.0217809238080922,0.010886996529606457,141.95431334121145,124.49462650424954,17.459686836961907,27.54817986214266,1.177259756100106,273.0087552922445,87.41392692160407,96.29479699030867,23.113670464443015
988,2366.6835244724034,289.8819857544833,1,1,2,32.0,2340.0256162158453,476.7959253028173,2366.6835244724034,1.001070623716716,0.9745140806828633,1.0221734522126613,0.01104114374948097,10.43760675997467,-11.76845125838662,22.20605801836129,26.65790825655813,1.1392143774762502,220.64493731201918,88.48199929558238,60.894492360063964,22.77981278412947
989,2366.5046382054766,282.8768909006833,1,1,2,32.0,2340.0256162158453,476.7959253028173,2366.5046382054766,1.0012616067703533,0.9755697623007467,1.0222957169265303,0.010925024316455697,10.13400146131491,-10.93212576684246,21.06612722815737,26.479021989631292,1.131569748900939,212.42418470702535,87.16048817876948,71.36486732743067,22.48048248624865
990,2363.2943743758215,253.23701654324094,1,1,2,33.0,2340.0256162158453,476.7959253028173,2363.294374375821,1.0026615791962816,0.9774448387062831,1.032582458332563,0.012421178820115321,6.3833672188369235,-14.451512593828994,20.834879812665918,23.268758159976187,0.9943804887745239,209.10825412320554,81.78217002387348,58.57872031713758,21.231370772826104
991,2374.957128072555,257.56155335816754,13,7,20,32.0,2353.4000023767603,476.40529259660946,2374.957128072555,1.0011631032801824,0.9776210455576438,1.0225560677588372,0.011044693001967485,6.071336774889744,-12.968261634912636,19.03959840980238,21.55712569579464,0.915999221297847,223.06480996087464,75.88473614334494,54.385685233018044,20.07042637376004
992,2377.0100633123548,261.0713599982029,10,7,17,32.0,2353.4000023767603,476.40529259660946,2377.0100633123548,1.0011281687875269,0.9773197005643135,1.0227503618654419,0.011152610534249555,155.2136131680639,137.08108671797777,18.132526450086118,23.610060935594447,1.0032319585174654,226.8540919617093,79.3911916609009,73.95304900570795,20.751582850834538
993,2379.1151189226794,282.75428564125593,1,1,2,32.0,2353.4000023767603,476.40529259660946,2379.11511892268,1.0005542482009615,0.976631761192571,1.0217529418935918,0.011110549687332136,19.91388764911426,-1.387537447538449,21.301425096652707,25.715116545919045,1.092679379618793,208.05271604418198,84.69158129677264,68.04735820088135,21.84453323304324
994,2378.612863548519,285.6126655996631,1,1,2,32.0,2353.4000023767603,476.40529259660946,2378.6128635485193,1.0005464860374584,0.9770649223595226,1.0213220519442079,0.011154026317362252,11.022392175033815,-9.43428198903274,20.456674164066555,25.212861171758504,1.071337687868419,224.20513627947142,84.23550020742468,56.92525093358566,21.767961435494033
995,2380.0562864263425,315.48765199440714,1,1,2,33.0,2353.4000023767603,476.40529259660946,2380.0562864263425,1.0001814038245405,0.9758682258405424,1.0216981072072868,0.01102661681789074,12.390626108107426,-12.507447468719562,24.898073576826988,26.656284049582155,1.1326712000790888,209.25174459240793,87.03590093588168,68.72610645620665,22.484180400262062
996,2376.11165328866,260.53182896696774,1,1,2,32.0,2353.4000023767603,476.40529259660946,2376.1116532886604,1.0016001013454965,0.9774601934601348,1.023177097861739,0.011106548116796613,19.566301672277604,-0.6673029713702476,20.23360464364785,22.711650911899596,0.9650569766704558,214.64944183318448,78.33946255556734,66.6345237656245,20.560156940880525
997,2377.904099083236,266.4431750832035,1,1,2,32.0,2353.4000023767603,476.40529259660946,2377.9040990832355,1.0009289211070012,0.9773796620612277,1.0219506511681953,0.011193739126919226,80.21338548321097,60.918267037111065,19.295118446099906,24.504096706475593,1.0412210708646326,209.04167974229745,79.43498118537482,81.44350381173854,20.864061359825474
998,2377.904099083236,266.4431750832035,1,1,2,32.0,2353.4000023767603,476.40529259660946,2377.9040990832355,1.0009289211070012,0.9773796620612277,1.0219506511681953,0.011193739126919226,80.21338548321097,60.918267037111065,19.295118446099906,24.504096706475593,1.0412210708646326,209.04167974229745,79.43498118537482,81.44350381173854,20.864061359825474
999,2380.3511246184376,298.24260485184766,1,1,2,33.0,2353.4000023767603,476.40529259660946,2380.351124618437,1.0000391822843009,0.9741715011296153,1.0219135034521516,0.011453072976105821,28.248353156869257,3.8981299813955843,24.350223175473673,26.95112224167724,1.1451993802353444,226.65210888395987,87.30080793980471,75.43077286324242,22.399611614397188
1000,2380.447426568685,304.97636795498613,1,1,2,32.0,2353.4000023767603,476.40529259660946,2380.447426568685,0.9996856354485321,0.9744111473909259,1.0205123108684186,0.011428132281606497,-50.01815358757983,-73.88500079364769,23.86684720606786,27.04742419192462,1.1492914151699123,226.64626970162013,87.21097633058862,52.382491893184714,22.38796817541984
1001,2381.0751652715476,312.6716258197804,1,1,2,33.0,2353.4000023767603,476.40529259660946,2381.075165271547,0.9994409462665632,0.9757032955792002,1.0204158518600035,0.011164691751865652,8.036105105361031,-13.748334589300299,21.78443969466133,27.675162894787263,1.1759651086444034,270.85154002659266,85.81053991673454,54.17030800531853,22.09222420318782
1002,2374.7367452959306,247.03194202334828,13,7,20,32.0,2353.4000023767603,476.40529259660946,2374.7367452959306,1.0006080373499877,0.9773067370266869,1.0225176749082392,0.01089484108042532,24.280350953062396,5.006260082079933,19.274090870982462,21.33674291917032,0.9066347793669493,209.46680293046472,74.92049476096273,72.57695505071347,19.84226103655533
1003,2379.2074037623775,291.150117723922,1,1,2,32.0,2353.4000023767603,476.40529259660946,2379.2074037623775,1.0004037915873039,0.9771264033679757,1.0210137661891778,0.011157837694664836,24.61060900319646,3.7670216630891105,20.843587340107348,25.80740138561714,1.0966007206405017,226.80783024272824,85.33220574311868,55.14572821669527,21.998121933457153
1004,2379.8848317068396,283.09002749704393,1,1,2,33.0,2353.4000023767603,476.40529259660946,2379.8848317068396,0.9997063731587951,0.9770847622811909,1.016417342032388,0.012499955240393148,7.413103760569925,-13.154685032864592,20.567788793434516,26.484829330079265,1.125385795161534,220.65122367363674,83.05546719606919,91.07506512597429,21.863930468572676
1005,2379.9370890593314,296.79561632760493,1,1,2,33.0,2353.4000023767603,476.40529259660946,2379.937089059332,0.9988472077346319,0.9717938430950023,1.023246466880193,0.014821743504444087,10.635815236687478,-10.407791071647011,21.04360630833449,26.537086682571044,1.127606299641818,178.26501280036874,83.41199161227568,65.9122885898102,21.37622105550667
1006,2381.0323994050505,311.68453587158297,1,1,2,32.0,2353.4000023767603,476.40529259660946,2381.0323994050505,0.9996780013304329,0.9754338458766387,1.0201183973350485,0.011292385416115337,6.229673266150201,-16.102523376500187,22.332196642650388,27.632397028290143,1.1741479136731308,225.03644682186734,88.39356523975526,54.611444010774925,22.63297429842694
1007,2383.102227609556,323.92989326437237,1,1,2,33.0,2353.4000023767603,476.40529259660946,2383.1022276095555,0.9968463962626256,0.9705960845220984,1.0133578237636824,0.012921654545381845,11.87934320959431,-9.40445346981474,21.28379667940905,29.702225232795627,1.262098461918865,301.8250004046504,82.55903087835398,60.36500008093007,21.305383610862744
1008,2383.2717413500986,309.7459963861039,1,1,2,33.0,2353.4000023767603,476.40529259660946,2383.2717413500986,0.9995165845410949,0.9770317458156859,1.0189306745101512,0.011770625813153439,42.45080723451673,21.583100807357084,20.867706427159646,29.871738973338324,1.269301391313422,251.98770701888492,84.89283876940789,98.13609161585433,22.779583196623342
1009,2379.4748288634755,274.93259232869843,1,1,2,32.0,2353.4000023767603,476.40529259660946,2379.4748288634755,1.0006837727858306,0.9761884970290648,1.02198317811038,0.011253789338354178,1.4868190933589176,-20.201872388901762,21.68869148226068,26.07482648671521,1.1079640715722596,206.8317962809186,82.79493635123023,83.41496061090781,21.55350412058121
1010,2377.904099083236,266.4431750832035,1,1,2,32.0,2353.4000023767603,476.40529259660946,2377.9040990832355,1.0009289211070012,0.9773796620612277,1.0219506511681953,0.011193739126919226,80.21338548321097,60.918267037111065,19.295118446099906,24.504096706475593,1.0412210708646326,209.04167974229745,79.43498118537482,81.44350381173854,20.864061359825474
1011,2355.4622242472906,251.9369498432619,11,7,18,32.0,2334.5819799754236,476.2507104033455,2355.4622242472906,1.002153558462955,0.9760301500173323,1.0254136634191848,0.01102302300902583,-9.940970879304245,-29.050216044657674,19.10924516535343,20.880244271867014,0.8943889934457055,231.16003333564709,75.49763135940684,68.17357156917045,20.016645298157517
1012,2361.1625242661466,299.8096020096405,1,1,2,33.0,2334.5819799754236,476.2507104033455,2361.1625242661466,0.9998327059450093,0.9729271060355775,1.0178756895927559,0.0114357326144064,16.67749650359073,-10.168573923063974,26.846070426654705,26.580544290723083,1.1385569030650575,225.82291826033108,80.8919019832969,86.22355536481486,21.974781944933206
1013,2362.184448438709,328.3065940856265,1,1,2,33.0,2334.5819799754236,476.2507104033455,2362.184448438709,0.9985758340803746,0.9717010957772574,1.0184358529410587,0.012028044754000586,25.84084591882271,2.0300846321155177,23.81076128670719,27.602468463285277,1.1823302287108313,235.30944652309637,89.21631500982058,54.41152308681304,22.636287831738144
1014,2357.1464956997474,260.4529613385009,1,1,2,32.0,2334.5819799754236,476.2507104033455,2357.1464956997474,1.0000887433195542,0.9755048807462811,1.0247317708451804,0.010372474142302681,127.04610391544622,108.76807736500456,18.278026550441666,22.564515724323883,0.9665334487230739,244.66172691581716,80.76356207510847,70.3280201921056,21.068069653468264
1015,2361.1116768588968,314.54606888313674,1,1,2,33.0,2334.5819799754236,476.2507104033455,2361.111676858897,1.0001652677836308,0.9728663052443574,1.0226613331143468,0.011218815035664567,-3.067850406182913,-26.694410739707905,23.626560333524992,26.529696883473207,1.1363788939959387,216.14240527825453,88.0321271274991,52.35883244721092,22.574964872612203
1016,2355.0990228645305,247.81008457926947,11,7,18,32.0,2334.5819799754236,476.2507104033455,2355.0990228645305,1.0025559771441477,0.9763825973285001,1.0259132863936835,0.011056297313167299,16.440973218909107,-2.438548106746566,18.879521325655674,20.51704288910696,0.8788315452226246,230.2780838035555,75.08119164919485,67.87710983873056,19.963381166490773
1017,2358.967658882188,289.14952212837215,1,1,2,33.0,2334.5819799754236,476.2507104033455,2358.9676588821885,1.0010816632414852,0.9750822211515485,1.0238559254849933,0.011235180657460042,15.689367599289398,-4.541032281424037,20.230399880713435,24.385678906764497,1.04454155458791,237.85090638072757,84.0554240007341,69.83213341089096,21.75636818964897
1018,2362.3244314234134,326.7546972357787,1,1,2,33.0,2334.5819799754236,476.2507104033455,2362.3244314234134,0.9995015797827475,0.9736467340611052,1.0212565647232859,0.011317282964756455,174.67651892232038,151.61457900314747,23.061939919172914,27.74245144798988,1.1883262907855532,234.1678459478296,88.00361235715116,52.60972964260288,22.5815620852947
1019,2362.0141541757125,318.7233889525105,1,1,2,33.0,2334.5819799754236,476.2507104033455,2362.0141541757125,0.9979494930714798,0.9576850488271639,1.0206405459299863,0.014468529669247629,7.358950093912682,-16.826749226407344,24.185699320320026,27.432174200288955,1.175035806649109,214.70462852854814,88.29686828028358,60.11854676987621,22.775376646291022
1020,2370.755400921556,360.47267743594875,1,5,6,32.0,2334.5819799754236,476.2507104033455,2370.755400921556,0.9982941385707514,0.9690445476198197,1.0194783597566694,0.01204013216471331,12.105004871545248,-15.192430869422566,27.297435740967813,36.17342094613241,1.5494602998055014,263.3110346081869,94.98480872944253,99.58588943699127,24.942823621624417
1021,2360.0543523416195,295.76153941048454,1,1,2,32.0,2334.5819799754236,476.2507104033455,2360.0543523416195,1.0008089136062726,0.9736215283209224,1.0232972431533995,0.011313806294026282,16.758425528866212,-5.2954785980649035,22.053904126931116,25.47237236619594,1.0910892221683341,211.8895891821796,85.92037461419703,57.5980401869752,22.07836403604714
1022,2358.967658882188,289.14952212837215,1,1,2,33.0,2334.5819799754236,476.2507104033455,2358.9676588821885,1.0010816632414852,0.9750822211515485,1.0238559254849933,0.011235180657460042,15.689367599289398,-4.541032281424037,20.230399880713435,24.385678906764497,1.04454155458791,237.85090638072757,84.0554240007341,69.83213341089096,21.75636818964897
1023,2356.0359223614214,257.64325645030857,1,1,2,32.0,2334.5819799754236,476.2507104033455,2356.035922361422,1.0019561155012577,0.975675598811803,1.0251819238596915,0.0110314487220586,7.812789038161952,-12.144090051022744,19.956879089184696,21.453942385997834,0.918962905137462,227.60292251096018,76.9474436424808,66.09831537249508,20.43691735395556
1024,2355.462230076641,251.93756203202506,11,7,18,32.0,2334.5819799754236,476.2507104033455,2355.46223007664,1.002153590747229,0.9760300981586697,1.0254136864840944,0.011023050288893629,9.382547851939847,-9.72662986474657,19.109177716686418,20.88025010121737,0.8943892431413858,231.15903529863346,75.499633136773,68.1733798182246,20.017046442047786
1025,2361.286993435818,275.5492653148154,1,1,2,33.0,2334.5819799754236,476.2507104033455,2361.286993435818,1.0012199663531305,0.96979788576099,1.0258925487810773,0.012252207428775102,50.5224649167526,25.64033984547612,24.882125071276477,26.70501346039464,1.1438884429612433,240.58536527916644,85.99799258270107,99.54437395520478,22.655807154051335
1026,2371.1003728045234,371.381271961812,10,18,28,32.0,2334.5819799754236,476.2507104033455,2371.1003728045234,0.9980952176800564,0.9672716138813493,1.019021289586528,0.012534647281166286,11.25837579116262,-14.840255070695918,26.09863086185854,36.51839282909987,1.5642369016094393,290.39093766024035,95.28279083262659,92.07815834460582,24.804710263749747
1027,2361.926075783425,317.2747951640554,1,1,2,32.0,2334.5819799754236,476.2507104033455,2361.926075783425,1.000009910066993,0.972443842571263,1.0220731078887866,0.0113963386101878,179.69788141836443,-179.6108940423329,359.30877546069735,27.344095808001384,1.1712630373463793,220.59435508117414,89.66622907271723,55.41582212272876,23.129634622796075
1028,2359.761809190706,306.58831668422954,1,1,2,33.0,2334.5819799754236,476.2507104033455,2359.7618091907066,1.000517235951013,0.9731501357585318,1.0237674250034479,0.011162860127265516,15.188660454877294,-8.254047078753501,23.442707533630795,25.179829215282552,1.0785583642493302,231.03610671505191,84.8015567340416,64.51788396713508,21.806258078919043
1029,2361.1625242661466,299.8096020096405,1,1,2,33.0,2334.5819799754236,476.2507104033455,2361.1625242661466,0.9998327059450093,0.9729271060355775,1.0178756895927559,0.0114357326144064,16.67749650359073,-10.168573923063974,26.846070426654705,26.580544290723083,1.1385569030650575,225.82291826033108,80.8919019832969,86.22355536481486,21.974781944933206
1030,2376.8196599318135,298.4028146738985,1,1,2,32.0,2350.296125735965,476.40478363589114,2376.8196599318135,1.0005256214666176,0.9736499262712268,1.021905407116409,0.010856242694602893,6.045325284041667,-16.078595441504916,22.123920725546583,26.523534195848697,1.128518823879829,222.34576893540768,90.95284700751152,55.31384825172565,23.143766515910205
1031,2373.293974455821,265.37144778701827,1,1,2,33.0,2350.296125735965,476.40478363589114,2373.2939744558216,0.9993406973432494,0.9745967009143315,1.0160107487827694,0.011881631253866128,8.447999570551161,-9.65065394064618,18.09865351119734,22.997848719856393,0.9785085576250488,265.0639616873876,73.56959295245518,73.95553341997191,19.439918990779336
1032,2380.5713172634505,340.5821848820825,1,1,2,33.0,2350.296125735965,476.40478363589114,2380.5713172634505,0.9981689102094023,0.9676702537313434,1.0164609923431978,0.012193287287316655,-83.22105172383573,-109.34167261854276,26.12062089470703,30.27519152748573,1.2881437022326472,318.5278439273726,84.31847355639071,63.70556878547452,21.802916825600235
1033,2370.5710489587727,239.6459799207515,13,7,20,32.0,2350.296125735965,476.40478363589114,2370.5710489587727,1.0013889585142908,0.9756247501479771,1.0233611682327652,0.010584116358115373,11.539345857774663,-6.732985273636331,18.272331131410994,20.274923222807956,0.8626539864826236,207.7795275697523,76.16928424262498,72.65563563975823,20.066756574497802
1034,2374.9317338091396,288.995911987099,1,1,2,33.0,2350.296125735965,476.40478363589114,2374.9317338091396,1.0009089585353832,0.9740562110098642,1.0224455434378807,0.010806524544985888,12.170200183395849,-8.936044430193277,21.106244613589126,24.635608073174808,1.0481916641657436,220.8564541094114,86.12842221778779,56.77408940186021,22.14768793674749
1035,2374.97622028761,293.06093171336727,1,1,2,33.0,2350.296125735965,476.40478363589114,2374.9762202876104,1.0007451252316997,0.9750411601936294,1.0221917700988672,0.010623730084888964,21.169668444978015,1.015583381300388,20.154085063677627,24.680094551645197,1.050084467288859,214.5436048408463,86.69198177342014,69.76082307090333,22.31488392326634
1036,2370.7506168644923,248.12500667759747,13,7,20,32.0,2350.296125735965,476.40478363589114,2370.7506168644927,1.001944535444982,0.9760156390475511,1.0235206248700275,0.010774042197035583,4.115242534242924,-13.784665655408617,17.89990818965154,20.45449112852748,0.870294211208063,221.99690290937758,76.88705741687527,55.95192371505099,20.249180450645166
1037,2375.2190761238635,268.5718357609869,1,1,2,33.0,2350.296125735965,476.40478363589114,2375.2190761238635,1.0012184013878722,0.9676070015576165,1.0242520700155324,0.01218539973998025,-3.558426274531911,-24.595610713438248,21.037184438906337,24.92295038789871,1.0604174561235091,226.21266938110637,85.9680874427326,67.38169316325866,22.196688741778434
1038,2375.849823764442,295.03615305775975,1,1,2,33.0,2350.296125735965,476.40478363589114,2375.8498237644426,0.9998587272350633,0.9699898632396474,1.0215822016469542,0.012273653336560704,8.21313947526761,-13.68020641107367,21.89334588634128,25.553698028477356,1.087254399505745,232.46410196898418,87.41831094716109,57.35988674813656,22.201972834406877
1039,2372.852037043445,260.88186192005315,1,1,2,32.0,2350.296125735965,476.40478363589114,2372.852037043445,1.001820831756782,0.9754922797220148,1.023276299699098,0.010855842347582452,8.731174197308547,-9.773441171862885,18.504615369171432,22.555911307480073,0.9597050797340264,213.7721441988385,81.3274410719419,69.01841626670146,21.177003044660676
1040,2370.7508418205884,248.12717245657677,13,7,20,32.0,2350.296125735965,476.40478363589114,2370.750841820588,1.0019444374103932,0.9760155516747392,1.023520530510694,0.010774022539208864,7.826833307143232,-10.07343433664866,17.900267643791892,20.45471608462367,0.8703037826018004,221.9971032218127,76.88858256572803,55.95125832480898,20.249488380615645
1041,2374.4040250403327,274.80145338843784,1,1,2,33.0,2350.296125735965,476.40478363589114,2374.4040250403327,1.0011692106278973,0.974628125265981,1.0228271940785727,0.010910428568604413,7.3627367051197155,-12.493114764882762,19.855851470002477,24.107899304367947,1.0257388011827178,208.62856843957988,80.57606615849018,72.43607180926269,21.02565390593293
1042,2376.8196599318135,298.4028146738985,1,1,2,32.0,2350.296125735965,476.40478363589114,2376.8196599318135,1.0005256214666176,0.9736499262712268,1.021905407116409,0.010856242694602893,6.045325284041667,-16.078595441504916,22.123920725546583,26.523534195848697,1.128518823879829,222.34576893540768,90.95284700751152,55.31384825172565,23.143766515910205
1043,2377.842551133282,278.04292375980884,2,1,3,32.0,2350.296125735965,476.40478363589114,2377.842551133282,1.0009776164643158,0.9739071238855174,1.022033079549141,0.011002141033231874,130.55528815845992,109.30374525448656,21.25154290397336,27.546425397317307,1.1720406248251591,232.2023203640666,87.46680037659185,99.98348699200812,22.863046025640102
1044,2370.7506168644923,248.12500667759747,13,7,20,32.0,2350.296125735965,476.40478363589114,2370.7506168644927,1.001944535444982,0.9760156390475511,1.0235206248700275,0.010774042197035583,4.115242534242924,-13.784665655408617,17.89990818965154,20.45449112852748,0.870294211208063,221.99690290937758,76.88705741687527,55.95192371505099,20.249180450645166
1045,2377.549858789282,321.33541773383513,1,1,2,33.0,2350.296125735965,476.40478363589114,2377.549858789282,0.9992387868768281,0.9695091795970922,1.0162667932921166,0.01257724600845637,18.685475980575177,-7.233211931507526,25.918687912082703,27.25373305331732,1.1595872007312766,233.646789308534,86.930379722054,52.32975872274053,22.271792471542593
1046,2381.0689909184143,309.1608074059376,1,1,2,32.0,2350.296125735965,476.40478363589114,2381.068990918415,0.999861211155078,0.9723905367152773,1.0205256318879221,0.011225723842795786,13.078038316546753,-10.39969476338672,23.477733079933472,30.77286518244955,1.309318636297944,216.07116868715704,91.15580326230604,99.85071592216102,24.46012945688035
1047,2370.7506168644923,248.12500667759747,13,7,20,32.0,2350.296125735965,476.40478363589114,2370.7506168644927,1.001944535444982,0.9760156390475511,1.0235206248700275,0.010774042197035583,4.115242534242924,-13.784665655408617,17.89990818965154,20.45449112852748,0.870294211208063,221.99690290937758,76.88705741687527,55.95192371505099,20.249180450645166
1048,2374.4040250403327,274.80145338843784,1,1,2,33.0,2350.296125735965,476.40478363589114,2374.4040250403327,1.0011692106278973,0.974628125265981,1.0228271940785727,0.010910428568604413,7.3627367051197155,-12.493114764882762,19.855851470002477,24.107899304367947,1.0257388011827178,208.62856843957988,80.57606615849018,72.43607180926269,21.02565390593293
1049,2384.0797119910794,328.7560279039806,1,1,2,33.0,2354.454002683925,479.43895535161323,2384.079711991079,0.9991333830085507,0.9733333108463301,1.019283911537119,0.011506671163482186,13.392033743871679,-9.169566784375746,22.561600528247425,29.625709307154466,1.2582836306584488,266.8395571019919,86.64113019862707,87.56144506807362,22.783725775777423
1050,2380.1211832874496,291.4988794397713,1,1,2,32.0,2354.454002683925,479.43895535161323,2380.1211832874496,1.0005225931283388,0.9762941952221315,1.021051561829834,0.010821792546439045,10.573905122218036,-9.837097815299899,20.411002937517935,25.667180603524685,1.0901542597250047,218.05181850762074,84.88080173138027,74.56068930007895,21.877677326196334
1051,2381.340994498936,328.7144651860947,1,1,2,33.0,2354.454002683925,479.43895535161323,2381.3409944989353,1.0001643378805474,0.9744335124695737,1.0209780773553883,0.011073276685861708,61.77661475830999,34.59127006913437,27.185344689175622,26.886991815011243,1.141962925772252,207.5579549514606,83.87500385688301,56.786493332148126,21.708137573710818
1052,2381.1994434848275,325.4819819345078,1,1,2,32.0,2354.454002683925,479.43895535161323,2381.1994434848275,0.9996304767851155,0.9737751556772271,1.019487114910071,0.011533696612079822,51.08134611942353,29.09584201468553,21.985504104738,26.745440800902543,1.135950873128737,230.0740306418809,87.85905782513586,52.19436989180468,22.56294354391832
1053,2381.8130482937972,303.8935416186281,1,1,2,33.0,2354.454002683925,479.43895535161323,2381.8130482937972,0.997883244867778,0.9742508286205127,1.0140216537546063,0.012390403542150806,2.961750806016994,-17.73233510550986,20.694085911526855,27.359045609872283,1.1620123212721396,279.06419620311664,78.7275685778139,99.16428055173783,21.15425534901863
1054,2384.2747604771257,327.9806013053309,1,1,2,33.0,2354.454002683925,479.43895535161323,2384.2747604771257,0.9987825861994817,0.9703366074938434,1.0144937668433445,0.01159791609880625,18.427274625710425,-11.103469518007728,29.530744143718152,29.820757793200755,1.266567864957524,227.34959114380874,86.00085380933744,85.3561449893492,22.480037967278587
1055,2379.691516012944,305.3374152263908,1,1,2,32.0,2354.454002683925,479.43895535161323,2379.6915160129442,1.000388764887256,0.9742619442048758,1.0208763324066383,0.011294218776246721,25.76142038713374,3.8611937600527995,21.90022662708094,25.23751332901884,1.0719051338548007,210.41492822062935,86.39556215907187,52.206811787670524,22.205785936906747
1056,2385.0836072376205,333.18426303324867,1,1,2,33.0,2354.454002683925,479.43895535161323,2385.0836072376205,0.9976321778077838,0.9608217178408022,1.0177966192543972,0.014160269086931257,14.945793786753967,-10.745943945634735,25.691737732388702,30.62960455369557,1.300921764399721,243.21470159776757,89.50691403860837,93.72135820429047,23.3694858225073
1057,2391.1799914326707,377.95682921154355,2,5,7,32.0,2354.454002683925,479.43895535161323,2391.1799914326707,0.9976579117849057,0.9676819337880039,1.0164308152389148,0.012769359644927807,19.263714896303327,-7.0846060252515315,26.34832092155486,36.72598874874575,1.5598516134475553,268.1620807509166,93.95318444349842,99.53889485472465,25.13280746445457
1058,2382.9909365891344,334.6263361256691,1,1,2,33.0,2354.454002683925,479.43895535161323,2382.990936589134,0.998118597359014,0.9691342270943761,1.0154453591228767,0.012245825838663807,21.325108362282663,-5.149900965168854,26.475009327451517,28.53693390520948,1.2120404082084095,289.0803182762461,81.38288749721711,73.30978209741312,21.33214686279095
1059,2381.8130482937972,303.8935416186281,1,1,2,33.0,2354.454002683925,479.43895535161323,2381.8130482937972,0.997883244867778,0.9742508286205127,1.0140216537546063,0.012390403542150806,2.961750806016994,-17.73233510550986,20.694085911526855,27.359045609872283,1.1620123212721396,279.06419620311664,78.7275685778139,99.16428055173783,21.15425534901863
1060,2382.3990978652555,296.2043532417126,1,3,4,32.0,2354.454002683925,479.43895535161323,2382.3990978652555,1.0004496091916315,0.9711681039239795,1.0207160147227747,0.011516901558327547,55.56546562629899,29.800935258129385,25.764530368169602,27.945095181330544,1.1869034242960341,256.36639907072697,86.47491685481225,98.40438559884733,22.614365471172697
1061,2381.879257562695,292.7951750920495,1,1,2,32.0,2354.454002683925,479.43895535161323,2381.879257562695,1.000776707430154,0.9735572187505726,1.02107857368285,0.011241310850631252,13.077790313500714,-11.93969219111574,25.017482504616453,27.42525487876992,1.164824407166456,222.86915786842246,85.16233205942284,97.06546335579371,22.474801279271798
1062,2381.508772915423,320.2453252190131,1,1,2,33.0,2354.454002683925,479.43895535161323,2381.508772915423,1.000271458873941,0.973467832419541,1.027322989780033,0.012632865454893854,8.01648375099441,-15.096388060810881,23.11287181180529,27.05477023149797,1.149088926802447,211.6003072430348,87.9658671083936,55.659536860479854,22.567429155889094
1063,2379.3536306553306,287.1687560031572,1,1,2,33.0,2354.454002683925,479.43895535161323,2379.3536306553306,1.0007668522682034,0.9756335246246859,1.0211680898964084,0.011199500979848795,19.930052585180704,-2.035355599881143,21.965408185061847,24.899627971405607,1.0575542330842584,213.53902189581052,82.10478658251992,78.84729739226015,21.306880101744337
1064,2379.1342962513318,287.5229432634679,1,1,2,33.0,2354.454002683925,479.43895535161323,2379.1342962513318,1.0008735728781464,0.9765307197798022,1.0210884375143316,0.011144635435767356,114.77710995931602,95.40036709274199,19.376742866574034,24.680293567406807,1.0482385104687912,226.45831678218022,82.53951721397736,79.33287822621106,21.454200190809683
1065,2380.576182415925,298.8556462477563,1,1,2,33.0,2354.454002683925,479.43895535161323,2380.576182415925,0.9999874071649728,0.9767162155777188,1.0202041917502975,0.010991535701237789,-7.113968290029646,-27.678746165755314,20.564777875725667,26.12217973199995,1.109479297630039,235.04424119205808,84.57103082875244,76.580227295628,22.12987500322866
1066,2380.12505505861,282.3980729768023,1,1,2,33.0,2354.454002683925,479.43895535161323,2380.12505505861,0.9999617526306445,0.9709732997426608,1.02100097894697,0.012415951293097539,12.188323228572102,-11.859048942996452,24.047372171568554,25.671052374685132,1.0903187042695162,205.7903038580601,82.5589046754727,97.49400183181821,21.82757682514404
1067,2379.872903769957,283.61822276049566,1,1,2,33.0,2354.454002683925,479.43895535161323,2379.872903769957,1.001157870660367,0.9750078597750939,1.0214596789089554,0.011120660607392708,13.08592409358721,-8.548003917227192,21.6339280108144,25.418901086031838,1.0796091602153168,198.1293157812559,82.56686836875623,89.06662920737172,21.712780214205885
1068,2371.5782528313453,317.88595151904474,1,1,2,33.0,2345.329938315568,477.8101143111744,2371.5782528313453,0.9988501313943045,0.9708466725480247,1.0186236211539086,0.01195042661492728,29.285333345510566,7.157175136975894,22.12815820853467,26.24831451577711,1.119173643203004,220.9918370438364,86.20359658009401,51.92445675823816,22.191529305444018
1069,2372.097919143578,296.07221891697304,1,1,2,32.0,2345.329938315568,477.8101143111744,2372.097919143578,0.9995322175191458,0.9705200631296375,1.0195908952544468,0.011989174887071848,12.054834262267548,-10.489129754733057,22.543964017000604,26.767980828009968,1.1413311360036156,230.51051640586184,86.62935759133796,59.74598097662689,22.16519108433595
1070,2367.9998887812744,261.23624685860665,1,1,2,32.0,2345.329938315568,477.8101143111744,2367.9998887812744,1.000732581756984,0.9735410875671161,1.0209984179735008,0.01163697139133275,9.784332254943905,-9.068393784368936,18.85272603931284,22.66995046570628,0.9665996282803601,199.5074475939009,78.25507008947342,61.91618377714334,20.500542425171748
1071,2368.0255195639675,258.75422276461575,1,1,2,32.0,2345.329938315568,477.8101143111744,2368.025519563968,1.0007936523188936,0.9738755569589344,1.0210005184449704,0.011578865564089113,28.46326763885105,10.016111747428113,18.447155891422938,22.69558124839932,0.9676924716485494,198.93248625824359,77.84071595674168,66.8207469287445,20.408219050288796
1072,2367.969151022533,251.71303958044348,1,1,2,32.0,2345.329938315568,477.8101143111744,2367.969151022533,1.0010007703535024,0.9745142001893023,1.0212850712022894,0.011452519651474495,12.409563608309327,-5.360990882507281,17.770554490816608,22.639212706964827,0.9652890340548189,197.12750478621163,77.7032416403299,76.39457047916068,20.370488102015344
1073,2374.564754179599,319.202460240623,1,1,2,33.0,2345.329938315568,477.8101143111744,2374.564754179599,0.9986672737979703,0.9691575666693586,1.0181458542200759,0.012323138147429046,25.776401761984715,2.4178262799694323,23.358575482015283,29.23481586403068,1.2465118611425445,230.94689806217218,87.83173608952542,77.93108677857428,22.562605013267667
1074,2373.0336195978166,309.21925465187337,1,1,2,32.0,2345.329938315568,477.8101143111744,2373.0336195978166,0.9989434081823028,0.9712329427046275,1.0184500085278776,0.01200727539123585,-141.82989746727068,-163.0878403420892,21.257942874818525,27.703681282248453,1.1812274609919244,206.46759344108764,89.013273795576,52.68519258492132,22.69503761309459
1075,2367.122884016025,245.93042875014714,12,1,13,32.0,2345.329938315568,477.8101143111744,2367.1228840160256,0.9999425789764301,0.9741234271475155,1.021085108243282,0.010918138876997649,9.221147855074264,-7.865077241009175,17.08622509608344,21.79294570045704,0.9292059656266904,215.20180680932137,75.44043403235239,71.93245630046448,19.993124874923417
1076,2367.872935390195,273.2869497218047,3,1,4,33.0,2345.329938315568,477.8101143111744,2367.872935390195,1.00096823935791,0.9769852314410317,1.0214473692595183,0.01097555870727527,13.230130762042023,-2.4452742058687704,15.675404967910794,22.542997074626783,0.961186599221827,191.06739549868078,76.09183122074589,70.90579068530005,20.157126236770708
1077,2368.7009002942546,261.5208066445564,1,1,2,32.0,2345.329938315568,477.8101143111744,2368.700900294255,1.0006930826108986,0.9741434002718968,1.0207917685326313,0.011493485199963197,-0.8396102734064925,-19.295772021145694,18.456161747739202,23.37096197868641,0.996489303994115,198.76635610730722,79.99058478890147,71.17510807262201,20.97731477626793
1078,2367.122884016025,245.93042875014714,12,1,13,32.0,2345.329938315568,477.8101143111744,2367.1228840160256,0.9999425789764301,0.9741234271475155,1.021085108243282,0.010918138876997649,9.221147855074264,-7.865077241009175,17.08622509608344,21.79294570045704,0.9292059656266904,215.20180680932137,75.44043403235239,71.93245630046448,19.993124874923417
1079,2378.6514862980666,376.15050522721543,1,1,2,33.0,2345.329938315568,477.8101143111744,2378.6514862980666,0.9940074517427333,0.9677508836041534,1.0129032253193804,0.014179235030732986,15.391452235428488,-8.23069571851866,23.62214795394715,33.32154798249849,1.4207616352021775,310.6662358746807,90.0983443395392,81.07313130538614,23.128747845593853
1080,2367.122884016025,245.93042875014714,12,1,13,32.0,2345.329938315568,477.8101143111744,2367.1228840160256,0.9999425789764301,0.9741234271475155,1.021085108243282,0.010918138876997649,9.221147855074264,-7.865077241009175,17.08622509608344,21.79294570045704,0.9292059656266904,215.20180680932137,75.44043403235239,71.93245630046448,19.993124874923417
1081,2368.7315889083816,256.9020899193002,1,1,2,32.0,2345.329938315568,477.8101143111744,2368.731588908381,1.0007777594898422,0.9750374663804364,1.0207435372579925,0.011371775948849623,28.08977036891787,9.63283163955822,18.45693872935965,23.40165059281344,0.9977978027953143,202.41265695151617,78.61098036277178,76.73956604180533,20.594125882186336
1082,2372.124779117623,303.37813484535604,1,1,2,33.0,2345.329938315568,477.8101143111744,2372.124779117623,0.99901226521418,0.9707462989277073,1.0190686716553372,0.012073304471979938,8.78959977317703,-13.166889486114485,21.956489259291516,26.79484080205475,1.1424763895394174,207.70955284715907,83.41515281630694,52.833510017986285,21.60656390306479
1083,2373.318575746752,300.4924867945715,1,1,2,32.0,2345.329938315568,477.8101143111744,2373.318575746752,0.9991792985124249,0.9707781213579426,1.0183059860535637,0.012114104583377175,12.565373989540916,-8.900664883027332,21.466038872568248,27.988637431183633,1.1933773996542791,207.74151301500848,86.43698474134686,78.63129521771901,22.344004962603876
1084,2367.872935390195,273.2869497218047,3,1,4,33.0,2345.329938315568,477.8101143111744,2367.872935390195,1.00096823935791,0.9769852314410317,1.0214473692595183,0.01097555870727527,13.230130762042023,-2.4452742058687704,15.675404967910794,22.542997074626783,0.961186599221827,191.06739549868078,76.09183122074589,70.90579068530005,20.157126236770708
1085,2369.8285994446487,283.14686979199803,1,1,2,33.0,2345.329938315568,477.8101143111744,2369.8285994446487,0.9989906153932808,0.9713846517591422,1.0166110693600732,0.0122794343959506,-32.710751636642954,-53.65402585281076,20.943274216167808,24.498661129080574,1.0445720548246478,229.33973688127844,79.70614500381545,82.72040730172239,20.75276570858778
1086,2374.5486397467475,331.1654410635074,1,1,2,33.0,2345.329938315568,477.8101143111744,2374.5486397467475,0.998965952610687,0.9704609277953113,1.0190037952413744,0.011983859654083079,19.491880427262345,-8.048902905128159,27.540783332390504,29.218701431179397,1.2458247751770255,222.30883739298352,85.41444518957789,52.961512865968466,22.017925252179744
1087,2424.6897012595628,313.57854746886426,1,1,2,33.0,2398.8751099314804,486.3991571402788,2424.6897012595628,1.0001853483036962,0.9727621586558597,1.0207986062123382,0.011078938866950978,39.69732620823885,14.083007621179917,25.614318587058932,25.814591328082315,1.0761123503765755,207.71424212453385,84.93299666741366,82.37793108323365,22.004534792390075
1088,2423.092384859501,282.71630156076134,1,1,2,32.0,2398.8751099314804,486.3991571402788,2423.0923848595007,1.0005541909658862,0.9739499115134646,1.0207013081329912,0.011277927305771995,-17.201257164774404,-36.9530647448575,19.751807580083096,24.217274928020743,1.009526291208735,206.19507729054826,81.67029360365918,67.51482220888909,21.339505330610262
1089,2428.951406896768,320.42805498188324,7,1,8,33.0,2398.8751099314804,486.3991571402788,2428.951406896768,0.9993793497877311,0.969340496137726,1.0196163046340976,0.011771194603496469,-16.038959734680645,-40.828917772173725,24.78995803749308,30.076296965287384,1.2537666859258239,231.33345459013358,90.90290289310616,96.71807385550272,23.699344624607306
1090,2423.8436099308165,286.2671108632553,1,1,2,33.0,2398.8751099314804,486.3991571402788,2423.843609930817,1.0005241058979588,0.9745665249440065,1.0203350107960023,0.01139860062133688,19.135731449343666,0.8597505847005493,18.275980864643117,24.968499999336018,1.0408420136573595,227.45549801821036,81.37897640108248,84.95741835873517,21.279829350103988
1091,2426.28013148275,315.5614870488243,1,1,2,32.0,2398.8751099314804,486.3991571402788,2426.2801314827507,0.9994744531029532,0.9719996891802748,1.0195828212000733,0.011478626103472767,13.96419870074692,-8.878660899908311,22.84285960065523,27.405021551269783,1.1424113509624334,204.2881915800061,88.61125406520995,56.05765692148385,22.892945836976825
1092,2427.4167322832864,323.0564010662831,1,1,2,33.0,2398.8751099314804,486.3991571402788,2427.4167322832864,0.9980475717469993,0.9720594291726428,1.01352482921126,0.011460762851830548,1.9327913965594234,-23.684104450492953,25.616895847052376,28.541622351805927,1.1897919251253213,258.98999345853844,86.12458251072565,79.45099802792572,22.73374048005139
1093,2422.826785807687,262.14303016165496,1,1,2,32.0,2398.8751099314804,486.3991571402788,2422.826785807687,0.9997956884981957,0.9749984341760319,1.0203554345255221,0.010569488673034155,-134.7167340970433,-152.1584490543108,17.44171495726752,23.951675876206536,0.9984544746429368,224.4832874460838,78.77965852491843,92.76620275929223,20.99437458092127
1094,2424.050322279928,283.492950211658,2,1,3,32.0,2398.8751099314804,486.3991571402788,2424.0503222799275,1.0004634731124222,0.9738978145000453,1.0206171400176822,0.011137967909264076,11.886514560651591,-9.006624773506587,20.893139334158178,25.17521234844753,1.0494590670527493,191.27779528233455,81.17498711900264,81.76975493641446,21.178353409891077
1095,2420.847986556824,258.45399748727556,13,7,20,32.0,2398.8751099314804,486.3991571402788,2420.8479865568233,1.0001778901696252,0.974189781692847,1.020689454665829,0.011001299891859185,81.5513774751123,62.52981350946652,19.021563965645782,21.97287662534336,0.9159658430893043,201.95303559122917,75.85266134047184,77.95287661599936,20.099523203313353
1096,2428.951406896768,320.42805498188324,7,1,8,33.0,2398.8751099314804,486.3991571402788,2428.951406896768,0.9993793497877311,0.969340496137726,1.0196163046340976,0.011771194603496469,-16.038959734680645,-40.828917772173725,24.78995803749308,30.076296965287384,1.2537666859258239,231.33345459013358,90.90290289310616,96.71807385550272,23.699344624607306
1097,2423.9472119162306,293.24928428763815,1,1,2,33.0,2398.8751099314804,486.3991571402788,2423.9472119162306,0.9985945092450527,0.969006296069502,1.0228212485296284,0.014523486554451551,8.9454041328992,-10.94027640460618,19.88568053750538,25.072101984750134,1.045160787276928,248.4913172457996,82.97862706766269,75.13407208689861,21.61761676419078
1098,2423.8436099308165,286.2671108632553,1,1,2,33.0,2398.8751099314804,486.3991571402788,2423.843609930817,1.0005241058979588,0.9745665249440065,1.0203350107960023,0.01139860062133688,19.135731449343666,0.8597505847005493,18.275980864643117,24.968499999336018,1.0408420136573595,227.45549801821036,81.37897640108248,84.95741835873517,21.279829350103988
1099,2420.963699383654,260.05997106717183,11,7,18,32.0,2398.8751099314804,486.3991571402788,2420.963699383654,1.0014787244037435,0.9750169143128377,1.0218055038285159,0.01120880453346081,0.34656740087766025,-17.942139835590098,18.288707236467758,22.088589452173437,0.9207894717288704,212.40593898215403,75.3061745766206,74.21181205548294,20.047370203764796
1100,2428.951406896768,320.42805498188324,7,1,8,33.0,2398.8751099314804,486.3991571402788,2428.951406896768,0.9993793497877311,0.969340496137726,1.0196163046340976,0.011771194603496469,-16.038959734680645,-40.828917772173725,24.78995803749308,30.076296965287384,1.2537666859258239,231.33345459013358,90.90290289310616,96.71807385550272,23.699344624607306
1101,2425.556509143462,302.4330429708157,1,1,2,33.0,2398.8751099314804,486.3991571402788,2425.5565091434614,1.0003527751288277,0.9729229264851581,1.0290675449905673,0.012748106277015621,11.770290499921089,-11.16293087459735,22.93322137451844,26.681399211981443,1.1122462816642233,202.90895651534515,86.49167210861403,56.64571241971562,22.15826282065115
1102,2423.8561473729105,286.8723298206226,1,1,2,33.0,2398.8751099314804,486.3991571402788,2423.8561473729105,1.0005078772138143,0.9745077186716585,1.0203598909800429,0.011350552997894246,6.905172148829024,-11.544426265450085,18.44959841427911,24.98103744143009,1.0413646520407487,220.30725801625772,81.88348334806936,84.9142423753625,21.429180619950543
1103,2430.0550864602774,325.3918461432955,1,1,2,33.0,2398.8751099314804,486.3991571402788,2430.0550864602774,0.9990085205776656,0.9626801189740312,1.0198727783540025,0.013226184602636745,4.295006149267692,-25.196877659062523,29.491883808330215,31.179976528796942,1.2997748986477058,207.06610381952984,88.84290292419975,84.974485774211,24.403142731968913
1104,2426.2007183128453,320.94515644262094,1,1,2,33.0,2398.8751099314804,486.3991571402788,2426.2007183128453,0.9992974590280171,0.9719883665905327,1.0194697652230764,0.011401356409933673,12.104082100734189,-10.468783316604458,22.572865417338647,27.325608381364873,1.139100917268902,202.78440046575992,87.15114625465947,55.14381294107212,22.452259858500845
1105,2474.7034441646188,288.906296135382,13,7,20,32.0,2452.498535348155,496.8068210956854,2474.7034441646188,0.9997545704916471,0.9708834481601389,1.019554824970613,0.01179495103822399,11.71350260621898,-7.835007208308326,19.548509814527307,22.204908816463558,0.9053994730851639,230.8205136019781,77.42993971317382,53.59440142223097,20.458179212978422
1106,2478.3267143321923,321.9162783161975,1,1,2,33.0,2452.498535348155,496.8068210956854,2478.3267143321928,0.9989894294844848,0.970146471815051,1.0184484592464345,0.011905175949512367,11.70279285531032,-10.060310703093165,21.763103558403486,25.828178984037095,1.0531373867006426,220.06655034120163,85.96380254505011,74.38960945017381,22.27155189957959
1107,2477.792893601457,310.56151256115254,1,1,2,33.0,2452.498535348155,496.8068210956854,2477.7928936014573,0.9984567851783442,0.9659302884718574,1.0183269182918666,0.013125227332579228,12.898441517627504,-9.002884188841875,21.90132570646938,25.294358253301652,1.031370983049777,200.11606331979706,82.45057977634282,89.45876302249098,21.628108992445306
1108,2479.218858275554,309.56738786611373,1,1,2,32.0,2452.498535348155,496.8068210956854,2479.2188582755534,0.999346449559031,0.9716922278515562,1.0184282394016808,0.011573635120370861,14.135476859652925,-5.717546496313844,19.85302335596677,26.720322927398684,1.0895143276244805,237.52315090122246,86.16833598461473,91.58624205729534,22.742482772339923
1109,2477.110033438843,295.2584750070894,1,1,2,32.0,2452.498535348155,496.8068210956854,2477.110033438843,0.9992390204500873,0.9713405309283986,1.0191308228325782,0.011517422877038995,3.650298837319525,-15.048298210086443,18.69859704740597,24.611498090687746,1.0035275347144668,236.23927544923816,84.12286010455678,80.62848174462017,21.842422544990438
1110,2477.9755790619906,319.6312553495328,1,1,2,32.0,2452.498535348155,496.8068210956854,2477.97557906199,0.9990776682809258,0.9697961407011314,1.0185412220824908,0.01186133613707312,27.626722022445875,6.313224100317001,21.313497922128875,25.477043713835428,1.0388199359400931,228.86391394994257,86.14770877310043,67.23639291702453,22.5248389629551
1111,2477.3794536597775,312.6525207266309,1,1,2,32.0,2452.498535348155,496.8068210956854,2477.379453659778,0.9992366743735873,0.970224241875869,1.0189172291971775,0.011735423514503142,12.816726662599024,-7.8909813018258035,20.707707964424827,24.88091831162228,1.0145130752581755,228.39187520954815,85.00463068270679,65.62704590658254,22.046578052932794
1112,2474.7030928293048,288.9072917217971,13,7,20,32.0,2452.498535348155,496.8068210956854,2474.7030928293043,0.9997557338060084,0.9708818682901383,1.0195557946052696,0.011795973064334187,9.9214329831197,-9.629765224725304,19.551198207845005,22.20455748114955,0.9053851474776683,230.77656908572294,77.53143439053167,53.59440023128681,20.478496412250752
1113,2485.2300776461466,371.56413125707905,2,3,5,33.0,2452.498535348155,496.8068210956854,2485.230077646146,0.9966123845972961,0.9672177016937857,1.0153644920101117,0.01290130894784945,18.273981336143265,-5.103027414960849,23.377008751104114,32.73154229799138,1.334620258737273,257.8947697055202,89.39872942795284,98.87317698700421,24.18718984738277
1114,2477.4989509935026,318.6110924592681,1,1,2,33.0,2452.498535348155,496.8068210956854,2477.498950993503,0.9990481483518527,0.9701740001269918,1.0189782947525337,0.011705452321888648,16.142816595365446,-5.270548626161116,21.41336522152656,25.000415645347402,1.0193855484524625,221.75121845055878,82.19584117296377,70.66071172941217,21.464272914312666
1115,2479.672445129358,329.9722048277355,1,1,2,33.0,2452.498535348155,496.8068210956854,2479.6724451293576,0.998360497441024,0.9699340862469824,1.0179675705325306,0.01176162942116401,16.727463297898765,-4.62417675818611,21.351640056084875,27.173909781202838,1.108009215481356,263.4819331927902,83.39491741790316,80.13350876594951,21.818422983091295
1116,2479.3678854748214,324.0355919731424,1,1,2,33.0,2452.498535348155,496.8068210956854,2479.367885474822,0.9987562244288997,0.970783400528748,1.0174042345938952,0.012131559367928191,-77.15554708051161,-97.9965022860377,20.840955205526086,26.869350126666177,1.0955908735273443,249.21986996354994,85.07738385306045,84.72711389133597,22.39643661563533
1117,2474.7034441646188,288.906296135382,13,7,20,32.0,2452.498535348155,496.8068210956854,2474.7034441646188,0.9997545704916471,0.9708834481601389,1.019554824970613,0.01179495103822399,11.71350260621898,-7.835007208308326,19.548509814527307,22.204908816463558,0.9053994730851639,230.8205136019781,77.42993971317382,53.59440142223097,20.458179212978422
1118,2479.3970438996853,338.9624768746554,1,1,2,33.0,2452.498535348155,496.8068210956854,2479.3970438996853,0.9978449205848042,0.9686039728629232,1.01509472070938,0.012130167477970265,6.648402073992997,-15.927573182556813,22.57597525654981,26.898508551530085,1.0967798008373362,229.13668830509954,87.38300140539175,67.3720245359412,22.558371654388555
1119,2475.3528346918592,316.9929151541615,1,1,2,33.0,2452.498535348155,496.8068210956854,2475.3528346918592,0.9999390810202898,0.9727964254541382,1.0197853431020572,0.011188498857549951,-3.021335789918311,-21.960729866192935,18.939394076274624,22.854299343704042,0.9318782056055197,186.78087927961346,78.47935817072509,68.07531130405317,20.662899997021793
1120,2485.2300776461466,371.56413125707905,2,3,5,33.0,2452.498535348155,496.8068210956854,2485.230077646146,0.9966123845972961,0.9672177016937857,1.0153644920101117,0.01290130894784945,18.273981336143265,-5.103027414960849,23.377008751104114,32.73154229799138,1.334620258737273,257.8947697055202,89.39872942795284,98.87317698700421,24.18718984738277
1121,2477.110033438843,295.2584750070894,1,1,2,32.0,2452.498535348155,496.8068210956854,2477.110033438843,0.9992390204500873,0.9713405309283986,1.0191308228325782,0.011517422877038995,3.650298837319525,-15.048298210086443,18.69859704740597,24.611498090687746,1.0035275347144668,236.23927544923816,84.12286010455678,80.62848174462017,21.842422544990438
1122,2479.395695125317,333.9852546168855,1,1,2,33.0,2452.498535348155,496.8068210956854,2479.395695125317,0.996356617427085,0.9530754254210987,1.015814480611267,0.015416805875051762,8.120680485601014,-13.36987691164262,21.490557397243634,26.89715977716196,1.0967248049077287,235.02768402435504,86.52749876885868,77.34508205469884,22.58758773966391
1123,2484.9177831108123,344.9691667941448,1,1,2,33.0,2458.5037601581143,500.62268570244703,2484.9177831108127,0.9986775458902356,0.9743685828604968,1.0174879488980968,0.011168473908613058,27.98374644624866,4.449940639655637,23.533805806593023,26.414022952697906,1.074394246645331,242.36803630984295,87.02196170296729,71.57762199296985,22.467916190696968
1124,2485.9689009306826,348.2326531626738,1,1,2,33.0,2458.5037601581143,500.62268570244703,2485.968900930683,0.9976884460173517,0.9738024847630363,1.014198969134304,0.011648969886187719,34.92059578441797,12.064862349816053,22.855733434601916,27.465140772568247,1.117148617694279,269.0156581893706,89.07965791482764,68.24505250073942,22.92217394872808
1125,2483.1323281865875,310.70785438862526,1,1,2,33.0,2458.5037601581143,500.62268570244703,2483.132328186588,0.9991072145002123,0.9678495504415975,1.0192991582571975,0.012891181711908395,16.174815750938194,-3.4511994095463194,19.626015160484513,24.628568028473182,1.001770606480148,244.18232700216174,83.09726929063378,72.10114213582143,21.498745678495666
1126,2484.1695609342546,320.0793645261369,1,1,2,33.0,2458.5037601581143,500.62268570244703,2484.169560934255,0.997895929730298,0.9731915111193352,1.0142661744621402,0.011955443737676394,14.433889499910691,-8.713629995567004,23.147519495477695,25.66580077614026,1.0439602001865398,231.14573194780093,82.45738123616289,91.57620241070006,21.623392787078565
1127,2483.941906093141,301.452357165268,1,1,2,33.0,2458.5037601581143,500.62268570244703,2483.941906093141,0.9997918995358211,0.9636279671529164,1.026344023543476,0.01373719558863519,8.737747118874864,-10.936450752887993,19.674197871762857,25.43814593502657,1.0347003062297762,233.41482013093514,79.87889177015177,97.18715404005222,21.479899988259753
1128,2484.757605933147,304.2603017914095,1,1,2,32.0,2458.5037601581143,500.62268570244703,2484.7576059331464,0.9987532340493969,0.9761544423571276,1.017435989224836,0.011185792419303382,16.303658774034318,-2.2231097598010763,18.526768533835394,26.25384577503246,1.0678790165179162,258.3736812274754,85.97933073675831,89.12253733373807,22.505759180190836
1129,2484.188512670336,324.49696427745783,1,1,2,33.0,2458.5037601581143,500.62268570244703,2484.1885126703364,0.9987670599709254,0.9749213295587936,1.017407546078007,0.011203253002561479,21.882625967927794,1.053637956883307,20.828988011044487,25.68475251222162,1.0447310648233359,256.7676770549928,85.40190039007715,65.00158782488083,22.32411293432121
1130,2483.9851946121007,317.8249205095048,1,1,2,33.0,2458.5037601581143,500.62268570244703,2483.9851946121007,0.9987566005211929,0.9747559844137393,1.0174914787887785,0.011350394396558848,5.235695719746019,-15.671556238534947,20.907251958280966,25.481434453986367,1.036461073069401,246.23554074757448,82.21828179857494,72.23618779188335,21.44522318133758
1131,2482.256741338485,287.2830780861355,1,1,2,32.0,2458.5037601581143,500.62268570244703,2482.2567413384845,0.9998395447927645,0.9769709926264009,1.0184881528995327,0.011104208605614051,16.170288386494548,-2.052599823908622,18.22288821040317,23.752981180370625,0.9661559833792157,250.8116740423249,79.55766354658729,86.07234127082629,21.167303957018245
1132,2484.588869054812,314.86264219060456,1,1,2,33.0,2458.5037601581143,500.62268570244703,2484.588869054812,0.9990160242316052,0.9758174576060556,1.0172122966188466,0.01165645118984275,0.5790439259622531,-18.96432421167691,19.543368137639163,26.085108896697875,1.0610156193139302,252.45904513376675,82.9646915507979,83.1471107173181,21.806259744544672
1133,2482.9641781034543,301.32944981988373,1,1,2,32.0,2458.5037601581143,500.62268570244703,2482.9641781034543,0.9995986046380322,0.9751390410172487,1.018465313197805,0.01125875570118905,14.00360932508076,-7.1910240871797555,21.194633412260515,24.46041794533994,0.9949310772567951,234.4295558289309,81.90643867910296,79.26504443064182,21.58985827571735
1134,2482.256741338485,287.2830780861355,1,1,2,32.0,2458.5037601581143,500.62268570244703,2482.2567413384845,0.9998395447927645,0.9769709926264009,1.0184881528995327,0.011104208605614051,16.170288386494548,-2.052599823908622,18.22288821040317,23.752981180370625,0.9661559833792157,250.8116740423249,79.55766354658729,86.07234127082629,21.167303957018245
1135,2484.3639308941047,318.4769146560872,1,1,2,32.0,2458.5037601581143,500.62268570244703,2484.3639308941047,0.9989022202189265,0.9747447422977393,1.0174434458701545,0.011317424674358506,14.849792136748562,-5.797976357271864,20.647768494020426,25.860170735990323,1.0518662267299999,245.40005308438802,86.51386218658901,71.23839296677642,22.38380793771348
1136,2483.5723887455674,309.31191669517204,1,1,2,33.0,2458.5037601581143,500.62268570244703,2483.572388745568,0.9977652849443666,0.9716595378743274,1.0183749745288393,0.013785098315666239,20.09977675058002,1.2298983565184187,18.8698783940616,25.068628587453077,1.0196701340754033,293.66709124709416,82.0194699086552,73.04621260769586,21.345115388241968
1137,2484.2923100921084,341.3049335507129,1,1,2,33.0,2458.5037601581143,500.62268570244703,2484.292310092109,0.9966076681935485,0.9677150340196558,1.018295509782948,0.01583943561900284,9.00598917214279,-12.435867975676643,21.441857147819434,25.78854993399409,1.0489530401342784,221.17926267171325,84.66183214299734,68.93571790439235,22.04418106863482
1138,2483.081448026883,291.2582586932663,1,1,2,33.0,2458.5037601581143,500.62268570244703,2483.0814480268837,0.9998588271948486,0.9769941101533788,1.0181875447745763,0.011471216666765,8.18818301621809,-9.20187367975501,17.3900566959731,24.577687868768862,0.9997010485429638,259.7961576084172,79.14174946324329,98.62907252976925,21.475702526303138
1139,2474.5818038188404,292.6314838681988,1,1,2,32.0,2450.283747481952,496.8116092184514,2474.5818038188404,0.9997140982218139,0.9735873607336608,1.0172654588517251,0.011474168827074926,28.76819342258733,8.11591476685473,20.6522786557326,24.298056336888294,0.9916425541269793,235.37211333134044,79.40741710266485,92.38272151279018,21.453333394974774
1140,2476.407575343809,336.65212802162523,1,1,2,32.0,2450.283747481952,496.8116092184514,2476.407575343809,0.998362893504721,0.9708371834877239,1.016744452191705,0.011776697308466269,15.07881389916318,-8.202017288929227,23.280831188092407,26.12382786185708,1.0661552111547643,236.0442660360647,89.1357451118032,55.59503495561088,22.94480051777648
1141,2473.9077921842163,285.70292523954254,12,1,13,32.0,2450.283747481952,496.8116092184514,2473.9077921842163,0.9981998418193175,0.97444881547419,1.0176650700056413,0.010312212776107324,-5.181101531694509,-23.816951125682635,18.635849593988127,23.6240447022642,0.9641350609512708,252.9783070603933,82.43053877588629,84.2825506105099,21.46974692300633
1142,2473.180811718711,319.1218653967035,1,1,2,33.0,2450.283747481952,496.8116092184514,2473.180811718711,0.9997584228317388,0.9749855607769884,1.0182319206231427,0.010900969032255558,20.696704625633572,0.7905033683204863,19.906201257313086,22.89706423675898,0.934465825041254,194.5027049168863,79.48218768912353,66.74370730520438,20.726725232222893
1143,2474.902195063326,295.03007135768,1,1,2,32.0,2450.283747481952,496.8116092184514,2474.902195063326,0.9997014479571625,0.973498696048135,1.0177448124098347,0.011262141988659395,12.428245625122457,-9.32724371796047,21.755489343082928,24.618447581373857,1.004718233415748,215.76528779966947,81.56055584754752,87.83114610978542,21.41820705474945
1144,2475.7686004604784,319.89203246824854,1,1,2,32.0,2450.283747481952,496.8116092184514,2475.768600460479,0.9989829611448586,0.9720858959182183,1.0173733700156538,0.011477387011664083,13.518910929573053,-9.308491100838296,22.82740203041135,25.484852978526305,1.0400776238554394,222.85261613915458,87.20456515815233,69.65633801577482,22.630568920684254
1145,2475.7686004604784,319.89203246824854,1,1,2,32.0,2450.283747481952,496.8116092184514,2475.768600460479,0.9989829611448586,0.9720858959182183,1.0173733700156538,0.011477387011664083,13.518910929573053,-9.308491100838296,22.82740203041135,25.484852978526305,1.0400776238554394,222.85261613915458,87.20456515815233,69.65633801577482,22.630568920684254
1146,2476.851394460392,367.02815504591075,1,1,2,33.0,2450.283747481952,496.8116092184514,2476.8513944603915,0.9948599212739798,0.969515734261625,1.0131538336919754,0.013422541064232131,18.175764790945465,-5.549630191435028,23.725394982380493,26.567646978439825,1.0842681793789073,281.43449750470523,87.04392584235738,61.616944264885184,22.353624717207662
1147,2474.7661170089236,308.57209000841647,1,1,2,32.0,2450.283747481952,496.8116092184514,2474.766117008923,0.9992855898086184,0.9725486289486479,1.0178421397388082,0.011382240879776583,13.111995697781026,-9.324871124949937,22.436866822730963,24.482369526971524,0.9991646703011833,235.8466991420761,83.86858048825468,70.53536078103242,21.729786108522564
1148,2476.97287903719,341.61181748878636,1,1,2,33.0,2450.283747481952,496.8116092184514,2476.97287903719,0.9972938501577723,0.9701840145910302,1.0132069390208733,0.012304071670440566,18.22370283111306,-6.373467188889833,24.597170020002892,26.689131555237964,1.089226159324005,221.37724488782933,87.86375336565672,72.60763436399706,22.44961122937925
1149,2476.6804761180597,318.9826760598305,1,1,2,33.0,2450.283747481952,496.8116092184514,2476.6804761180597,0.9968720825608548,0.971437672280961,1.0130292612862857,0.012817428149091988,18.85900840112882,-3.7618181877803636,22.620826588909182,26.396728636107582,1.0772927283721458,243.58837749328282,79.80946909593281,80.52428057437467,20.67065534396107
1150,2473.180811718711,319.1218653967035,1,1,2,33.0,2450.283747481952,496.8116092184514,2473.180811718711,0.9997584228317388,0.9749855607769884,1.0182319206231427,0.010900969032255558,20.696704625633572,0.7905033683204863,19.906201257313086,22.89706423675898,0.934465825041254,194.5027049168863,79.48218768912353,66.74370730520438,20.726725232222893
1151,2477.49808867943,306.58691968258086,1,1,2,32.0,2450.283747481952,496.8116092184514,2477.49808867943,0.9992998822571654,0.9720738088663805,1.0173009656204486,0.011317000777413669,24.054590073560178,-0.8251813359672724,24.87977140952745,27.214341197478007,1.110660805118794,209.72189748449756,84.64898043280097,97.26928627812505,22.200154673818098
1152,2474.902195063326,295.03007135768,1,1,2,32.0,2450.283747481952,496.8116092184514,2474.902195063326,0.9997014479571625,0.973498696048135,1.0177448124098347,0.011262141988659395,12.428245625122457,-9.32724371796047,21.755489343082928,24.618447581373857,1.004718233415748,215.76528779966947,81.56055584754752,87.83114610978542,21.41820705474945
1153,2477.3797581556582,335.8828385496879,1,1,2,33.0,2450.283747481952,496.8116092184514,2477.3797581556582,0.9984424397993686,0.9713901382192525,1.0166292162295318,0.011488580134982168,17.162325382983198,-6.646334143770019,23.808659526753218,27.096010673706132,1.1058315471239402,224.56482437243622,87.31892122929581,77.29162217175055,22.555905629415214
1154,2475.3876668371336,320.27153003875276,1,1,2,32.0,2450.283747481952,496.8116092184514,2475.387666837134,0.998922057326974,0.9720084292876559,1.017535268571257,0.011473263207140321,19.130215743941676,-3.574049909057635,22.70426565299931,25.10391935518146,1.0245311132222807,231.4145232712598,86.86431951983143,61.790698035408276,22.3710594485718
1155,2478.6618960543256,313.59319929129026,1,1,2,33.0,2450.283747481952,496.8116092184514,2478.6618960543256,0.998733933503901,0.9705876297659114,1.0172194884630732,0.011469993219310777,21.149071849841505,-4.459013457132016,25.60808530697352,28.378148572373448,1.158157646090434,240.8221892854529,86.50664113307285,98.7514123787463,22.614704193928564
1156,2476.606268111573,338.96768621368267,1,1,2,33.0,2450.283747481952,496.8116092184514,2476.6062681115727,0.9974495451981706,0.9675201884944218,1.0159079888139573,0.013027319982499673,8.001692599745212,-16.070474874815346,24.07216747456056,26.322520629621067,1.0742641809003366,235.1912240322919,87.15922189134216,66.91236103036647,22.321566230174508
1157,2476.3260100869943,318.9944043713657,1,1,2,33.0,2450.283747481952,496.8116092184514,2476.3260100869943,0.9974204479680847,0.9668492995209145,1.0190562212934169,0.014716271659670273,21.43615550922948,-2.6555331548703123,24.09168866409979,26.042262605042197,1.0628264025260208,257.0048793876319,81.72689712024547,80.58564004062875,21.43839347247902
1158,2477.1523877542413,342.23220852103594,1,1,2,33.0,2450.283747481952,496.8116092184514,2477.1523877542413,0.9987866371548474,0.9716558526340511,1.017361511887658,0.011455504072714501,15.894698271144733,-11.74062093407204,27.635319205216774,26.868640272289213,1.0965521972669867,214.46751705665577,84.04948608262079,70.10000913887856,21.760752227635873
1159,2450.122331183608,335.9217452376558,1,1,2,32.0,2423.2052372837843,490.76318306065264,2450.122331183608,0.9984819837335803,0.9724787997034132,1.0173631742241023,0.011890248639162257,9.574391091514173,-14.200072966177544,23.774464057691716,26.917093899823612,1.1108053699155702,217.89347634019057,89.94775245005653,55.56468060770331,23.12383492360268
1160,2445.02528753242,282.48934903221635,2,1,3,32.0,2423.2052372837843,490.76318306065264,2445.02528753242,1.0001776306183208,0.975823807007373,1.019284733756167,0.011332008894786786,112.9830773129541,93.75148168570826,19.231595627245838,21.820050248635653,0.9004623262160886,211.4509904853345,77.9803138825896,73.07442020321122,20.495313475547526
1161,2446.107247433819,284.6906768311415,12,1,13,32.0,2423.2052372837843,490.76318306065264,2446.107247433819,0.9982916801017877,0.9757838303604252,1.018609076464485,0.01042387946322667,9.264122190275202,-8.335997825148581,17.600120015423784,22.902010150034585,0.9451122751660058,220.27819655149807,81.60160432154358,78.66549572973048,21.305321328934916
1162,2448.8343020847287,320.68943987279516,1,1,2,32.0,2423.2052372837843,490.76318306065264,2448.8343020847287,0.9989608511488218,0.9733779193152333,1.0179473184377215,0.011726419517838992,1.0376771429267535,-21.514645537523904,22.552322680450658,25.629064800944434,1.0576514282245661,210.24613432428922,86.60687554800631,65.73438672811834,22.259629374081566
1163,2445.405710033543,289.00739609874483,1,1,2,32.0,2423.2052372837843,490.76318306065264,2445.405710033543,0.9999400259746154,0.9757370924503468,1.0188199022362554,0.01139906043200323,6.457800079418604,-12.597327652357194,19.055127731775798,22.200472749758774,0.9161614711036072,213.6791888531719,81.01551536862581,60.76181295199894,21.144451921099808
1164,2443.8252987876094,267.26482337592404,14,7,21,32.0,2423.2052372837843,490.76318306065264,2443.825298787609,0.9995725404062279,0.9753671562019671,1.0189176822205126,0.011141206623615616,-112.78982016048553,-131.93692177472622,19.147101614240682,20.620061503825127,0.8509416035654717,197.65733703654408,75.88523877177579,79.52817843194573,20.044984073738867
1165,2449.845854663968,329.8602075764965,1,1,2,32.0,2423.2052372837843,490.76318306065264,2449.845854663968,0.9987218860676984,0.9729356515847604,1.0177908577217865,0.011623344863627923,14.454827914274887,-10.079202531655596,24.534030445930483,26.640617380183812,1.0993958320280692,217.85072930455712,88.37266430942331,56.162085941349304,22.57599154077168
1166,2443.8252987876094,267.26482337592404,14,7,21,32.0,2423.2052372837843,490.76318306065264,2443.825298787609,0.9995725404062279,0.9753671562019671,1.0189176822205126,0.011141206623615616,-112.78982016048553,-131.93692177472622,19.147101614240682,20.620061503825127,0.8509416035654717,197.65733703654408,75.88523877177579,79.52817843194573,20.044984073738867
1167,2444.2376681544188,274.09363711519336,14,7,21,32.0,2423.2052372837843,490.76318306065264,2444.237668154419,1.0004798025010662,0.9759510803088655,1.0196067231710713,0.0113545852679569,11.308650211267917,-7.247141281544742,18.55579149281266,21.03243087063447,0.8679591207144349,207.34297946903317,75.29104374706431,76.10851708968566,19.865115660185253
1168,2447.5690109438656,320.9135590847266,1,1,2,33.0,2423.2052372837843,490.76318306065264,2447.5690109438656,0.9981050026980683,0.9743181925448002,1.0137714119115075,0.012938348500003357,22.163947801735475,0.2632134418888086,21.900734359846666,24.36377366008128,1.005435828761706,229.92574101135608,83.55009008053159,48.26059855735005,21.522900796844667
1169,2453.3136609464063,373.7367784050924,1,1,2,33.0,2423.2052372837843,490.76318306065264,2453.3136609464063,0.9961854492633689,0.970330245012439,1.012921307553951,0.01307908667417635,3.654017345979554,-21.10066967794259,24.754687023922145,30.108423662622045,1.2425040685522426,271.8207660210801,92.91402226518703,71.89680764326212,23.646601650794423
1170,2453.3136609464063,373.7367784050924,1,1,2,33.0,2423.2052372837843,490.76318306065264,2453.3136609464063,0.9961854492633689,0.970330245012439,1.012921307553951,0.01307908667417635,3.654017345979554,-21.10066967794259,24.754687023922145,30.108423662622045,1.2425040685522426,271.8207660210801,92.91402226518703,71.89680764326212,23.646601650794423
1171,2453.3136609464063,373.7367784050924,1,1,2,33.0,2423.2052372837843,490.76318306065264,2453.3136609464063,0.9961854492633689,0.970330245012439,1.012921307553951,0.01307908667417635,3.654017345979554,-21.10066967794259,24.754687023922145,30.108423662622045,1.2425040685522426,271.8207660210801,92.91402226518703,71.89680764326212,23.646601650794423
1172,2443.8329730799924,269.1573650132856,11,7,18,32.0,2423.2052372837843,490.76318306065264,2443.832973079992,1.0008645530209197,0.9763967830416599,1.019926581049405,0.011345536562316095,-86.16197976835656,-104.41039519012422,18.24841542176766,20.62773579620807,0.8512583036231006,206.5013627017843,74.8879743905371,75.36165551624143,19.88566754996069
1173,2450.472917816994,346.4053543719584,1,1,2,33.0,2423.2052372837843,490.76318306065264,2450.4729178169946,0.9956441510164459,0.9739795433767013,1.0127317081239233,0.012719726419550676,54.52956373947683,33.23151834101941,21.29804539845742,27.26768053320984,1.1252732584787035,282.69137779083684,86.3201992260757,70.37053469203028,22.11403731166898
1174,2448.8445158023865,322.3795302277951,1,1,2,33.0,2423.2052372837843,490.76318306065264,2448.8445158023865,0.9990813453140044,0.9740518127251055,1.0181530133142838,0.011363275538575336,13.28890576288893,-10.133631937637631,23.42253770052656,25.63927851860217,1.058072924410716,206.28043155112206,81.69323184304582,99.26580050415821,21.83158756044605
1175,2444.7457974242243,274.6113692724689,12,1,13,32.0,2423.2052372837843,490.76318306065264,2444.7457974242243,0.9991876705245462,0.9760498061326394,1.0188974806245443,0.01065001451900147,5.873071912622521,-11.759963096664649,17.63303500928717,21.540560140439993,0.888928424592925,219.29620007006437,78.00438051895179,78.54080632491495,20.598637649287244
1176,2449.9340893403264,334.71309716439976,1,1,2,32.0,2423.2052372837843,490.76318306065264,2449.9340893403264,0.9985169297018999,0.9725182392097571,1.0171595446236177,0.011975350755348196,17.786985409346357,-5.375495454471292,23.16248086381765,26.72885205654211,1.1030370702938466,219.9230895265879,90.04859729070195,54.00810071594013,23.077411095581386
1177,2450.8985916395864,342.2786687009421,1,1,2,33.0,2423.2052372837843,490.76318306065264,2450.898591639587,0.9985750267548568,0.967019727858904,1.025594421312185,0.013978668623963103,10.492647195832234,-13.623112442036899,24.115759637869132,27.693354355802057,1.1428398193313603,218.2374896122024,89.56337451118904,58.22786954075433,22.853543975761866
1178,2407.2176997869406,287.4788671196203,1,1,2,33.0,2381.975859050833,482.7750714811208,2407.2176997869406,1.0011341634030444,0.9757744162677072,1.0226393164792695,0.011434290632391993,-55.628941173224064,-77.7254380640988,22.096496890874732,25.241840736107406,1.0597017866573066,231.902573931799,82.2593076618648,89.80516772164684,21.71598118738873
1179,2407.733393654833,303.88959223923973,1,1,2,33.0,2381.975859050833,482.7750714811208,2407.7333936548325,1.0007378847281538,0.9774934518033551,1.02304329568761,0.010801610102777196,6.380633911312174,-14.786816160684168,21.167450071996342,25.75753460399983,1.081351622692921,223.3988128808123,84.87532755814894,88.22600564108647,22.14282967467243
1180,2403.172339683373,254.3894054568177,11,7,18,32.0,2381.975859050833,482.7750714811208,2403.1723396833727,1.0025454643656249,0.9775752868402923,1.0248987746722642,0.011084946664855475,0.6949122616163663,-18.069128927004357,18.764041188620723,21.196480632539988,0.88986966647875,239.1363491538577,75.31508146927949,71.7309100592343,20.011126540798763
1181,2406.683139001107,267.07512516388124,1,1,2,32.0,2381.975859050833,482.7750714811208,2406.6831390011066,1.0017627805533271,0.9776848212906595,1.0242990662077418,0.010849151988792034,10.14290434800077,-11.500599759928434,21.643504107929203,24.707279950273914,1.037259880548044,227.2959683044943,79.43385551723979,99.53764524142102,21.299562181285893
1182,2404.73155539273,264.6316810057476,0,0,0,32.0,2381.975859050833,482.7750714811208,2404.73155539273,0.9981405875075396,0.9757940002280945,1.018800207346583,0.01186808066285875,14.606103918892359,-4.574083247105023,19.18018716599738,22.755696341896964,0.9553285880472621,229.88890551928765,80.17796467521649,81.78684879607995,20.988744296797154
1183,2407.733393654833,303.88959223923973,1,1,2,33.0,2381.975859050833,482.7750714811208,2407.7333936548325,1.0007378847281538,0.9774934518033551,1.02304329568761,0.010801610102777196,6.380633911312174,-14.786816160684168,21.167450071996342,25.75753460399983,1.081351622692921,223.3988128808123,84.87532755814894,88.22600564108647,22.14282967467243
1184,2403.172339683373,254.3894054568177,11,7,18,32.0,2381.975859050833,482.7750714811208,2403.1723396833727,1.0025454643656249,0.9775752868402923,1.0248987746722642,0.011084946664855475,0.6949122616163663,-18.069128927004357,18.764041188620723,21.196480632539988,0.88986966647875,239.1363491538577,75.31508146927949,71.7309100592343,20.011126540798763
1185,2404.73155539273,264.6316810057476,0,0,0,32.0,2381.975859050833,482.7750714811208,2404.73155539273,0.9981405875075396,0.9757940002280945,1.018800207346583,0.01186808066285875,14.606103918892359,-4.574083247105023,19.18018716599738,22.755696341896964,0.9553285880472621,229.88890551928765,80.17796467521649,81.78684879607995,20.988744296797154
1186,2406.683139001107,267.07512516388124,1,1,2,32.0,2381.975859050833,482.7750714811208,2406.6831390011066,1.0017627805533271,0.9776848212906595,1.0242990662077418,0.010849151988792034,10.14290434800077,-11.500599759928434,21.643504107929203,24.707279950273914,1.037259880548044,227.2959683044943,79.43385551723979,99.53764524142102,21.299562181285893
1187,2407.096080326166,297.65429741641776,1,1,2,33.0,2381.975859050833,482.7750714811208,2407.096080326166,1.00080924230192,0.976237718977404,1.0231792709641598,0.011079765007221508,4.324343584271929,-16.889076628887864,21.213420213159793,25.120221275332824,1.0545959640977511,234.6747347418927,82.34127175971962,75.19833255118776,21.416072230765952
1188,2408.265447748976,317.92416067428366,1,1,2,32.0,2381.975859050833,482.7750714811208,2408.2654477489755,1.000318577853592,0.9740787932208488,1.0218631171518011,0.011390931158521498,129.69584937482705,106.49353060802275,23.202318766804297,26.28958869814278,1.1036882929879324,232.2611932186228,89.16059554983698,57.31750939007513,22.83533788732022
1189,2403.3286453900237,264.5904128331901,13,7,20,32.0,2381.975859050833,482.7750714811208,2403.3286453900237,1.0016707452075917,0.9768527653319656,1.0237763379578846,0.011087463463210611,10.53313759914505,-8.809518011030491,19.34265561017554,21.352786339190516,0.8964316854033587,242.73333809974056,77.03764634348677,54.66628641396626,20.329910788319687
1190,2408.5948159038194,322.630994791764,1,1,2,32.0,2381.975859050833,482.7750714811208,2408.594815903819,0.9997588631567865,0.973495696036147,1.021205473791103,0.011427557134048154,13.161407202217902,-11.8250923292467,24.986499531464602,26.61895685298623,1.1175158115831334,229.94006907140786,88.82989783767286,55.635441098725,22.71386527457681
1191,2406.6387662497136,287.05710199069296,1,1,2,32.0,2381.975859050833,482.7750714811208,2406.6387662497136,1.001206756194685,0.9757776771013947,1.0235913228657594,0.011075543933207147,-47.68090291236172,-70.1027800541162,22.42187714175448,24.662907198880475,1.0353970257577725,232.42581728641545,84.23471715207593,74.11528124888095,21.818981125282992
1192,2403.3286453900237,264.5904128331901,13,7,20,32.0,2381.975859050833,482.7750714811208,2403.3286453900237,1.0016707452075917,0.9768527653319656,1.0237763379578846,0.011087463463210611,10.53313759914505,-8.809518011030491,19.34265561017554,21.352786339190516,0.8964316854033587,242.73333809974056,77.03764634348677,54.66628641396626,20.329910788319687
1193,2407.065618872375,295.42049772085807,1,1,2,32.0,2381.975859050833,482.7750714811208,2407.065618872375,1.0009963740724024,0.9758963421134451,1.0229135439095354,0.011169094908064744,57.688721214930354,36.88806983808317,20.800651376847185,25.089759821541975,1.053317132758,236.18685209742742,86.7176789948483,66.71168809205946,22.356840520585212
1194,2407.096080326166,297.65429741641776,1,1,2,33.0,2381.975859050833,482.7750714811208,2407.096080326166,1.00080924230192,0.976237718977404,1.0231792709641598,0.011079765007221508,4.324343584271929,-16.889076628887864,21.213420213159793,25.120221275332824,1.0545959640977511,234.6747347418927,82.34127175971962,75.19833255118776,21.416072230765952
1195,2406.45320666784,269.7441860033516,1,1,2,32.0,2381.975859050833,482.7750714811208,2406.4532066678394,1.00172127221789,0.976870124234208,1.0240817817111163,0.011031904730613188,13.739957701252365,-7.567701227676224,21.30765892892859,24.47734761700667,1.0276068720008094,203.10900189674874,81.4327426256151,96.59822037575029,21.576422862359017
1196,2405.8388065705904,263.5373445724054,1,1,2,32.0,2381.975859050833,482.7750714811208,2405.83880657059,1.0018091378550507,0.9778595186458504,1.0239863920754948,0.011005355464188715,-42.139763319384656,-60.699885723684446,18.56012240429979,23.8629475197572,1.001813155623923,228.63413974672025,80.13661528964599,93.40946808196246,21.29447132167372
1197,2346.9953470386936,291.6438431777006,1,1,2,33.0,2319.6150397768606,469.0633930699165,2346.9953470386936,1.0000239187942146,0.9725402565305625,1.0208060197901316,0.011612672730344692,-134.26678354277237,-156.57021922381455,22.303435681042174,27.380307261832968,1.1803815198778356,201.86668837741658,85.27660784103539,73.51825073154129,21.819364051635574
1198,2346.33175728399,289.1874234544711,1,1,2,33.0,2319.6150397768606,469.0633930699165,2346.33175728399,1.0002798690771726,0.9716312547557445,1.020885276614374,0.0121344830694447,20.830609467140476,-1.6312883852574203,22.461897852397897,26.716717507129488,1.151773766292684,214.59503082833632,84.27742499695681,65.27641581568406,21.592132456927118
1199,2349.3369924065687,314.5847415874819,1,1,2,33.0,2319.6150397768606,469.0633930699165,2349.3369924065687,0.9997457976152869,0.9680510326246774,1.0292609372862676,0.01433076727722579,-30.25249662086719,-55.81580501373476,25.56330839286757,29.721952629708085,1.281331260577067,239.3664013686817,90.10204252145141,71.37346375957515,22.813606043223775
1200,2348.5013844100777,289.19666553041145,1,1,2,33.0,2319.6150397768606,469.0633930699165,2348.501384410078,1.000414876550842,0.970254537312104,1.0207611273884236,0.012427952269893768,8.492310301994507,-14.063116954189098,22.555427256183606,28.88634463321705,1.2453076970907992,212.88492138342622,84.56632302470443,92.0786050059475,22.534265031220745
1201,2346.1916594445624,270.6935626465484,1,1,2,32.0,2319.6150397768606,469.0633930699165,2346.191659444562,1.0007791000177924,0.9723530204017149,1.0214426054204335,0.01174540830314138,11.018964409781688,-10.46740823516734,21.48637264494903,26.576619667701834,1.1457340641427476,191.93325563173764,84.23404217127974,85.87417192237669,21.82887309750387
1202,2347.3955625794792,268.4178776174308,1,1,2,33.0,2319.6150397768606,469.0633930699165,2347.395562579479,1.0007998726038287,0.9744123224600759,1.0201705627826436,0.011286667876800724,-0.9075853730969925,-22.19753886975164,21.289953496654647,27.780522802618634,1.1976350526374855,203.55701392882298,83.88069478085121,98.69083724830715,22.204176929039516
1203,2348.8434860093726,306.90280139363244,1,1,2,33.0,2319.6150397768606,469.0633930699165,2348.843486009373,0.9992884590450646,0.9700605122362924,1.0202723302810932,0.012148325104668383,13.211279676200292,-10.113817528380622,23.325097204580914,29.228446232511942,1.2600559028675562,235.7488252676766,86.60407215275188,73.87362134775192,22.525061283405023
1204,2353.1328829095964,343.027441473593,1,1,2,33.0,2319.6150397768606,469.0633930699165,2353.132882909596,0.9960229823244156,0.9679478076874221,1.0125781257195887,0.013799323967733187,36.806468184324785,11.757355083922107,25.04911310040268,33.517843132735834,1.4449743840236586,333.8916177336964,84.31709036487264,90.11421849874483,22.117833345685803
1205,2345.232305027037,282.21696607271383,1,1,2,32.0,2319.6150397768606,469.0633930699165,2345.232305027037,1.0004648692057807,0.9719682167442274,1.0213097395742934,0.011723022629604616,11.999891325722558,-9.921993721305427,21.921885047027985,25.617265250176388,1.1043757179915803,211.43427885623078,85.93000637393536,53.13283290205975,22.01043041737332
1206,2346.33175728399,289.1874234544711,1,1,2,33.0,2319.6150397768606,469.0633930699165,2346.33175728399,1.0002798690771726,0.9716312547557445,1.020885276614374,0.0121344830694447,20.830609467140476,-1.6312883852574203,22.461897852397897,26.716717507129488,1.151773766292684,214.59503082833632,84.27742499695681,65.27641581568406,21.592132456927118
1207,2346.9953470386936,291.6438431777006,1,1,2,33.0,2319.6150397768606,469.0633930699165,2346.9953470386936,1.0000239187942146,0.9725402565305625,1.0208060197901316,0.011612672730344692,-134.26678354277237,-156.57021922381455,22.303435681042174,27.380307261832968,1.1803815198778356,201.86668837741658,85.27660784103539,73.51825073154129,21.819364051635574
1208,2346.5288192881235,272.9425899243615,1,1,2,33.0,2319.6150397768606,469.0633930699165,2346.528819288123,0.9999119184242825,0.9691813896762083,1.0213401203992376,0.01281732107571762,12.583954772073838,-11.83492911459146,24.4188838866653,26.913779511262874,1.1602692278565279,201.98645128801874,81.92317283173486,91.62079464308454,21.263673982146734
1209,2346.823570856252,282.9552358244474,1,1,2,32.0,2319.6150397768606,469.0633930699165,2346.8235708562515,1.0002855049545443,0.9705635432444244,1.021052542709131,0.012070181402989892,15.888846631756763,-7.248015740068553,23.136862371825316,27.208531079391378,1.172976145300763,207.79925515449546,83.44216582964681,79.72215144859851,21.64179450522578
1210,2346.2568127418767,299.03426594770866,1,1,2,33.0,2319.6150397768606,469.0633930699165,2346.2568127418763,0.9998481842934845,0.9654550185909111,1.0218109434948466,0.013292591939510072,-17.289683826815065,-40.846132736929036,23.55644891011397,26.641772965016116,1.1485428619905382,209.3745772734148,87.1351764150729,52.48256900367395,22.135126392466884
1211,2346.33175728399,289.1874234544711,1,1,2,33.0,2319.6150397768606,469.0633930699165,2346.33175728399,1.0002798690771726,0.9716312547557445,1.020885276614374,0.0121344830694447,20.830609467140476,-1.6312883852574203,22.461897852397897,26.716717507129488,1.151773766292684,214.59503082833632,84.27742499695681,65.27641581568406,21.592132456927118
1212,2350.5199390712755,292.0064421669021,1,1,2,33.0,2319.6150397768606,469.0633930699165,2350.5199390712755,0.9984413881743013,0.9705801342353563,1.0224514647762457,0.014427663643744112,10.008681999527226,-9.374185996941577,19.382867996468804,30.904899294414918,1.3323288030322422,285.3094771535988,89.33789526247838,99.68841803779705,23.58023233131144
1213,2346.2568127418767,299.03426594770866,1,1,2,33.0,2319.6150397768606,469.0633930699165,2346.2568127418763,0.9998481842934845,0.9654550185909111,1.0218109434948466,0.013292591939510072,-17.289683826815065,-40.846132736929036,23.55644891011397,26.641772965016116,1.1485428619905382,209.3745772734148,87.1351764150729,52.48256900367395,22.135126392466884
1214,2344.1962834650085,282.28864558519416,1,1,2,33.0,2319.6150397768606,469.0633930699165,2344.196283465009,0.9989942943460447,0.9673201129403416,1.0217721106118172,0.015220772437790749,14.90144842199146,-6.784817651729611,21.68626607372107,24.58124368814788,1.0597122051128154,190.3937346382022,81.6231998768342,57.98001028882672,20.998772930676722
1215,2350.5199390712755,292.0064421669021,1,1,2,33.0,2319.6150397768606,469.0633930699165,2350.5199390712755,0.9984413881743013,0.9705801342353563,1.0224514647762457,0.014427663643744112,10.008681999527226,-9.374185996941577,19.382867996468804,30.904899294414918,1.3323288030322422,285.3094771535988,89.33789526247838,99.68841803779705,23.58023233131144
1216,2344.331185583255,261.79645734158504,1,1,2,32.0,2319.6150397768606,469.0633930699165,2344.331185583255,0.9993126833131747,0.9733789512934137,1.0214866352448009,0.01076927740087011,28.87674874004736,10.165157912337207,18.711590827710154,24.716145806394252,1.0655279165965343,231.54519821126848,83.29543138492657,71.00511261540055,21.401574493384146
1217,2310.8727569705925,334.0693418476875,1,1,2,33.0,2282.1778523294515,463.46224245497,2310.8727569705925,1.0008250754652408,0.9735127490431323,1.0231135556439532,0.011128244531330673,32.149276800699425,1.0758482054380636,31.073428595261362,28.694904641140965,1.2573474329291061,221.48843531224975,85.72647798296201,59.59530186372351,22.005948413370433
1218,2307.3194615448565,304.4065384774224,1,1,2,33.0,2282.1778523294515,463.46224245497,2307.3194615448565,0.9996698879572222,0.968312692916399,1.0247348965545164,0.015034726444167309,22.68869705666941,-2.8939352175498527,25.582632274219264,25.14160921540497,1.1016498643934596,209.7656674354622,84.39378333997084,60.40408508678308,21.546222792573968
1219,2303.584670598052,239.99375461124743,1,3,4,32.0,2282.1778523294515,463.46224245497,2303.584670598052,1.002867661803129,0.9775214350660882,1.024412349610521,0.01064623552582397,-129.1424395470696,-146.4474463718953,17.305006824825682,21.406818268600546,0.9379995624245631,208.76769222109877,77.31648292457952,87.68153414713947,20.59018370646626
1220,2313.4920483732067,333.6372274125592,1,1,2,33.0,2282.1778523294515,463.46224245497,2313.4920483732067,0.9986729062540153,0.9696864446022552,1.0140954790148928,0.011593569176724678,21.40375362384873,-10.651158172433156,32.054911796281885,31.314196043755146,1.3721190051771075,252.67364217724858,92.4592822791742,95.9167915471469,24.71755028905881
1221,2309.959697486376,309.36063087212517,1,1,2,33.0,2282.1778523294515,463.46224245497,2309.959697486376,1.0009891792761307,0.97283578244487,1.0227869800505411,0.011164198129568629,15.20595248404544,-9.970039776180897,25.175992260226337,27.781845156924646,1.2173391801417808,231.1285456005769,88.76833939797015,68.13615199797349,22.57754943662127
1222,2309.244303697749,311.45433793367243,1,1,2,32.0,2282.1778523294515,463.46224245497,2309.244303697749,1.0008509889361141,0.9730380980066807,1.022692655155053,0.011331393460669699,18.442864216683347,-6.402410110446482,24.84527432712983,27.066451368297294,1.1859922021708422,219.8213887050822,90.35789458578952,61.765507165050145,23.096650010402488
1223,2307.41222313077,296.95040384427296,1,1,2,33.0,2282.1778523294515,463.46224245497,2307.4122231307706,1.0015924543852954,0.9740958960491077,1.023556699161919,0.011194280220783009,4.736403835115425,-17.81270981017616,22.549113645291584,25.23437080131862,1.1057144724965908,207.06005303441302,87.94650522952342,60.13200201046529,22.454137671006027
1224,2310.8727569705925,334.0693418476875,1,1,2,33.0,2282.1778523294515,463.46224245497,2310.8727569705925,1.0008250754652408,0.9735127490431323,1.0231135556439532,0.011128244531330673,32.149276800699425,1.0758482054380636,31.073428595261362,28.694904641140965,1.2573474329291061,221.48843531224975,85.72647798296201,59.59530186372351,22.005948413370433
1225,2306.278201333891,261.603973986323,2,1,3,32.0,2282.1778523294515,463.46224245497,2306.278201333891,1.0021951201791979,0.9763687723461623,1.0234054423713326,0.010724555761680446,-1.5924389571344477,-23.062778448312713,21.470339491178265,24.100349004439522,1.0560241385148819,206.852504205099,80.33780583794652,93.70838792865527,21.484653290193467
1226,2307.965056128229,271.30997299559886,1,1,2,33.0,2282.1778523294515,463.46224245497,2307.965056128229,1.001812589130739,0.9629211749102274,1.0250468880504497,0.012638560469482155,19.56102196819009,-6.442633612100707,26.003655580290797,25.787203798777682,1.129938395136747,194.83425619263755,84.69737424833322,82.22033791018275,22.307923007576534
1227,2309.244303697749,311.45433793367243,1,1,2,32.0,2282.1778523294515,463.46224245497,2309.244303697749,1.0008509889361141,0.9730380980066807,1.022692655155053,0.011331393460669699,18.442864216683347,-6.402410110446482,24.84527432712983,27.066451368297294,1.1859922021708422,219.8213887050822,90.35789458578952,61.765507165050145,23.096650010402488
1228,2308.4454492131767,327.53389858848993,1,1,2,33.0,2282.1778523294515,463.46224245497,2308.445449213177,1.0003373357841834,0.972576360992107,1.0223556798219848,0.01120255010862464,49.84193211547819,25.12965074571764,24.712281369760547,26.26759688372522,1.1509881605815035,241.80416002455877,88.68780522983309,58.89742304608494,22.56554323716646
1229,2303.0699896166,270.16808377045226,1,1,2,33.0,2282.1778523294515,463.46224245497,2303.0699896166007,1.0028328129019635,0.9798413029816891,1.02564016891207,0.010140950736536978,20.806170152952745,3.5440656136775317,17.262104539275214,20.89213728714867,0.9154473769791328,197.34055013702198,77.8557710089243,60.961117602682855,20.378333810873972
1230,2302.367713776172,237.80177388288863,12,1,13,32.0,2282.1778523294515,463.46224245497,2302.3677137761715,1.0018941044580523,0.9768693338861887,1.0245640995632683,0.010296342805002044,11.013256125157909,-6.284587800424731,17.29784392558264,20.189861446720442,0.8846751985658069,222.39646095327777,76.35501842251092,74.45483424461413,20.18489739254139
1231,2310.1748873285046,320.49004079489464,1,1,2,32.0,2282.1778523294515,463.46224245497,2310.1748873285046,1.0001197036670189,0.9727825722082093,1.0218364167030851,0.011505207205955879,27.44601652143257,2.106024337543545,25.339992183889024,27.997034999053085,1.2267683244089023,222.05834329669716,90.99970009728625,58.952501897147,23.069891739217233
1232,2307.630807365328,296.5346423257722,1,1,2,32.0,2282.1778523294515,463.46224245497,2307.630807365328,1.001339969716917,0.9745050572983024,1.023128006449264,0.01120452999772409,54.8912706615649,32.58554787478815,22.305722786776755,25.452955035876585,1.1152923515534248,209.2555928601186,88.0369670649667,60.19026825323706,22.483928019888985
1233,2309.494941432581,288.0741877821343,1,1,2,33.0,2282.1778523294515,463.46224245497,2309.494941432581,1.0011814830673347,0.9736246573073934,1.0222923763867022,0.011199000772895068,-18.806529495473825,-42.685467090225586,23.87893759475176,27.317089103129547,1.1969745949136525,213.11256465027486,83.32759605274117,95.62260926244288,22.012202234679048
1234,2309.244303697749,311.45433793367243,1,1,2,32.0,2282.1778523294515,463.46224245497,2309.244303697749,1.0008509889361141,0.9730380980066807,1.022692655155053,0.011331393460669699,18.442864216683347,-6.402410110446482,24.84527432712983,27.066451368297294,1.1859922021708422,219.8213887050822,90.35789458578952,61.765507165050145,23.096650010402488
1235,2270.581042840166,301.13012296406197,1,1,2,33.0,2245.041752142083,458.51493386722103,2270.5810428401655,1.0007578011369727,0.9708417307003553,1.023834576325299,0.011784835653535856,-9.548781295968496,-33.82556978800906,24.276788492040566,25.539290698082823,1.1375864468317693,212.88912324454787,85.04998669199887,57.38905387913397,21.791355864601673
1236,2270.1428090466193,293.7125079624592,1,1,2,32.0,2245.041752142083,458.51493386722103,2270.1428090466197,1.0012174775838025,0.9714609993375927,1.0240318690708188,0.011647935116095394,17.82266988092894,-5.927808016539728,23.75047789746867,25.101056904536108,1.118066373624731,216.25307346001733,88.16503325360058,58.37988082897368,22.521875250802204
1237,2269.7489322199276,286.7732886153178,1,1,2,33.0,2245.041752142083,458.51493386722103,2269.7489322199276,0.9999300694916532,0.9669558732830097,1.0258519584725867,0.014293993627974606,16.18516190034589,-7.5977814334303275,23.782943333776217,24.70718007784444,1.1005220751137632,225.7752058694384,85.61624433734039,65.29664459516813,21.81167530885952
1238,2270.8007668085193,302.10228446420035,1,1,2,32.0,2245.041752142083,458.51493386722103,2270.8007668085193,1.0009048110461927,0.970503931619481,1.0237433280707557,0.01176036417081419,18.97188552150365,-5.769079968322615,24.740965489826266,25.759014666436087,1.147373523982723,222.58053121403836,88.62614136737155,58.03428422080144,22.561082908999346
1239,2271.1988499585345,311.234398776513,1,1,2,33.0,2245.041752142083,458.51493386722103,2271.198849958535,1.0006691969461263,0.9704442390478943,1.0233982851281598,0.011700642237609088,27.248209666521433,2.502520684551797,24.745688981969636,26.15709781645137,1.1651051830770562,219.26464579029636,88.23923443155981,59.351383162717205,22.457449034043986
1240,2270.8007668085193,302.10228446420035,1,1,2,32.0,2245.041752142083,458.51493386722103,2270.8007668085193,1.0009048110461927,0.970503931619481,1.0237433280707557,0.01176036417081419,18.97188552150365,-5.769079968322615,24.740965489826266,25.759014666436087,1.147373523982723,222.58053121403836,88.62614136737155,58.03428422080144,22.561082908999346
1241,2278.438498114879,369.5341033123518,1,1,2,33.0,2245.041752142083,458.51493386722103,2278.438498114879,0.9976663569235497,0.9604504190383046,1.0169055175206625,0.013841952773813322,-5.306651819546147,-35.325020809889565,30.01836899034342,33.396745972796,1.4875779455295581,296.46738421936465,83.55853039353579,72.10189986065325,21.74192179058773
1242,2273.5094378695803,320.26823292514223,1,1,2,33.0,2245.041752142083,458.51493386722103,2273.5094378695803,1.0007811839961473,0.9694950768414669,1.0309069776756916,0.013804976613669574,5.142542983992627,-25.070354919910017,30.212897903902643,28.467685727497155,1.2680247795095574,225.4634383415521,89.68526812568776,61.49686289460031,22.711277851665926
1243,2271.1879002836395,305.77730688896804,1,1,2,32.0,2245.041752142083,458.51493386722103,2271.1879002836395,1.000848365311753,0.9705538222782985,1.0235050319619579,0.0117689850260936,16.130698578625953,-8.607470681257666,24.73816925988362,26.146148141556296,1.1646174560722187,220.21778419562148,89.25928148770211,58.87563330939105,22.733134062231432
1244,2269.1893494972014,277.4516168763808,1,1,2,33.0,2245.041752142083,458.51493386722103,2269.189349497201,1.0017071495923566,0.9736428430597583,1.0246861195851549,0.011212994978811293,-2.9465121352999972,-24.698212950324262,21.751700815024265,24.14759735511825,1.07559680491813,203.04488635217987,84.59116513620414,64.20263363377894,21.65634054112089
1245,2278.438498114879,369.5341033123518,1,1,2,33.0,2245.041752142083,458.51493386722103,2278.438498114879,0.9976663569235497,0.9604504190383046,1.0169055175206625,0.013841952773813322,-5.306651819546147,-35.325020809889565,30.01836899034342,33.396745972796,1.4875779455295581,296.46738421936465,83.55853039353579,72.10189986065325,21.74192179058773
1246,2275.238166144029,320.7808590481012,1,1,2,33.0,2245.041752142083,458.51493386722103,2275.238166144029,0.999545502909006,0.9685451419984347,1.01949708830382,0.011743815179229284,-52.04174290869264,-82.46282702510518,30.421084116412544,30.196414001945868,1.3450268340503813,264.02286924487447,90.65043803510117,86.32398281219183,23.57576811471762
1247,2274.4477111765977,340.8590962580601,1,1,2,33.0,2245.041752142083,458.51493386722103,2274.4477111765977,0.999644771015367,0.9686246312361106,1.0211719354978148,0.01257917365929249,10.98023056075445,-17.394043126156703,28.374273686911152,29.40595903451458,1.3098179134734216,218.79432450045323,90.44361070564423,56.11052967385915,22.900219672614696
1248,2271.1879002836395,305.77730688896804,1,1,2,32.0,2245.041752142083,458.51493386722103,2271.1879002836395,1.000848365311753,0.9705538222782985,1.0235050319619579,0.0117689850260936,16.130698578625953,-8.607470681257666,24.73816925988362,26.146148141556296,1.1646174560722187,220.21778419562148,89.25928148770211,58.87563330939105,22.733134062231432
1249,2278.438498114879,369.5341033123518,1,1,2,33.0,2245.041752142083,458.51493386722103,2278.438498114879,0.9976663569235497,0.9604504190383046,1.0169055175206625,0.013841952773813322,-5.306651819546147,-35.325020809889565,30.01836899034342,33.396745972796,1.4875779455295581,296.46738421936465,83.55853039353579,72.10189986065325,21.74192179058773
1250,2269.1893494972014,277.4516168763808,1,1,2,33.0,2245.041752142083,458.51493386722103,2269.189349497201,1.0017071495923566,0.9736428430597583,1.0246861195851549,0.011212994978811293,-2.9465121352999972,-24.698212950324262,21.751700815024265,24.14759735511825,1.07559680491813,203.04488635217987,84.59116513620414,64.20263363377894,21.65634054112089
1251,2269.5550299389974,285.9032041831015,1,1,2,32.0,2245.041752142083,458.51493386722103,2269.5550299389974,1.0014931616485152,0.9732325274081953,1.024099955615926,0.01144585078180981,10.483365923778052,-11.072962874984825,21.556328798762877,24.51327779691428,1.0918851630944142,219.30609457177326,87.65316264174267,57.62560959699642,22.299119468986586
1252,2270.331526189094,296.79688897338673,1,1,2,32.0,2245.041752142083,458.51493386722103,2270.3315261890943,1.001131133491401,0.9708702543247114,1.0241233026129357,0.011697909964900815,14.725800560308414,-10.036288690285858,24.762089250594272,25.289774047010724,1.1264723260884013,223.1048227268671,88.09002615446461,57.521274829626876,22.451281498555364
1253,2269.4751359282404,286.86367295304194,1,1,2,32.0,2245.041752142083,458.51493386722103,2269.4751359282404,1.001420567214035,0.9721163625351555,1.0242513838419114,0.011549157172364025,12.898659465673688,-10.382643620244465,23.281303085918154,24.433383786157265,1.0883264760151745,209.44816635876492,86.47520640091747,57.99313532734832,22.067717729758062
1254,2256.933343842999,280.4015635432987,1,1,2,32.0,2230.0998291425226,455.82278736717683,2256.933343842999,1.0026392496447334,0.9736465311033956,1.0272633693920774,0.010829626693685913,-16.477329438785716,-40.75259857225117,24.275269133465457,26.83351470047637,1.2032427584550736,255.0467288815539,89.83771296653275,56.470892200500664,22.898676168891253
1255,2253.525300046248,267.3292033579893,1,1,2,33.0,2230.0998291425226,455.82278736717683,2253.5253000462476,1.0017121947162362,0.9704494125966896,1.0302217324959482,0.0140155733284023,45.694079270995076,24.045567965928825,21.64851130506625,23.425470903725454,1.0504225235841838,191.45185693223655,84.10672062441542,58.11847111565554,21.60312485152758
1256,2258.799394888708,295.156085088322,1,1,2,33.0,2230.0998291425226,455.82278736717683,2258.799394888708,1.0021542509314145,0.9725215975975154,1.0268397285405961,0.010858453170559362,38.94543486680655,13.481661691490643,25.463773175315907,28.69956574618527,1.2869184316838544,265.42427051975653,91.39665443680734,68.28295465594815,23.13967556531057
1257,2254.493852533979,267.8915204972501,2,1,3,32.0,2230.0998291425226,455.82278736717683,2254.4938525339785,1.0028809843471562,0.9751422970119543,1.027286385871934,0.010686752187602157,20.760885531333685,-1.1579436537073207,21.918829185041005,24.394023391456358,1.0938534263210946,228.13420500108506,85.63068539120934,57.6603009289274,22.014469950449328
1258,2256.3187593720513,296.07142468372047,1,1,2,33.0,2230.0998291425226,455.82278736717683,2256.3187593720513,1.0000374278394106,0.9754426155633639,1.0196276689774515,0.010732051843857926,14.84920442489448,-6.151941984377032,21.001146409271513,26.218930229528723,1.175684150409085,255.89729909744108,87.91590724780521,86.76451181700084,22.48295549535995
1259,2255.547781937991,265.30979583130147,1,1,2,32.0,2230.0998291425226,455.82278736717683,2255.547781937991,1.0030266512056747,0.975451684952084,1.0276093576767849,0.010552296875917895,12.436325506145977,-9.752503497503938,22.188829003649914,25.44795279546861,1.1411127189428731,222.4414730610837,87.35499184729949,70.82503709523971,22.295039531366015
1260,2257.360362779791,290.2607509898009,1,1,2,33.0,2230.0998291425226,455.82278736717683,2257.360362779791,1.0021408773855354,0.9699610881360944,1.0273370255287957,0.011764712062774178,173.0960099770375,149.54401067930587,23.55199929773164,27.26053363726851,1.2223907325148862,248.95708322796648,90.93855053982719,55.13151353881655,22.946644424294245
1261,2261.0614112653143,316.9225116608466,1,1,2,33.0,2230.0998291425226,455.82278736717683,2261.0614112653143,1.0013290691948622,0.9709337774023267,1.0313952771676127,0.01319617745999685,18.0870256791502,-11.301221339965196,29.388247019115397,30.961582122791697,1.3883496029277076,247.16390837706007,92.88208070083624,58.36874384006458,23.47534035603443
1262,2258.5481731383466,303.5092028737409,1,1,2,32.0,2230.0998291425226,455.82278736717683,2258.548173138347,1.0016998702601845,0.9735027015667613,1.0251566490050206,0.011119069614569935,23.01269029397963,-0.7595309055894859,23.772221199569117,28.44834399582396,1.275653386636167,245.39204404455265,91.84585148841488,54.96312555164885,23.203423734279312
1263,2250.9849363738026,234.15110752692686,1,1,2,32.0,2230.0998291425226,455.82278736717683,2250.984936373803,1.0041036769062173,0.9772495622610196,1.028907419455568,0.010486372108716382,21.267551812199514,2.039632837691471,19.227918974508043,20.885107231280017,0.9365099695698546,214.32041519475402,78.01383643542972,63.34899127378741,20.441952618487655
1264,2255.1724066855145,275.02908251845344,1,1,2,33.0,2230.0998291425226,455.82278736717683,2255.1724066855145,1.000898039519116,0.973643506932764,1.0218925397890177,0.01123919626406794,14.350934069698326,-8.713443255309386,23.06437732500771,25.072577542991894,1.1242805014981032,249.70135303985916,81.06919780712062,73.94089408392507,20.911946319600297
1265,2250.2552115703493,223.860622923326,1,1,2,32.0,2230.0998291425226,455.82278736717683,2250.2552115703493,1.0033220600582358,0.9772755024632671,1.028491348012401,0.010232739851163958,-32.213053737954596,-51.485911878786425,19.27285814083183,20.15538242782668,0.9037883490433907,212.18855489617684,76.19909623636192,72.91892532501237,20.09598838174815
1266,2256.8730705690095,283.9592657331306,1,1,2,32.0,2230.0998291425226,455.82278736717683,2256.87307056901,1.0024911564433376,0.9743563374734776,1.0268831350521357,0.010751422220757562,16.925194114964597,-6.371024184833573,23.29621829979817,26.773241426486948,1.200540042047414,235.89876323190288,90.54835706878312,57.92120032296324,23.1692102946502
1267,2261.0970055272805,290.5358612114306,2,1,3,32.0,2230.0998291425226,455.82278736717683,2261.0970055272805,1.0020704904949127,0.9724637713609963,1.0261464880052649,0.01084192866319037,-19.760394639007473,-45.66113723060482,25.90074259159735,30.99717638475795,1.389945686721855,273.7170066180321,92.29221321632792,95.51114440718709,23.875139775572027
1268,2253.999801016831,241.06120873964753,1,1,2,33.0,2230.0998291425226,455.82278736717683,2253.999801016831,1.0038309401770313,0.9789998132379657,1.0285547607209247,0.010133676209051022,67.58286131385773,48.22993886465176,19.352922449205977,23.89997187430845,1.0716996415132694,194.17735698529995,82.91029709643351,96.98167739227618,21.956227955407588
1269,2249.7293633420873,222.387810860838,11,1,12,32.0,2230.0998291425226,455.82278736717683,2249.729363342087,1.0046985407058457,0.9783140727840873,1.029576193259925,0.010430250105879139,16.30440253876131,-1.5417336775625188,17.846136216323828,19.62953419956466,0.8802087665785011,226.56436961201047,74.09508354642185,66.93743069122165,19.67708768426569
1270,2251.8789702640242,287.0385006122651,1,1,2,33.0,2230.0998291425226,455.82278736717683,2251.8789702640242,1.0028585707614124,0.9790649883043,1.0271950587273646,0.010081786778641195,21.605331442983186,3.273473065971416,18.33185837701177,21.779141121501652,0.9765993807495054,245.8151973750863,84.45887844862332,49.163039475017264,21.47376184024029
1271,2250.2552115703493,223.860622923326,1,1,2,32.0,2230.0998291425226,455.82278736717683,2250.2552115703493,1.0033220600582358,0.9772755024632671,1.028491348012401,0.010232739851163958,-32.213053737954596,-51.485911878786425,19.27285814083183,20.15538242782668,0.9037883490433907,212.18855489617684,76.19909623636192,72.91892532501237,20.09598838174815
1272,2259.8040252261812,309.796548112214,1,1,2,33.0,2230.0998291425226,455.82278736717683,2259.8040252261812,1.000656614286657,0.9672708217582082,1.023451740657733,0.011633125563678402,16.405379659547123,-13.074175579132685,29.479555238679808,29.704196083658644,1.3319671027946745,295.20539177911525,84.19703753752424,70.8727391425007,22.141156676003817
1273,2258.0318183506756,302.9993086878672,1,1,2,33.0,2230.0998291425226,455.82278736717683,2258.031818350676,1.0008952780657234,0.9714605994735765,1.0250110228511977,0.011804805420231582,-22.96860995762904,-47.51245287885433,24.54384292122529,27.931989208153027,1.2524994999391093,248.63875683121415,91.75130594503612,59.8395328252329,23.257503716843946
1274,2254.8692520857962,256.21562203786436,1,1,2,32.0,2230.2913699938913,453.97659972243093,2254.8692520857962,1.0028692987370635,0.9783620705064316,1.0262768890147493,0.010830734890270413,-139.45650322744916,-161.5957155673809,22.13921233993173,24.57788209190494,1.1020031921646298,202.36611531380132,83.02444253402359,53.11600699133471,21.331554456900967
1275,2255.6942063832607,267.232591486154,1,1,2,33.0,2230.2913699938913,453.97659972243093,2255.6942063832603,1.002538448675063,0.9794401168748458,1.025478977473722,0.010749364065307857,15.121501826510325,-5.057579916060632,20.179081742570958,25.40283638936944,1.1389918255137677,203.91839347842563,84.29456435221964,55.50726408598254,21.607382157334513
1276,2257.325041228855,275.96353363861965,1,1,2,32.0,2230.2913699938913,453.97659972243093,2257.325041228855,1.002081768585031,0.9782343231345569,1.024994458732393,0.010785486685519973,16.32803314832205,-6.706740320543673,23.034773468865723,27.03367123496355,1.2121138788712433,204.44265335364994,86.24856855269168,55.3881400072836,22.202851766053392
1277,2263.235712239688,334.21762388983154,1,1,2,32.0,2230.2913699938913,453.97659972243093,2263.235712239688,1.0000949596642001,0.9718977416470219,1.0231426008451727,0.011958294065105585,-23.813441431989077,-52.84498456118763,29.031543129198553,32.94434224579663,1.4771317635456245,261.7995442951959,94.62615732745998,52.8831911209068,24.021200325482372
1278,2257.60076322274,265.0117122562584,8,1,9,33.0,2230.2913699938913,453.97659972243093,2257.60076322274,1.0024402332020923,0.9794227170861792,1.0254723044099991,0.010201998996631914,2.121651339473601,-20.360058233157844,22.481709572631445,27.309393228848876,1.2244764785564173,199.8344715751999,82.70191317200542,84.26657941739842,21.363754750638588
1279,2254.326431852766,230.08967455579204,1,1,2,32.0,2230.2913699938913,453.97659972243093,2254.3264318527654,1.003768920721195,0.9817843175945125,1.0268447838890549,0.010262344188394657,8.98369612111432,-10.304326327870712,19.288022448985032,24.035061858874542,1.0776646577321587,207.66687774081194,77.81422231359593,91.21118089974767,20.72360139862889
1280,2256.5341380986883,269.9630169937842,1,1,2,32.0,2230.2913699938913,453.97659972243093,2256.5341380986883,1.0023341193694895,0.978259348184372,1.0252788977130898,0.01090265660838556,12.849937472752316,-9.091519577516209,21.941457050268525,26.24276810479705,1.17665200421185,202.28261616051148,84.72464403789404,53.49197865077673,21.697099573072848
1281,2258.9570565956105,291.0413077910131,1,1,2,32.0,2230.2913699938913,453.97659972243093,2258.9570565956105,1.0014897379065153,0.9775678863205739,1.0240259380128536,0.010973085433182551,6.562685091365182,-17.035545509239796,23.59823060060498,28.665686601719244,1.2852888634814454,211.09594487665336,88.00874825125717,55.89160520074407,22.563021552692163
1282,2258.438948787021,263.23074160822637,1,1,2,32.0,2230.2913699938913,453.97659972243093,2258.438948787021,1.0024689221387608,0.9782944607786631,1.0242274699260008,0.01075363520846337,8.62981312810632,-13.49240210555476,22.12221523366108,28.147578793129924,1.2620583647421377,218.99789943727487,80.77910869344522,97.73762911346235,21.658497592792468
1283,2255.0471896441472,250.0365095753256,1,1,2,32.0,2230.2913699938913,453.97659972243093,2255.0471896441472,1.00289145422333,0.980258274446398,1.0261139629784424,0.010355781368216594,3.873134813937611,-16.92310050020575,20.79623531414336,24.755819650255944,1.109981412443153,194.1075016100734,81.94990676471777,63.14920911093815,21.066000516567573
1284,2255.44634158819,240.13531279902332,1,1,2,32.0,2230.2913699938913,453.97659972243093,2255.44634158819,1.003165593280551,0.9802716174469525,1.0257558965642126,0.010410813032351132,18.247882264491523,-1.8381872496865412,20.086069514178064,25.154971594298786,1.1278782643707976,179.55074999200474,80.72842648552478,93.30025923590291,21.436955757851294
1285,2254.8692520857962,256.21562203786436,1,1,2,32.0,2230.2913699938913,453.97659972243093,2254.8692520857962,1.0028692987370635,0.9783620705064316,1.0262768890147493,0.010830734890270413,-139.45650322744916,-161.5957155673809,22.13921233993173,24.57788209190494,1.1020031921646298,202.36611531380132,83.02444253402359,53.11600699133471,21.331554456900967
1286,2258.9570565956105,291.0413077910131,1,1,2,32.0,2230.2913699938913,453.97659972243093,2258.9570565956105,1.0014897379065153,0.9775678863205739,1.0240259380128536,0.010973085433182551,6.562685091365182,-17.035545509239796,23.59823060060498,28.665686601719244,1.2852888634814454,211.09594487665336,88.00874825125717,55.89160520074407,22.563021552692163
1287,2251.331704466792,221.72136916859185,2,3,5,32.0,2230.2913699938913,453.97659972243093,2251.331704466792,1.0028685181060855,0.9796137502790265,1.0268108624659984,0.010336338764513358,89.16004876128898,68.26181970018388,20.8982290611051,21.040334472900668,0.9433894941250791,190.25324309536106,75.73956744593006,70.2130525413905,19.813112276189397
1288,2255.622784886022,266.99426236191505,1,1,2,33.0,2230.2913699938913,453.97659972243093,2255.622784886022,1.0025636575011652,0.9793633527454162,1.0254596846907935,0.010770417015326677,14.91574542724618,-5.474406286413313,20.390151713659492,25.33141489213085,1.1357894862051245,202.47369590941068,84.3996090477012,59.08379956867918,21.67815109488644
1289,2254.6458238588784,264.903879433796,1,1,2,33.0,2230.2913699938913,453.97659972243093,2254.6458238588784,1.0025218266308797,0.9796205346172756,1.0257985018775138,0.01035578016282217,29.140880571840768,7.594721770299401,21.546158801541367,24.354453864987136,1.0919852980937572,189.90444250727086,80.83703942609458,68.67640890975403,20.873077100809553
1290,2256.4821747429583,265.8953270157693,1,1,2,33.0,2230.2913699938913,453.97659972243093,2256.4821747429587,1.0004152113073264,0.9766029734742715,1.019200185633298,0.011515457921654166,59.193425805854844,34.4847776744229,24.708648131431943,26.190804749066956,1.174322113309289,205.06176083676212,78.7803811611551,84.1634571070592,20.477438130920927
1291,2251.331704466792,221.72136916859185,2,3,5,32.0,2230.2913699938913,453.97659972243093,2251.331704466792,1.0028685181060855,0.9796137502790265,1.0268108624659984,0.010336338764513358,89.16004876128898,68.26181970018388,20.8982290611051,21.040334472900668,0.9433894941250791,190.25324309536106,75.73956744593006,70.2130525413905,19.813112276189397
1292,2275.6205291909077,264.7025913367655,1,1,2,33.0,2250.0223277344962,457.01808164674145,2275.6205291909077,1.0024286305473151,0.9812878310280628,1.0253325886524003,0.01008732247619289,-37.964796346507256,-59.959468669986336,21.99467232347908,25.598201456411516,1.1376865527457165,227.2759006064911,80.67755887086193,82.68651041491964,21.348264102917224
1293,2271.5027955111896,218.3051519923147,0,0,0,32.0,2250.0223277344962,457.01808164674145,2271.50279551119,1.0001024268482694,0.9809986201362426,1.0215875081982448,0.01099664844420374,9.868995770416205,-7.646636381518249,17.515632151934454,21.48046777669333,0.954677983054577,201.59984307876414,73.68178485863685,94.04327893659048,19.93758707370831
1294,2270.92276330801,223.23693361595627,13,7,20,32.0,2250.0223277344962,457.01808164674145,2270.92276330801,1.0026320215275932,0.9814699476766654,1.0256892338774588,0.010155434038622438,-3.081634203204885,-22.298715864657424,19.21708166145254,20.900435573513732,0.928899029840205,215.7089834626331,73.94604839341918,72.21140111496062,19.68920866377179
1295,2276.292926492144,272.5618976716127,1,1,2,33.0,2250.0223277344962,457.01808164674145,2276.292926492144,1.0021866804973791,0.9806189474043232,1.0250173300762104,0.010271002125714626,12.62795613114568,-9.54131717453646,22.16927330568214,26.270598757647804,1.1675705806928218,191.05226630897243,82.9095374129438,86.46918295320523,21.744299363942783
1296,2288.8298545687935,427.8598814739399,1,12,13,33.0,2250.0223277344962,457.01808164674145,2288.829854568793,0.9971152673682502,0.974991292448729,1.0152469250480736,0.012179617984951875,57.90521496971951,21.77086435117667,36.13435061854284,38.80752683429728,1.7247618548466506,244.05192935440908,100.33672948225387,57.56511797182677,25.87009084470364
1297,2271.1590943131487,228.997618907049,2,1,3,32.0,2250.0223277344962,457.01808164674145,2271.1590943131487,1.0037792499856857,0.9819821162230025,1.0265116622724593,0.010346650016577731,30.354611023206985,11.305649137110919,19.048961886096066,21.13676657865244,0.9394025258378054,223.32994306661553,74.4402828259322,65.03441019278034,19.794325185607914
1298,2277.1367542238513,277.3949683225017,1,1,2,33.0,2250.0223277344962,457.01808164674145,2277.1367542238513,1.0011010057971717,0.9778099949064816,1.0239106739784287,0.011538205611702159,18.614615002005024,-4.031486303514754,22.646101305519778,27.114426489355083,1.2050736632758694,203.55236986706223,84.84072755345747,88.97742292517184,22.268336939951862
1299,2275.5362120669674,260.7838895643546,1,1,2,32.0,2250.0223277344962,457.01808164674145,2275.536212066967,1.002785034995948,0.9801294275371009,1.0259067205707917,0.010175752349055127,145.34276838885665,120.44932655895929,24.89344182989737,25.513884332471207,1.133939162202032,205.49528560416078,82.14076693728914,81.4132499201978,21.468846122807587
1300,2276.142485360265,270.4500442394331,1,1,2,33.0,2250.0223277344962,457.01808164674145,2276.142485360265,1.002298561537758,0.9789345221309174,1.0254891919491442,0.0104276504844151,37.36195660534497,12.774152808592675,24.587803796752297,26.12015762576857,1.1608843745150053,219.63475302475675,85.07851644762138,87.21981399488452,22.112768564330043
1301,2278.2879810844815,313.8348645445481,1,1,2,33.0,2250.0223277344962,457.01808164674145,2278.2879810844815,1.0006255853582633,0.9783553076368833,1.022985702131063,0.010630890448365599,53.463008283677254,29.13793194415274,24.325076339524514,28.265653349985314,1.2562387937921242,246.4302659743774,88.40337401014946,53.59278647821678,22.56047471260987
1302,2277.1367542238513,277.3949683225017,1,1,2,33.0,2250.0223277344962,457.01808164674145,2277.1367542238513,1.0011010057971717,0.9778099949064816,1.0239106739784287,0.011538205611702159,18.614615002005024,-4.031486303514754,22.646101305519778,27.114426489355083,1.2050736632758694,203.55236986706223,84.84072755345747,88.97742292517184,22.268336939951862
1303,2277.7305301927736,303.5817957430765,1,1,2,32.0,2250.0223277344962,457.01808164674145,2277.7305301927736,1.0011392663745633,0.9777631908968986,1.0232266076897516,0.010717579381648659,37.0735296901334,11.67993328160344,25.39359640852996,27.708202458277356,1.2314634444617358,222.38622238828953,89.45721966412076,53.33418008389243,22.769583905466682
1304,2275.5262769934866,262.6556441875996,1,1,2,32.0,2250.0223277344962,457.01808164674145,2275.5262769934866,1.0023609989564524,0.9805276364219984,1.025062423558676,0.010443812765952125,8.029250336205251,-11.815905904844954,19.845156241050205,25.50394925899036,1.133497607762399,228.28749428151065,86.33863432479073,72.79364800758385,22.23323684201376
1305,2272.50617807551,237.29627661757883,1,1,2,33.0,2250.0223277344962,457.01808164674145,2272.50617807551,1.0040480051790244,0.9806751908395287,1.0382205892561778,0.012317237585027802,3.603847207778813,-20.331633298206896,23.93548050598571,22.48385034101375,0.9992723211619104,206.76074067323816,81.01315594355408,55.411583549814544,21.018118208796896
1306,2281.0099026591397,322.4277866577092,1,1,2,33.0,2250.0223277344962,457.01808164674145,2281.0099026591397,0.9989157997193946,0.9715256330552557,1.0227448579741933,0.013826844396607725,47.44231080360325,22.65643048995298,24.785880313650267,30.987574924643468,1.3772118855302318,240.27029021288797,89.21536442910113,99.17321192532229,23.720000480469825
1307,2274.537566844481,263.724870531627,1,1,2,32.0,2250.0223277344962,457.01808164674145,2274.537566844481,1.002286433548975,0.9800038174701717,1.0251729183760914,0.010308945249295558,13.489489340350872,-9.787355255485977,23.27684459583685,24.515239109984577,1.0895553705313001,209.94274862625434,84.75299002129108,55.74729901735873,21.818357902610604
1308,2277.3199886788484,270.9642003793927,1,1,2,33.0,2250.0223277344962,457.01808164674145,2277.319988678849,1.0016204081090734,0.97940126282382,1.0213141141657043,0.010326717090240429,-7.709309047708103,-34.18839189029856,26.479082842590458,27.297660944352174,1.2132173360180678,225.38388168180242,81.95077150897673,95.5572573132326,22.300312073309623
1309,2281.163552629204,304.34826816647194,1,1,2,33.0,2250.0223277344962,457.01808164674145,2281.163552629204,1.0010327603961968,0.979107326131404,1.0234317481588857,0.010448002815939696,11.001097513313653,-13.737086349225592,24.738183862539245,31.141224894707648,1.384040705323273,204.67001936467238,88.77058145321823,99.39619348547602,23.393243300387248
1310,2279.489036944934,321.6766772613362,1,1,2,32.0,2250.0223277344962,457.01808164674145,2279.489036944934,1.0000390932385506,0.977112501549028,1.021069573294579,0.010999338262945337,-22.14915808358137,-49.95281743016079,27.803659346579423,29.466709210437784,1.3096185245462537,228.40530254716506,90.90359183585038,51.64653655520739,23.04901503447462
1311,2275.558287656085,289.1275768868381,1,1,2,33.0,2250.0223277344962,457.01808164674145,2275.558287656085,1.001821344576818,0.9802592461256043,1.0245832481511297,0.010252579031554087,14.320725846151248,-7.906221776755501,22.22694762290675,25.535959921588983,1.1349202897599975,195.44907453484873,85.62306696763092,71.30005318604125,22.078093793744483
1312,2323.365097933512,370.224383262449,13,11,24,33.0,2286.563415439558,463.2146935524936,2323.3650979335116,0.9984872433526388,0.9710430488743802,1.0278887153856282,0.013526760263012094,20.54280470498577,-1.721712696052748,22.264517401038518,36.801682493954104,1.609475698135384,252.5606700521958,102.04036362870123,98.86064314795358,26.624208470521022
1313,2307.090307009047,248.61663621750205,4,1,5,32.0,2286.563415439558,463.2146935524936,2307.090307009047,1.0018530504091008,0.9776950181165468,1.023902104490437,0.011149375632482571,109.28577565720377,90.21524318940413,19.070532467799637,20.52689156948918,0.8977180090823411,210.80215761658317,74.51528240601785,55.893754215346945,19.666189958365376
1314,2323.365097933512,370.224383262449,13,11,24,33.0,2286.563415439558,463.2146935524936,2323.3650979335116,0.9984872433526388,0.9710430488743802,1.0278887153856282,0.013526760263012094,20.54280470498577,-1.721712696052748,22.264517401038518,36.801682493954104,1.609475698135384,252.5606700521958,102.04036362870123,98.86064314795358,26.624208470521022
1315,2315.153224691143,319.8998136405361,1,1,2,33.0,2286.563415439558,463.2146935524936,2315.153224691143,0.9995232724479702,0.9744837661368273,1.0211929165889895,0.012167699488549245,10.425356881383635,-17.363908831249972,27.789265712633608,28.58980925158494,1.2503396607563133,212.00880676126243,87.85220323488136,54.71157258877114,22.49454519530793
1316,2313.1254453781758,306.0350393640749,1,1,2,32.0,2286.563415439558,463.2146935524936,2313.1254453781758,1.000239236061398,0.9744194388796847,1.0218990708375106,0.011793276437992812,29.76435317015779,6.634259642991026,23.130093527166764,26.562029938617798,1.1616572608160811,210.78869714340436,87.41366172176977,57.53505612510935,22.324955505638354
1317,2310.433541180074,253.6768870207483,0,0,0,32.0,2286.563415439558,463.2146935524936,2310.433541180074,0.9979221322865102,0.9765945548588234,1.017357740891857,0.011841246662974127,35.396469840848,16.451361029526993,18.945108811321006,23.87012574051596,1.0439301870806537,179.43447259902237,78.97777058332731,96.09362433580924,21.02592282325715
1318,2317.1432169321392,315.18158259418897,1,1,2,32.0,2286.563415439558,463.2146935524936,2317.143216932139,0.9997250303536216,0.9776435021981128,1.0192253671311065,0.011363438418744203,17.723174231747663,-4.019144159935621,21.742318391683284,30.579801492581282,1.3373694902182613,242.23798551070334,90.32452687616086,93.46787357323544,23.897145041051413
1319,2311.026957772888,285.0192002659944,1,1,2,33.0,2286.563415439558,463.2146935524936,2311.026957772888,0.9999109138378041,0.9701318272754235,1.0251651535730253,0.014966432245256608,12.598934047726402,-12.412336692211056,25.01127073993746,24.463542333330224,1.0698825218730035,195.62734828806154,81.90794944892804,70.26235652274899,21.104075054615354
1320,2312.725190315701,290.843672164772,1,1,2,33.0,2286.563415439558,463.2146935524936,2312.7251903157007,1.000605525214105,0.9765619329232331,1.022630220948294,0.011001540669012617,21.490850193783245,-1.0075089755594888,22.498359169342734,26.161774876143227,1.1441526047119936,216.45607398551778,84.8228190816963,82.89296688683386,22.044575238120377
1321,2311.026957772888,285.0192002659944,1,1,2,33.0,2286.563415439558,463.2146935524936,2311.026957772888,0.9999109138378041,0.9701318272754235,1.0251651535730253,0.014966432245256608,12.598934047726402,-12.412336692211056,25.01127073993746,24.463542333330224,1.0698825218730035,195.62734828806154,81.90794944892804,70.26235652274899,21.104075054615354
1322,2306.466978614171,235.83618177900723,13,7,20,32.0,2286.563415439558,463.2146935524936,2306.4669786141703,1.0014800000009985,0.9778462291513177,1.0235557517456255,0.010843580837444952,43.30151120696269,24.818282388993055,18.483228817969632,19.903563174612827,0.8704575189219784,203.2321620064232,72.02438519471461,74.90273731157554,19.133859502585416
1323,2315.153224691143,319.8998136405361,1,1,2,33.0,2286.563415439558,463.2146935524936,2315.153224691143,0.9995232724479702,0.9744837661368273,1.0211929165889895,0.012167699488549245,10.425356881383635,-17.363908831249972,27.789265712633608,28.58980925158494,1.2503396607563133,212.00880676126243,87.85220323488136,54.71157258877114,22.49454519530793
1324,2310.7002193139897,270.8666240138872,1,1,2,32.0,2286.563415439558,463.2146935524936,2310.7002193139897,1.0013925453463086,0.9779496841513459,1.0231352247059626,0.010895735063636397,-58.01649831597703,-78.07099630438589,20.054497988408855,24.136803874431735,1.055593022763018,218.6351326185561,82.9015515928503,73.64861245234832,21.37935205649941
1325,2312.364629603519,297.6650129985272,1,1,2,33.0,2286.563415439558,463.2146935524936,2312.364629603519,1.000288649819111,0.9746962870437693,1.021214081186823,0.011369392193058213,12.604827613404183,-13.258482883526682,25.863310496930865,25.80121416396105,1.128383931525518,220.88592914706032,87.3315871081301,52.40924943899804,22.395280818612456
1326,2312.9157466939137,321.3462202733674,1,1,2,33.0,2286.563415439558,463.2146935524936,2312.9157466939137,1.000580576045975,0.9745409630954189,1.0229293717913739,0.011515187979756392,74.71818688078937,44.56107784875746,30.15710903203191,26.352331254355704,1.152486350320175,213.57017838138597,82.09454085015834,57.560893380241126,21.240158061783447
1327,2317.1432169321392,315.18158259418897,1,1,2,32.0,2286.563415439558,463.2146935524936,2317.143216932139,0.9997250303536216,0.9776435021981128,1.0192253671311065,0.011363438418744203,17.723174231747663,-4.019144159935621,21.742318391683284,30.579801492581282,1.3373694902182613,242.23798551070334,90.32452687616086,93.46787357323544,23.897145041051413
1328,2312.2148500866965,296.2401978486389,1,1,2,33.0,2286.563415439558,463.2146935524936,2312.214850086696,1.0006389422520374,0.9760116586740906,1.022079008976734,0.011678545967800005,112.56856695279663,90.42972983726963,22.138837115526997,25.651434647138558,1.1218335111080857,212.14841191177655,84.38280825593031,57.8992367051348,21.67751769964332
1329,2323.365097933512,370.224383262449,13,11,24,33.0,2286.563415439558,463.2146935524936,2323.3650979335116,0.9984872433526388,0.9710430488743802,1.0278887153856282,0.013526760263012094,20.54280470498577,-1.721712696052748,22.264517401038518,36.801682493954104,1.609475698135384,252.5606700521958,102.04036362870123,98.86064314795358,26.624208470521022
1330,2397.7646824140948,301.3226727180236,1,1,2,32.0,2368.911004999466,481.9581258662298,2397.7646824140948,0.999994995276929,0.9752859193661736,1.0191071180638982,0.011013689648753842,8.423918534370074,-14.016518472456482,22.440437006826556,28.85367741462869,1.21801441057661,228.92416805110733,88.12051215631794,70.8736227370577,22.63397270271249
1331,2398.0483660264144,305.8713537709226,1,1,2,33.0,2368.911004999466,481.9581258662298,2398.0483660264144,0.9998108610104616,0.9751513910134834,1.0182562335721876,0.011641394184356274,0.6514005432709666,-21.163898532361202,21.81529907563217,29.137361026948383,1.2299896857862311,245.69370573368113,85.261798929613,75.63909845580802,22.342585346612474
1332,2397.3529714191372,312.92651331423417,1,1,2,33.0,2368.911004999466,481.9581258662298,2397.3529714191372,0.9994830771082556,0.9759691980333449,1.0184246361934202,0.010984779705030154,41.16594973927499,19.968749265271356,21.197200474003637,28.44196641967119,1.2006346527854304,251.09172862947221,84.53745677508654,55.06435933825497,21.88708141208242
1333,2398.5156851504476,312.59836146215054,1,1,2,33.0,2368.911004999466,481.9581258662298,2398.515685150447,0.9978477255787345,0.9580864728768856,1.0170875279989235,0.014028543822847786,7.740343959161635,-16.013465685896648,23.753809645058283,29.604680150981494,1.2497168567541086,216.5856793965514,87.54504967264174,74.42098640591811,22.792794725820563
1334,2394.1543053827354,273.99657020224737,0,0,0,32.0,2368.911004999466,481.9581258662298,2394.154305382735,0.9972752891669071,0.9748428611835985,1.0152705603712522,0.011893262325830333,3.9591204663851727,-15.594710322987424,19.553830789372597,25.243300383269343,1.0656077974223026,214.86774815528307,82.03990849812375,63.910791108323686,21.193257104545058
1335,2398.0483660264144,305.8713537709226,1,1,2,33.0,2368.911004999466,481.9581258662298,2398.0483660264144,0.9998108610104616,0.9751513910134834,1.0182562335721876,0.011641394184356274,0.6514005432709666,-21.163898532361202,21.81529907563217,29.137361026948383,1.2299896857862311,245.69370573368113,85.261798929613,75.63909845580802,22.342585346612474
1336,2398.4307204484217,321.6886906217505,1,1,2,32.0,2368.911004999466,481.9581258662298,2398.4307204484217,0.9989085881965911,0.9736046077506679,1.0173200031138256,0.01142190026563484,15.880728300365092,-8.394375629700647,24.27510393006574,29.519715448955594,1.246130200191385,226.91961817392917,90.0529283375112,48.67013347803798,22.983415452475345
1337,2401.110510893952,326.8669558883828,1,1,2,32.0,2368.911004999466,481.9581258662298,2401.1105108939523,0.9991076687964111,0.9727031442274344,1.0176304632066855,0.011666637788013929,-43.84295075613687,-68.28071120128307,24.437760445146196,32.19950589448581,1.3592535062115205,236.51494788231045,90.8772199594248,76.20870333714744,23.62992146855483
1338,2397.152793712102,299.31627919190436,1,1,2,32.0,2368.911004999466,481.9581258662298,2397.152793712102,1.0000942611345853,0.9745680612013365,1.0193868776301833,0.011033978349083703,11.527223108544746,-12.804712750140965,24.33193585868571,28.241788712635753,1.192184453237496,223.25226106834305,87.51782709335752,66.00792247259648,22.590518837877365
1339,2399.0358353818483,299.0617739522669,1,1,2,32.0,2368.911004999466,481.9581258662298,2399.035835381848,1.0000206359819255,0.9739097395145581,1.0187088951314427,0.01128439291269967,71.56179135262914,47.71717231551051,23.844619037118633,30.124830382382243,1.2716742131217813,249.71944816826462,87.67808590672787,90.72349812928493,22.770721724148355
1340,2394.1002826002346,277.5609738256875,1,1,2,32.0,2368.911004999466,481.9581258662298,2394.1002826002346,1.0008472083783446,0.9757245712214021,1.0201469945666704,0.010991756586639069,26.45123683225316,4.986975663175457,21.4642611690777,25.18927760076849,1.0633273072567015,222.8437016994624,83.14608232400577,58.0432552239847,21.55407919986391
1341,2401.140478607758,335.0558739964718,1,1,2,33.0,2368.911004999466,481.9581258662298,2401.140478607758,0.9976492111325133,0.969849504434987,1.0135689608725345,0.012335259903260103,12.962435770543436,-13.551112674371495,26.51354844491493,32.229473608291755,1.3605185479856816,318.9086516072296,82.28130386936576,63.78173032144592,21.512705111642855
1342,2396.523094928074,291.37422385493926,1,1,2,32.0,2368.911004999466,481.9581258662298,2396.523094928074,1.0003492411887702,0.9756025259705252,1.0195154293134594,0.010951900660597454,66.0601037119929,43.7673415948351,22.292762117157793,27.61208992860793,1.165602670186175,215.61331805834845,86.06993904280505,69.76881791824219,22.282873898795547
1343,2397.3529714191372,312.92651331423417,1,1,2,33.0,2368.911004999466,481.9581258662298,2397.3529714191372,0.9994830771082556,0.9759691980333449,1.0184246361934202,0.010984779705030154,41.16594973927499,19.968749265271356,21.197200474003637,28.44196641967119,1.2006346527854304,251.09172862947221,84.53745677508654,55.06435933825497,21.88708141208242
1344,2394.1002826002346,277.5609738256875,1,1,2,32.0,2368.911004999466,481.9581258662298,2394.1002826002346,1.0008472083783446,0.9757245712214021,1.0201469945666704,0.010991756586639069,26.45123683225316,4.986975663175457,21.4642611690777,25.18927760076849,1.0633273072567015,222.8437016994624,83.14608232400577,58.0432552239847,21.55407919986391
1345,2393.8131703430563,279.0507412719493,1,1,2,32.0,2368.911004999466,481.9581258662298,2393.8131703430563,1.000368155849996,0.9759796802836475,1.0193984361579493,0.010937413694079223,14.068660730194836,-7.0713210211316095,21.139981751326445,24.90216534359024,1.051207296983107,234.76574358613013,82.27244480243778,47.297024781701055,21.361914412896766
1346,2396.523094928074,291.37422385493926,1,1,2,32.0,2368.911004999466,481.9581258662298,2396.523094928074,1.0003492411887702,0.9756025259705252,1.0195154293134594,0.010951900660597454,66.0601037119929,43.7673415948351,22.292762117157793,27.61208992860793,1.165602670186175,215.61331805834845,86.06993904280505,69.76881791824219,22.282873898795547
1347,2397.7646824140948,301.3226727180236,1,1,2,32.0,2368.911004999466,481.9581258662298,2397.7646824140948,0.999994995276929,0.9752859193661736,1.0191071180638982,0.011013689648753842,8.423918534370074,-14.016518472456482,22.440437006826556,28.85367741462869,1.21801441057661,228.92416805110733,88.12051215631794,70.8736227370577,22.63397270271249
1348,2397.7646824140948,301.3226727180236,1,1,2,32.0,2368.911004999466,481.9581258662298,2397.7646824140948,0.999994995276929,0.9752859193661736,1.0191071180638982,0.011013689648753842,8.423918534370074,-14.016518472456482,22.440437006826556,28.85367741462869,1.21801441057661,228.92416805110733,88.12051215631794,70.8736227370577,22.63397270271249
1349,2514.109418823149,369.2565261851953,1,1,2,33.0,2485.350217157924,504.07497123611387,2514.1094188231496,0.9958731550860187,0.966318867316234,1.01383637450241,0.014370227279450457,25.53120441125168,0.3170946865095914,25.214109724742087,28.75920166522519,1.1571488584056473,249.80782864704344,87.92881134439375,50.58111543601706,22.631211298188845
1350,2513.024270381814,324.1998879730024,1,1,2,33.0,2485.350217157924,504.07497123611387,2513.024270381814,0.9968836256134482,0.9700994612132697,1.0137821727523708,0.012392387660648466,-0.7264598037448877,-25.47873725543309,24.7522774516882,27.67405322389004,1.1134870664439473,241.81623987552894,83.14067716272963,79.69849929673855,22.142173858321996
1351,2511.690153419372,325.02524677025,1,1,2,32.0,2485.350217157924,504.07497123611387,2511.6901534193717,0.9979427338336672,0.9709869569221669,1.0153031715079386,0.01208775981187105,20.7823772827644,0.33831528173166703,20.444062001032734,26.3399362614482,1.0598078322969207,226.29832148101517,86.3810236661402,66.54511664230246,22.38590527145117
1352,2513.024270381814,324.1998879730024,1,1,2,33.0,2485.350217157924,504.07497123611387,2513.024270381814,0.9968836256134482,0.9700994612132697,1.0137821727523708,0.012392387660648466,-0.7264598037448877,-25.47873725543309,24.7522774516882,27.67405322389004,1.1134870664439473,241.81623987552894,83.14067716272963,79.69849929673855,22.142173858321996
1353,2510.331121427374,295.72990932565506,1,1,2,33.0,2485.350217157924,504.07497123611387,2510.331121427374,0.9985036112179756,0.9545690217534571,1.017818239259358,0.01416507319019489,1.2131704716936724,-20.566986392558277,21.78015686425195,24.980904269450093,1.0051261225476924,230.59659517468845,81.36796210698795,74.46332837507211,21.860097251538118
1354,2510.8245992725247,292.84409985605635,1,1,2,32.0,2485.350217157924,504.07497123611387,2510.824599272525,0.9988961464696895,0.9727499797263484,1.0162835154488812,0.011786279926783954,18.251130859274497,-1.7775194830367411,20.028650342311238,25.474382114600758,1.0249815876545365,220.5669374134634,81.33430393801773,92.18171080755222,21.60447108752419
1355,2511.078014815881,309.06880606965774,1,1,2,32.0,2485.350217157924,504.07497123611387,2511.078014815881,0.9984816132475879,0.9726311434592906,1.0158636834771886,0.011769657426279681,15.395092016633612,-4.069381650550525,19.464473667184137,25.727797657957126,1.0351779592405963,222.09719928908078,84.6621070339624,77.73014313042349,22.248866034973986
1356,2512.0512018528734,329.53653919590806,1,1,2,32.0,2485.350217157924,504.07497123611387,2512.0512018528734,0.9974468677547234,0.9716072335158804,1.0146219456822616,0.011879895029593522,77.07511449555795,56.263287055452764,20.81182744010519,26.70098469494951,1.0743348969741144,221.1559772703191,87.14975867814,49.26236429576611,22.625592692625354
1357,2513.577722076926,344.4878696545924,1,1,2,33.0,2485.350217157924,504.07497123611387,2513.577722076926,0.9944713508782734,0.9707098677873779,1.0128440904593319,0.013760457063543573,17.46477992019956,-3.294547340306906,20.759327260506467,28.227504919002058,1.1357556260735397,273.67191283189425,82.43291198137435,84.4797909043527,21.616016721569128
1358,2512.5222578419216,336.81915240884587,1,1,2,33.0,2485.350217157924,504.07497123611387,2512.5222578419216,0.9977266892431688,0.9707256933279517,1.015120349302324,0.012086717963583859,7.698658987782494,-13.175445259831747,20.87410424761424,27.172040683997693,1.0932882012527705,230.68422540502974,87.349492846005,68.50393568088857,22.788275954699326
1359,2512.835838455616,337.5008453120318,1,1,2,32.0,2485.350217157924,504.07497123611387,2512.835838455616,0.9975391111999733,0.9701953135813445,1.0147674119621826,0.012273195362101981,10.24913443965653,-10.94571260626634,21.19484704592287,27.485621297691978,1.105905361262231,234.42845559042226,88.24824601915198,66.15360021457207,22.81059782972567
1360,2517.3396240315788,380.1689161125562,1,1,2,33.0,2485.350217157924,504.07497123611387,2517.3396240315788,0.9944479710129541,0.9630037366015326,1.0126714476070198,0.016813415812540866,7.318988906817054,-15.70531424588458,23.024303152701634,31.989406873654843,1.2871186785995792,204.94484034524027,88.63533031948681,97.51407982887349,23.27699905357485
1361,2512.3409932649806,333.5386843643091,1,1,2,33.0,2485.350217157924,504.07497123611387,2512.3409932649806,0.9979602443170871,0.971398366423294,1.0151147622783092,0.01208512197755705,9.369808192827406,-11.621464014275148,20.991272207102554,26.990776107056718,1.0859948799457937,229.55457760200653,86.85883749692343,68.72165105871903,22.529894129297162
1362,2513.024270381814,324.1998879730024,1,1,2,33.0,2485.350217157924,504.07497123611387,2513.024270381814,0.9968836256134482,0.9700994612132697,1.0137821727523708,0.012392387660648466,-0.7264598037448877,-25.47873725543309,24.7522774516882,27.67405322389004,1.1134870664439473,241.81623987552894,83.14067716272963,79.69849929673855,22.142173858321996
1363,2513.4632543540956,345.8448138442215,1,1,2,33.0,2485.350217157924,504.07497123611387,2513.4632543540956,0.9971145767596251,0.9706608173671426,1.014560390062636,0.012109089483576151,18.996691181704648,-2.4800155614453843,21.476706743150032,28.113037196171717,1.131149928170681,287.4261025506766,85.76554722978922,68.53428230410452,22.27628238308016
1364,2512.058235312656,330.72417221044316,1,1,2,33.0,2485.350217157924,504.07497123611387,2512.0582353126565,0.9973469847598743,0.9712892847413016,1.013336652418757,0.012139924651061118,9.51982104242964,-12.852239298848275,22.372060341277916,26.708018154732144,1.0746178937016613,217.07857140652166,85.96019484170854,67.71427553823209,22.308146274530213
1365,2511.3306268157107,319.2572434401858,1,1,2,32.0,2485.350217157924,504.07497123611387,2511.3306268157103,0.9983729083293933,0.9719230350073627,1.0156135858787358,0.012068389968291238,11.747064816476609,-8.230330655537728,19.977395472014337,25.980409657786822,1.045341999627571,228.8793136808303,86.52671936539116,66.369778297842,22.440689861329428
1366,2510.331121427374,295.72990932565506,1,1,2,33.0,2485.350217157924,504.07497123611387,2510.331121427374,0.9985036112179756,0.9545690217534571,1.017818239259358,0.01416507319019489,1.2131704716936724,-20.566986392558277,21.78015686425195,24.980904269450093,1.0051261225476924,230.59659517468845,81.36796210698795,74.46332837507211,21.860097251538118
1367,2510.8245992725247,292.84409985605635,1,1,2,32.0,2485.350217157924,504.07497123611387,2510.824599272525,0.9988961464696895,0.9727499797263484,1.0162835154488812,0.011786279926783954,18.251130859274497,-1.7775194830367411,20.028650342311238,25.474382114600758,1.0249815876545365,220.5669374134634,81.33430393801773,92.18171080755222,21.60447108752419
1368,2574.5427565202112,305.8817531634343,14,7,21,32.0,2550.532600221598,518.1031903311664,2574.5427565202117,0.9981808646535201,0.974050677595214,1.015212331422366,0.012011777923557978,13.555557030373592,-5.350605665376861,18.906162695750453,24.01015629861331,0.9413781379045002,223.49036157267017,79.06881095729582,51.194809719288045,21.03611985121998
1369,2581.0985010027835,362.87858589331006,1,1,2,33.0,2550.532600221598,518.1031903311664,2581.0985010027835,0.9972977469187154,0.9736098670906432,1.014448267698313,0.011764437446816328,31.273465308879906,3.430101656141204,27.843363652738702,30.56590078118552,1.1984124719099791,231.41454933800972,84.0607691023783,82.38061226544859,22.374367801555454
1370,2578.827959735757,340.3770296771389,1,1,2,33.0,2550.532600221598,518.1031903311664,2578.827959735757,0.9970360386184219,0.9725360394275122,1.0142503560146336,0.012056568183446388,17.027497699620397,-3.989809391606485,21.017307091226883,28.295359514158918,1.109390231346211,262.7164823857933,85.0421558953646,66.96488906987446,22.198118401481032
1371,2575.785855054739,308.220818448944,1,1,2,32.0,2550.532600221598,518.1031903311664,2575.785855054739,0.9984257971867302,0.9738721139947601,1.0154271679856324,0.011990850650676708,8.028224992188342,-11.493358861175551,19.521583853363893,25.253254833141,0.9901169203227169,210.38301340071763,81.291855967706,72.09610916038743,21.48323252075129
1372,2578.3098396082937,317.30405677077437,1,1,2,33.0,2550.532600221598,518.1031903311664,2578.3098396082937,0.9961171034750359,0.9640866605165422,1.0170163338535796,0.015725527927226604,17.36514191086843,-0.5371677930521628,17.902309703920594,27.777239386695783,1.08907603785509,261.2254307639078,82.5801203763746,87.73334254076596,22.00887906127541
1373,2577.2146255462444,358.3756830580574,1,1,2,33.0,2550.532600221598,518.1031903311664,2577.214625546244,0.9975393776479761,0.9739427106049889,1.014186800795074,0.011920996081164224,8.515966409565976,-11.254877326659539,19.770843736225515,26.682025324646474,1.0461354354901506,196.6737251964696,83.27638442924433,65.665959537311,21.847070218977546
1374,2575.939381854008,298.2914985243371,1,1,2,32.0,2550.532600221598,518.1031903311664,2575.939381854008,0.9985774471792058,0.9745972317989035,1.0153397976971659,0.01194288501198301,5.968150279578481,-12.492584756200245,18.460735035778725,25.406781632410002,0.9961363218883219,203.94385461897633,79.17098978209283,85.20107938613047,21.090095834971113
1375,2578.8611231474442,349.1034723091932,1,1,2,33.0,2550.532600221598,518.1031903311664,2578.8611231474442,0.9963121528499501,0.9717911009982764,1.0130065008097036,0.0124737682768319,13.30059841820011,-11.279076262380357,24.579674680580467,28.3285229258463,1.1106904857199251,241.60128450036385,81.58509480356078,68.26110444972528,21.518697559151075
1376,2575.9431767991277,298.13688933903575,1,1,2,32.0,2550.532600221598,518.1031903311664,2575.9431767991273,0.9985795452339458,0.9745979720541231,1.0153431112915083,0.011940887956775616,43.765375552823855,25.27134853683299,18.494027015990866,25.41057657752981,0.9962851121888057,203.71150021044667,79.1454395510686,85.45400347493099,21.084945976486903
1377,2582.113335017526,361.96182076257674,1,1,2,33.0,2550.532600221598,518.1031903311664,2582.113335017526,0.996074771917422,0.9500937936194616,1.0138132811883351,0.015174219441793833,-65.34220525392959,-93.55929231143496,28.217087057505367,31.580734795928038,1.238201573788322,218.84900623492368,89.72931962647534,75.55653716553391,23.744482701855972
1378,2576.924657030901,304.64934201298536,1,1,2,32.0,2550.532600221598,518.1031903311664,2576.9246570309006,0.9977748882465831,0.9745674005264112,1.014864385991595,0.011865717619291862,11.920976357801635,-5.142352014336268,17.063328372137903,26.392056809303085,1.0347664957119178,232.68345274640083,83.47929563322043,84.0854871065277,22.014006513615026
1379,2577.0586141780095,331.3916180005934,1,1,2,33.0,2550.532600221598,518.1031903311664,2577.058614178009,0.9976497129848162,0.9732834733300187,1.0143626596135,0.011991432285733048,53.35619976916206,33.2130394805493,20.143160288612762,26.52601395641159,1.04001862019356,208.60030889472628,81.6726943728233,79.40143820692131,21.52227448801611
1380,2577.604656754012,309.3807458969267,1,1,2,32.0,2550.532600221598,518.1031903311664,2577.604656754012,0.9980644965362827,0.973738175664266,1.01492366465552,0.011906590122742063,10.764791567723762,-9.647800408832154,20.412591976555916,27.07205653241408,1.0614275830099948,198.87458756294924,81.55630680259337,89.23672501641715,21.576396728841477
1381,2574.5427565202112,305.8817531634343,14,7,21,32.0,2550.532600221598,518.1031903311664,2574.5427565202117,0.9981808646535201,0.974050677595214,1.015212331422366,0.012011777923557978,13.555557030373592,-5.350605665376861,18.906162695750453,24.01015629861331,0.9413781379045002,223.49036157267017,79.06881095729582,51.194809719288045,21.03611985121998
1382,2581.0985010027835,362.87858589331006,1,1,2,33.0,2550.532600221598,518.1031903311664,2581.0985010027835,0.9972977469187154,0.9736098670906432,1.014448267698313,0.011764437446816328,31.273465308879906,3.430101656141204,27.843363652738702,30.56590078118552,1.1984124719099791,231.41454933800972,84.0607691023783,82.38061226544859,22.374367801555454
1383,2577.3031918257575,307.92255349436516,1,1,2,33.0,2550.532600221598,518.1031903311664,2577.3031918257575,0.9982117423641022,0.9736362030791859,1.0144229095803288,0.012039648586379069,13.853724379460658,-6.379551018941356,20.233275398402014,26.770591604159563,1.0496078976537548,196.92584032350837,81.0589525231772,94.77356538490291,21.58374789363365
1384,2574.2502659218935,269.9876923776059,0,0,0,32.0,2550.532600221598,518.1031903311664,2574.2502659218935,0.9955304796414776,0.974492828180054,1.0129003479315486,0.013086535820756725,10.918760457963401,-4.006754503785771,14.925514961749172,23.717665700295584,0.9299103135648971,214.78007749910395,72.02727283546164,95.94926697176389,19.902414013640733
1385,2577.9904976958633,317.44992861419223,1,1,2,33.0,2550.532600221598,518.1031903311664,2577.9904976958633,0.9979305355585663,0.9739628810670263,1.0143731458467045,0.012437491351835875,25.75196287864557,6.752816628698582,18.99914624994699,27.457897474265337,1.076555440690298,215.2873438590608,81.5622489458065,84.63077504325278,21.555577086630404
1386,2555.4354268493867,337.4871613984765,1,1,2,32.0,2530.9598428300897,515.9379760664823,2555.435426849387,0.9982941228002895,0.9724937309762557,1.0167342759259053,0.011832886563082703,6.869853141846562,-14.015962060841247,20.88581520268781,24.475584019297003,0.9670475052630109,218.9961400973301,87.13513866629133,74.66593840008065,22.727851508381853
1387,2553.1567357723698,308.6625039158175,1,1,2,32.0,2530.9598428300897,515.9379760664823,2553.1567357723698,0.9992791953148088,0.9732347546172175,1.0183805094175373,0.01175612442065744,1.856538270284517,-18.683771853063746,20.540310123348263,22.1968929422801,0.8770148212806014,205.3427495408664,80.51522880516595,77.28868518950355,21.27151680533496
1388,2555.215281747251,335.13925415843346,1,1,2,33.0,2530.9598428300897,515.9379760664823,2555.215281747251,0.9981290425514594,0.9731372203192783,1.0169677378955053,0.011766221667942367,9.059013090035847,-11.248530882792352,20.3075439728282,24.255438917161428,0.9583494177465606,223.2990605058897,83.8923004227012,73.00438806630167,21.999302953431464
1389,2555.41421506966,337.3376526815838,1,1,2,32.0,2530.9598428300897,515.9379760664823,2555.41421506966,0.9983023823922781,0.9725727794505603,1.0167462629141,0.011831546847533752,21.024705658761945,0.06306193520876491,20.96164372355318,24.454372239570148,0.966209412956373,218.6769651995594,87.47794149374319,74.3553149314069,22.927031722992925
1390,2553.6367079692154,351.1500594010957,1,1,2,33.0,2530.9598428300897,515.9379760664823,2553.6367079692154,0.9986011644485182,0.9738782248410683,1.0176424346851245,0.011694570962799833,-14.488002568768195,-34.46318615789619,19.975183589127994,22.676865139125766,0.8959788596949354,199.97538937790839,82.19603060341451,69.96470146688671,21.55573432108301
1391,2556.173451294342,352.46747212954074,1,1,2,32.0,2530.9598428300897,515.9379760664823,2556.1734512943417,0.9973277125203927,0.9723670790384109,1.015220329418614,0.01199734675596466,6.600552154774789,-14.952256827284117,21.552808982058906,25.213608464252502,0.996207369140197,233.2863243917191,89.03116033019242,48.0986310090209,22.996068280497134
1392,2555.215281747251,335.13925415843346,1,1,2,33.0,2530.9598428300897,515.9379760664823,2555.215281747251,0.9981290425514594,0.9731372203192783,1.0169677378955053,0.011766221667942367,9.059013090035847,-11.248530882792352,20.3075439728282,24.255438917161428,0.9583494177465606,223.2990605058897,83.8923004227012,73.00438806630167,21.999302953431464
1393,2554.523783067144,312.9870205033983,1,1,2,33.0,2530.9598428300897,515.9379760664823,2554.523783067145,0.9989496937375121,0.9653743474372355,1.0193906923816447,0.012696018109883703,15.05215614533435,-5.004566830614607,20.056722975948958,23.56394023705434,0.931027819497342,204.96571417749715,83.7476102709954,71.5192741480789,22.017922060084917
1394,2552.423255034115,307.9497446676644,13,7,20,32.0,2530.9598428300897,515.9379760664823,2552.4232550341153,0.998867684225408,0.9734186778474744,1.0177210570553137,0.011857524648392532,7.805192102162891,-11.501597479856002,19.306789582018894,21.46341220402519,0.8480344824446149,216.5575281110689,78.24669977401402,51.598201313451966,20.8493014430512
1395,2555.215281747251,335.13925415843346,1,1,2,33.0,2530.9598428300897,515.9379760664823,2555.215281747251,0.9981290425514594,0.9731372203192783,1.0169677378955053,0.011766221667942367,9.059013090035847,-11.248530882792352,20.3075439728282,24.255438917161428,0.9583494177465606,223.2990605058897,83.8923004227012,73.00438806630167,21.999302953431464
1396,2553.8227544738343,316.78299150195653,1,1,2,32.0,2530.9598428300897,515.9379760664823,2553.8227544738343,0.9989667895045043,0.9731754994912429,1.0179406929435009,0.011719786967321568,6.334184511390646,-14.17371828820734,20.507902799597986,22.86291164374461,0.9033296876879552,215.40221291767813,82.89590798979691,75.94280458609803,21.947504289282723
1397,2551.822189965689,292.9283745884876,11,7,18,32.0,2530.9598428300897,515.9379760664823,2551.8221899656896,0.9999000527147883,0.9743687355040209,1.0190691866090802,0.011725983849106218,4.767209825761427,-13.743440304663295,18.51065013042472,20.86234713559952,0.8242859796728931,211.55203247565214,75.65624049845867,77.15880657753709,20.3344230809998
1398,2553.8227544738343,316.78299150195653,1,1,2,32.0,2530.9598428300897,515.9379760664823,2553.8227544738343,0.9989667895045043,0.9731754994912429,1.0179406929435009,0.011719786967321568,6.334184511390646,-14.17371828820734,20.507902799597986,22.86291164374461,0.9033296876879552,215.40221291767813,82.89590798979691,75.94280458609803,21.947504289282723
1399,2555.3247427495176,325.1270578638997,7,1,8,33.0,2530.9598428300897,515.9379760664823,2555.324742749518,0.9975043539083673,0.9635294224070237,1.016427381777402,0.01349729576645527,-65.04980638658809,-84.68487373603975,19.63506734945166,24.3648999194279,0.9626742987823684,227.87308642821847,81.8644531616494,94.23600982818728,21.749523438291337
1400,2554.6261274350677,333.01303909363025,1,1,2,33.0,2530.9598428300897,515.9379760664823,2554.6261274350677,0.9970933596980176,0.9659845235691629,1.0191177331868146,0.015726773548676857,10.015357037900827,-10.207075619615324,20.22243265751615,23.666284604978046,0.9350715173147387,193.4799046134045,83.19102553003819,70.35193292832793,21.707299298624996
1401,2554.4880780003673,321.0866112967187,1,1,2,32.0,2530.9598428300897,515.9379760664823,2554.4880780003678,0.9986903352875016,0.9738567585866194,1.0175016586069707,0.01164975751155961,14.002149276013483,-5.8576559151769345,19.859805191190418,23.52823517027764,0.9296170872457874,222.67668723751464,84.79985533828318,77.19949058936942,22.178069684309683
1402,2555.5302600896975,333.46387800203496,1,1,2,33.0,2530.9598428300897,515.9379760664823,2555.5302600896975,0.9961326300442059,0.972238104259307,1.0136725403112714,0.013231735976360015,9.77864650605386,-10.054870052256632,19.833516558310492,24.570417259607893,0.9707944331559817,277.7660133719618,76.97844626968374,82.76206310001604,20.52368585950604
1403,2553.830639014346,309.5486336194418,1,1,2,32.0,2530.9598428300897,515.9379760664823,2553.8306390143457,0.9991354075661629,0.973618957018075,1.0184192087390833,0.011558594916009716,10.858136811722119,-10.200851458634531,21.05898827035665,22.870796184256506,0.9036412114181412,201.81030782440695,81.49358118817834,81.18879432638192,21.467803600118398
1404,2537.7974615213393,349.3221470826408,1,1,2,33.0,2508.53669698552,511.76264236005716,2537.797461521339,0.9979298165443554,0.969814942396235,1.0152972045755544,0.012174547597114645,20.436316375886605,-2.9014489066049407,23.337765282491546,29.260764535819362,1.1664475377610257,218.92750802379229,89.4766815424146,96.69462638294259,23.736665469746953
1405,2534.5985780799497,342.0913277601493,1,1,2,33.0,2508.53669698552,511.76264236005716,2534.5985780799497,0.9980410636407551,0.9725672450048447,1.0163897419150207,0.011614811166651409,11.952820403296158,-8.553973222108397,20.506793625404555,26.061881094429737,1.0389276395975393,261.28811734074503,85.06115434887393,69.47480769189758,22.204941227889492
1406,2534.757821411391,311.159247961523,1,1,2,32.0,2508.53669698552,511.76264236005716,2534.7578214113905,0.9983526734506275,0.9734415632950846,1.0166153359337657,0.011561844955632086,15.049960521511082,-3.0860505615908664,18.13601108310195,26.22112442587104,1.045275696280651,249.1244909590141,86.40966301330872,94.95222347794055,22.65035777615511
1407,2533.710004638244,327.9764879148986,1,1,2,32.0,2508.53669698552,511.76264236005716,2533.7100046382434,0.998877466839924,0.9713845585952648,1.017458844567818,0.011733820806967719,8.080521578033853,-14.284491779332114,22.365013357365967,25.173307652723906,1.0035056566234166,227.9484844947639,87.07291651000509,67.63184737467769,22.604454442430715
1408,2532.971779328272,298.0623446972039,1,1,2,32.0,2508.53669698552,511.76264236005716,2532.971779328272,0.999320399599862,0.973596894282521,1.0173917689683174,0.011589126834608027,10.01104524973016,-8.458903027926254,18.469948277656414,24.43508234275214,0.9740771331794946,221.16305721259337,80.16422344988682,95.46188339822659,21.27392658763779
1409,2533.4513973881403,318.8525591283301,1,1,2,33.0,2508.53669698552,511.76264236005716,2533.4513973881412,0.9972181433280021,0.9685308704777852,1.018349545562854,0.014507279994949726,9.263513721700633,-9.731367328766424,18.994881050467058,24.914700402620383,0.993196568842708,277.12930209736226,82.50908803246392,82.31868912654268,21.625378651081178
1410,2538.3317497246862,359.86030740382284,1,1,2,32.0,2508.53669698552,511.76264236005716,2538.3317497246862,0.9976044010647747,0.9701724521917858,1.0150300543277044,0.0122022432517764,10.982480026476935,-11.165319328334647,22.147799354811582,29.795052739166294,1.1877463373356536,242.71287489000633,90.6819997780204,90.45534078100331,23.78734767872704
1411,2534.2279759739986,339.96206544044315,1,1,2,33.0,2508.53669698552,511.76264236005716,2534.227975973999,0.9983310000708975,0.9708288354946237,1.0171272625639511,0.011596168434388737,12.472652525575029,-10.449718800876013,22.922371326451042,25.691278988478643,1.0241540025845173,230.08087182081627,88.21629086824542,63.799342343051265,23.020946736865568
1412,2532.8157728814713,298.6713557117015,1,1,2,33.0,2508.53669698552,511.76264236005716,2532.8157728814713,1.0000149890653136,0.9735149805175519,1.0286707841990315,0.012939816073593595,27.61493235474032,8.147715819771378,19.46721653496894,24.279075895951337,0.9678581112696987,203.19139365207394,82.09400993248478,78.37996335591411,21.3891482330423
1413,2533.819106313978,330.69431956519765,1,1,2,32.0,2508.53669698552,511.76264236005716,2533.8191063139775,0.9986012062146318,0.971909946239766,1.0169129277576952,0.011696537704412908,10.337542363125806,-10.344093036036412,20.681635399162218,25.282409328458016,1.0078548724776322,235.61695398861934,87.76694431454251,64.04152962787109,22.71695183720956
1414,2533.6925940026754,325.14016360349075,1,1,2,32.0,2508.53669698552,511.76264236005716,2533.6925940026754,0.9986191321355781,0.9716507184002766,1.0172235794948186,0.011602212195881251,-29.297428509378904,-50.9349051204062,21.637476611027296,25.15589701715544,1.0028116011770924,227.093768493227,86.55861178859155,67.30786580647306,22.417242169301595
1415,2533.819106313978,330.69431956519765,1,1,2,32.0,2508.53669698552,511.76264236005716,2533.8191063139775,0.9986012062146318,0.971909946239766,1.0169129277576952,0.011696537704412908,10.337542363125806,-10.344093036036412,20.681635399162218,25.282409328458016,1.0078548724776322,235.61695398861934,87.76694431454251,64.04152962787109,22.71695183720956
1416,2532.971779328272,298.0623446972039,1,1,2,32.0,2508.53669698552,511.76264236005716,2532.971779328272,0.999320399599862,0.973596894282521,1.0173917689683174,0.011589126834608027,10.01104524973016,-8.458903027926254,18.469948277656414,24.43508234275214,0.9740771331794946,221.16305721259337,80.16422344988682,95.46188339822659,21.27392658763779
1417,2534.865152106611,339.04963886034113,1,1,2,32.0,2508.53669698552,511.76264236005716,2534.8651521066104,0.9983061139345192,0.9713498142042216,1.0165947388840737,0.011739070100083144,13.538877404175395,-8.232209220412386,21.77108662458778,26.328455121090883,1.0495543139843035,231.53387253110026,89.49770222384788,68.83849783474454,23.347491035993233
1418,2534.4011917692987,315.9976052055536,1,1,2,33.0,2508.53669698552,511.76264236005716,2534.4011917692983,0.998607132682686,0.9740938005342406,1.0166427815414,0.011611921384889728,-72.63935412786128,-91.05574665492718,18.416392527065895,25.86449478377881,1.0310590558575397,253.5834234068141,81.63694892815236,99.83622448166965,22.31671353796625
1419,2532.1713776904103,310.34668247815944,1,1,2,32.0,2508.53669698552,511.76264236005716,2532.17137769041,0.9993421405673765,0.9725538371817013,1.0179987447564904,0.011544210354568004,20.737907473616247,-0.384281724057729,21.122189197673976,23.634680704890343,0.9421700202070741,227.1577471520488,83.5089339350809,67.1198708349115,21.794975936887067
1420,2534.822636471952,322.69052499764064,1,1,2,33.0,2508.53669698552,511.76264236005716,2534.8226364719526,0.9985763556818333,0.9732591603033914,1.0164451805403403,0.011936243900899429,-9.68851762737242,-28.60053249546951,18.91201486809709,26.2859394864322,1.047859475925535,252.5682359733433,84.32551837043488,91.4988825937774,22.097640508867617
1421,2533.9059543830717,291.6874304718277,1,1,2,32.0,2510.7714662457706,511.4644915914982,2533.9059543830717,0.9995562811857743,0.9743858524421976,1.0188998618040994,0.011847961088929328,-29.893000651306664,-48.171890796886316,18.278890145579652,23.134488137301105,0.9214095527337234,221.808841540279,76.7344009100053,72.88858183280202,20.40996620040206
1422,2536.6639016442396,312.8677957877462,1,1,2,32.0,2510.7714662457706,511.4644915914982,2536.6639016442396,0.9986007669275168,0.9734575826736014,1.0179143958389811,0.011802420624815244,16.772641197953646,-3.492572849951557,20.265214047905204,25.892435398468933,1.031254168153527,209.28727989046087,83.39325140960351,80.38349649531523,21.764144505361553
1423,2535.1630846784915,340.26840997961256,1,1,2,33.0,2510.7714662457706,511.4644915914982,2535.163084678492,0.99846180101882,0.9747634651935385,1.0170551704210744,0.011632245128602484,11.491496912629714,-6.810534179339271,18.302031091968985,24.39161843272086,0.9714790358515748,199.37047647486003,80.91517276704568,66.81064098267234,21.17345390586895
1424,2534.329084860341,303.5127640677022,14,7,21,32.0,2510.7714662457706,511.4644915914982,2534.3290848603415,0.9986331701738177,0.9736459592548241,1.017598490287723,0.011950072575210876,13.721179208235412,-5.02486750941469,18.746046717650103,23.5576186145704,0.9382621609044696,226.83745580780013,78.74009437813143,50.30493026912577,20.802873894894223
1425,2537.232268731373,331.6936894319225,1,1,2,32.0,2510.7714662457706,511.4644915914982,2537.2322687313726,0.9976620436060036,0.9727435345751843,1.0162478756308722,0.012036300911513231,17.015758095229643,-3.109889247099943,20.125647342329586,26.46080248560247,1.053891317522736,228.565546341083,86.0649432613444,48.13841390663035,22.15662640955814
1426,2536.791250271755,320.039405031095,1,1,2,33.0,2510.7714662457706,511.4644915914982,2536.7912502717554,0.9979861653909105,0.9744354417893992,1.0173970614714292,0.011696683053423633,9.362817824392607,-9.684982806758939,19.047800631151546,26.019784025984336,1.036326259708949,272.5913398660071,79.95551827296045,77.67287770327847,21.102871047119013
1427,2535.5690360468466,303.94034665432935,1,1,2,32.0,2510.7714662457706,511.4644915914982,2535.569036046846,0.9988177644735629,0.9733735967468565,1.0182206784388583,0.01180593440699586,15.77331155753879,-4.019173659786588,19.79248521732538,24.79756980107595,0.9876474276710856,204.67574253531993,81.03588730266465,78.24267365716065,21.245203010886257
1428,2537.4079773148333,334.95686092803203,1,1,2,33.0,2510.7714662457706,511.4644915914982,2537.4079773148337,0.997165111521682,0.9725652861643592,1.0131448968164836,0.012053177255921822,-10.487526598646525,-33.858228808396234,23.37070220974971,26.636511069062635,1.060889508549771,243.7806957648223,82.52669770931917,66.38476610030818,21.752686138350974
1429,2536.9172255240014,314.57330546467176,1,1,2,32.0,2510.7714662457706,511.4644915914982,2536.917225524002,0.9985530857870817,0.974886540855916,1.0175168783671236,0.011664046814517118,6.069126835669493,-13.283598911415623,19.352725747085117,26.1457592782308,1.0413436519304256,234.39818448608358,84.62521385733585,75.98259069770296,22.004338559322683
1430,2536.3973262553054,311.1869786308212,1,1,2,33.0,2510.7714662457706,511.4644915914982,2536.397326255305,0.9985197517976996,0.9595783838708121,1.0192306945964882,0.013382397040530306,16.927213945062732,-4.5712912320829275,21.49850517714566,25.62586000953479,1.020636898022895,227.89374050346223,83.62014670558658,65.54475187568363,21.940045595163635
1431,2541.5787131893385,341.05623929134424,1,1,2,33.0,2510.7714662457706,511.4644915914982,2541.578713189338,0.9979023427278267,0.9705183890004765,1.0247314595361474,0.01426901085988514,112.00684177011073,87.01066906771337,24.99617270239736,30.80724694356786,1.22700322820031,218.66997273867645,85.65875138335684,99.39257027328205,23.57777449292577
1432,2537.564884771178,331.6177928066546,1,1,2,33.0,2510.7714662457706,511.4644915914982,2537.564884771178,0.9984953068239492,0.974506185428535,1.0178132240838798,0.011596264187837246,4.114511472375739,-18.593572969247077,22.708084441622816,26.79341852540756,1.0671388808424846,224.05916533847608,81.91573377801286,77.63088262631025,21.503306799916793
1433,2542.5583628032878,359.23406865149747,1,1,2,33.0,2510.7714662457706,511.4644915914982,2542.5583628032878,0.996352380872778,0.9762073768041246,1.0135090310799277,0.011877433829482498,17.3916408938276,-6.136582767197581,23.52822366102518,31.78689655751714,1.2660211008788655,265.6745255428796,84.59019779442595,93.65553063605235,22.54589069677634
1434,2537.1704054015386,315.9525520683545,1,1,2,33.0,2510.7714662457706,511.4644915914982,2537.170405401538,0.9985451766695358,0.9721444309974614,1.0181723472615372,0.011960244889636757,6.924010245864423,-14.788014749815346,21.71202499567977,26.39893915576795,1.051427400329706,208.9158126524523,83.98447594762756,90.95766035904438,21.950508339244234
1435,2539.7049661601604,332.48467912409143,1,1,2,33.0,2510.7714662457706,511.4644915914982,2539.70496616016,0.9964713804079942,0.9731545145294241,1.013174816585496,0.012262525573993696,-4.585586256621241,-27.532690321917926,22.947104065296685,28.933499914389813,1.1523748896849066,279.8192677941272,81.89736353169675,81.19368861805009,21.885870679913204
1436,2536.791250271755,320.039405031095,1,1,2,33.0,2510.7714662457706,511.4644915914982,2536.7912502717554,0.9979861653909105,0.9744354417893992,1.0173970614714292,0.011696683053423633,9.362817824392607,-9.684982806758939,19.047800631151546,26.019784025984336,1.036326259708949,272.5913398660071,79.95551827296045,77.67287770327847,21.102871047119013
1437,2534.4213901113567,304.48896743164283,9,1,10,32.0,2510.7714662457706,511.4644915914982,2534.4213901113567,0.9986042789679779,0.9735436709933858,1.0175728689843773,0.011955348111922207,12.573963524770107,-6.324493967231518,18.898457492001626,23.64992386558606,0.9419385309865973,224.00042084117126,79.0926891223057,50.30509898987964,20.86807879386198
1438,2515.388541627351,318.06218044390226,1,1,2,32.0,2488.62549967435,509.00559327014025,2515.388541627351,0.9991360628688644,0.9739019626287376,1.01800755708232,0.011307238507047372,29.751867481179147,8.328328233696254,21.423539247482893,26.763041953000993,1.0754145996054079,207.4573412117232,83.0954245991495,88.63221279427086,21.579129816487292
1439,2513.48001725969,312.58206763074946,1,1,2,32.0,2488.62549967435,509.00559327014025,2513.48001725969,0.9993698825798255,0.9741743623553982,1.0187391831108084,0.011293098236655433,30.144288215261582,8.848178670478916,21.296109544782666,24.85451758534009,0.998724701189168,192.34495470751364,82.25967004327028,79.3820357561703,21.554607451924866
1440,2519.6597072950876,365.5953887688622,1,1,2,32.0,2488.62549967435,509.00559327014025,2519.659707295088,0.9969793997036319,0.9718543608797777,1.013715047866187,0.012467441557531773,13.098868044006963,-8.051539207201841,21.150407251208804,31.03420762073756,1.2470420971254434,231.34832889813904,88.28138090857789,97.85999848685175,23.52285942746167
1441,2513.544429182762,307.38857832441937,1,1,2,32.0,2488.62549967435,509.00559327014025,2513.5444291827625,0.9996137389649441,0.9746593721522074,1.0186258045758547,0.011383909343535678,18.443484351384427,-1.8600981484046315,20.30358249978906,24.91892950841202,1.0013129541456838,205.2340991398674,79.66020395578288,93.44285757177785,21.074820859591863
1442,2515.071761602511,341.1526426538329,1,1,2,33.0,2488.62549967435,509.00559327014025,2515.071761602511,0.9980969440500277,0.9737198407564677,1.0173372421474955,0.011511281753597932,2.917345115156678,-17.64074024097644,20.55808535613312,26.446261928160766,1.0626854836784965,213.90739814888136,85.43863921022297,57.97081292765608,22.057236769030887
1443,2510.952248764911,331.9438031329032,1,1,2,33.0,2488.62549967435,509.00559327014025,2510.952248764911,0.9995354001999942,0.9757416576023624,1.0188584946765549,0.011075041564007184,8.734697560420898,-9.145358086711639,17.880055647132536,22.326749090560952,0.8971518251132011,189.03211339268876,78.16859628662046,70.04275063026496,20.644925258383193
1444,2516.9599865243295,353.5024550137702,1,1,2,33.0,2488.62549967435,509.00559327014025,2516.9599865243295,0.996621865265085,0.9706341843490165,1.0133585974988806,0.012542752970218757,147.27281854630263,124.52188300564973,22.750935540652904,28.334486849979385,1.1385596930388724,283.1921875097351,80.013089223679,75.8434110240988,21.017793349965416
1445,2511.079504028864,295.06521521467096,1,1,2,32.0,2488.62549967435,509.00559327014025,2511.079504028864,1.0001714202591985,0.9752150815430425,1.0197989214298095,0.011277017270454357,48.781873479949155,29.57050756154814,19.211365918401015,22.454004354513927,0.902265300964414,200.55345147636615,77.94267340411409,72.33072013178983,20.54528452339937
1446,2514.587732674294,337.23452192392693,1,1,2,32.0,2488.62549967435,509.00559327014025,2514.5877326742943,0.9980851021490805,0.973481394887009,1.0169548386318532,0.01173313203208432,15.155066804585289,-6.098307398860726,21.253374203446015,25.962232999943808,1.0432358345336052,210.4365736735882,86.40086702589436,50.641370709926456,22.234907369018583
1447,2513.7244913543127,310.8692972557903,1,1,2,33.0,2488.62549967435,509.00559327014025,2513.7244913543122,0.9998989073189332,0.9730531965354293,1.0283272670055923,0.012910549499389988,15.032010292144975,-5.60032332172662,20.632333613871594,25.098991679962637,1.0085483606612153,188.11474281736596,83.39539715773685,71.33294525169788,21.65893232081951
1448,2511.926650815966,292.9072236229205,11,10,21,33.0,2488.62549967435,509.00559327014025,2511.9266508159662,0.9999775613793341,0.9762021021095258,1.0185314516590414,0.011401465843664312,12.066956546447955,-4.113445881144941,16.180402427592895,23.30115114161572,0.9363060510576943,216.10926056659417,76.0355699087869,99.84234241478045,20.725455516267278
1449,2513.2067806505775,314.5099007318201,1,1,2,33.0,2488.62549967435,509.00559327014025,2513.2067806505775,0.9994503997365722,0.9756450088310318,1.0183787856046123,0.011250280738905194,3.437858468770685,-15.327545031345522,18.765403500116207,24.58128097622739,0.9877452826648278,215.74069811353777,80.77488373539796,77.61585181588853,21.276224915082974
1450,2517.6321171032946,362.22859234022326,1,1,2,33.0,2488.62549967435,509.00559327014025,2517.6321171032946,0.9961507004953306,0.9711050698309348,1.013674165826803,0.01299080802191886,11.531304374467197,-11.187950201065775,22.719254575532972,29.006617428944537,1.1655677976754721,244.97809360040063,87.85483368357428,97.04116069619171,23.16094417757953
1451,2513.544429182762,307.38857832441937,1,1,2,32.0,2488.62549967435,509.00559327014025,2513.5444291827625,0.9996137389649441,0.9746593721522074,1.0186258045758547,0.011383909343535678,18.443484351384427,-1.8600981484046315,20.30358249978906,24.91892950841202,1.0013129541456838,205.2340991398674,79.66020395578288,93.44285757177785,21.074820859591863
1452,2513.5054920187895,319.7971442360204,1,1,2,33.0,2488.62549967435,509.00559327014025,2513.5054920187895,0.9989769801942806,0.9599589583295549,1.0199460113762544,0.013175256906819715,35.98871073319566,12.32893760265469,23.65977313054097,24.879992344439415,0.9997483489458375,196.47815624454597,84.21950327274367,58.36530799892032,22.092765630740047
1453,2515.388541627351,318.06218044390226,1,1,2,32.0,2488.62549967435,509.00559327014025,2515.388541627351,0.9991360628688644,0.9739019626287376,1.01800755708232,0.011307238507047372,29.751867481179147,8.328328233696254,21.423539247482893,26.763041953000993,1.0754145996054079,207.4573412117232,83.0954245991495,88.63221279427086,21.579129816487292
1454,2514.2883975709838,312.4627440973643,1,1,2,33.0,2488.62549967435,509.00559327014025,2514.2883975709838,0.9996508233594446,0.9638935966351843,1.028219438709627,0.013776495837333917,-47.36770810234731,-68.88958689267251,21.521878790325204,25.662897896633694,1.0312077048150403,198.86899901838646,79.78487462820326,97.31193990626755,21.19838282980684
1455,2513.9979275088685,321.5481187697543,1,1,2,33.0,2488.62549967435,509.00559327014025,2513.997927508868,0.9967350286168083,0.9503229919163232,1.016108338323514,0.01519045885934361,10.199362395872356,-9.727828118192576,19.927190514064932,25.372427834518476,1.0195357974849406,203.84264200360528,81.99626331445954,82.01665400864367,21.690525584475125
1456,2504.0924124377143,370.33505117084246,1,1,2,33.0,2471.777737861081,503.2409085568489,2504.092412437714,0.995223420360546,0.9664481309110105,1.0130798975580801,0.01370000672165351,109.19677583510327,83.00673067678821,26.19004515831506,32.31467457663348,1.3073454818229953,296.0526045627409,81.04753280017235,67.93314087381754,21.006019958355374
1457,2498.0534614579333,319.47046022322354,1,1,2,33.0,2471.777737861081,503.2409085568489,2498.0534614579333,0.9989284235685013,0.9715347435945892,1.0171384430883146,0.011889280794124846,15.275330169558544,-6.759480179200125,22.03481034875867,26.27572359685246,1.0630293814196174,205.30121319315984,84.98787802577438,73.75024011316393,21.99389271735142
1458,2501.0751116055726,345.60972414985633,1,1,2,33.0,2471.777737861081,503.2409085568489,2501.0751116055726,0.9966625186749862,0.9706185525141713,1.0133916295097716,0.012218551361491576,45.22534095887448,18.41994773305413,26.805393225820353,29.29737374449178,1.185275411123488,245.6583347536358,85.90394094883543,82.76143160205619,22.90929436701181
1459,2499.0101724382566,340.6278452212621,1,1,2,33.0,2471.777737861081,503.2409085568489,2499.0101724382566,0.9979534277440782,0.9719046026015076,1.0162628860499603,0.011850785869118679,13.885943159919066,-8.849047544156662,22.734990704075727,27.23243457717581,1.1017347619912228,208.17150820067133,84.9982022417269,58.20522582863564,22.015087626048626
1460,2497.0119189059733,302.61531192435865,1,1,2,33.0,2471.777737861081,503.2409085568489,2497.0119189059733,0.9992652544867671,0.9746602583191067,1.0169543075779315,0.01174206952559813,14.371367360570133,-3.8556179918035127,18.226985352373646,25.234181044892466,1.0208919943881574,216.27020584576871,80.524144107652,91.33075615459063,21.556256387208734
1461,2496.5827085830642,311.83220679072383,1,1,2,32.0,2471.777737861081,503.2409085568489,2496.5827085830642,0.9989534446851337,0.97191869803596,1.0172532246616903,0.011900310261353067,48.72349184088489,26.73417049185494,21.98932134902995,24.80497072198341,1.0035275559787205,209.8209747689785,82.92810134354289,66.70547330974453,21.74433949382334
1462,2500.165565231824,346.4449351221985,1,1,2,33.0,2471.777737861081,503.2409085568489,2500.165565231824,0.9966401806934289,0.9704420621505148,1.0130801864324623,0.012786220525370127,1.5461477273685773,-21.44080413020157,22.986951857570148,28.387827370743253,1.1484781554553636,245.8702149864914,86.66237927397754,82.31203766554897,22.366066801782495
1463,2496.5072429460083,308.8741340453819,2,1,3,32.0,2471.777737861081,503.2409085568489,2496.5072429460083,0.9991060121464411,0.9725858077519176,1.0173409422481836,0.011802655474307243,37.050166157034965,15.860397669229258,21.189768487805708,24.729505084927496,1.000474464436549,209.98559926612876,82.86377933613183,60.74115623134239,21.639004775987843
1464,2498.837228231138,336.8096279404159,1,1,2,33.0,2471.777737861081,503.2409085568489,2498.837228231138,0.9981729582539565,0.9715683101895247,1.0163423569063421,0.011864564001557543,6.5354979934855635,-15.940732616759306,22.47623061024487,27.05949037005712,1.0947380080165574,208.3005068790969,86.28059560729965,59.23251380764174,22.307835470106006
1465,2499.425973890082,342.00737404057855,1,1,2,33.0,2471.777737861081,503.2409085568489,2499.425973890082,0.9957879633327781,0.9721088177152071,1.0132997268267647,0.012834514226013545,15.475756717066758,-5.119332977806351,20.59508969487311,27.648236029001055,1.1185567215653491,260.931235581871,83.73785165692443,79.84583493773798,21.7746768912243
1466,2496.176639158656,297.94736454969365,1,1,2,32.0,2471.777737861081,503.2409085568489,2496.1766391586566,0.9989089277708074,0.9732135447841568,1.0175012282651612,0.011593999983945991,-7.638680815038583,-26.82584381770934,19.187163002670758,24.39890129757532,0.9870993222347159,211.3002444274955,82.8306848848132,74.16125396445409,21.67376315470241
1467,2503.796572268974,357.13599357013044,1,1,2,33.0,2471.777737861081,503.2409085568489,2503.7965722689746,0.9968362017609653,0.9670448465226344,1.013658560237203,0.013841016088903294,12.331878618527867,-16.296997095835366,28.628875714363232,32.01883440789334,1.2953767613264613,210.38548957826353,83.27909846327397,71.78438740464568,21.405850678658553
1468,2497.5330677755533,301.6690199151948,1,1,2,32.0,2471.777737861081,503.2409085568489,2497.5330677755537,0.999188544050599,0.9737592281392669,1.017123492403942,0.011642103838567676,36.8810701881701,16.9365699222233,19.9445002659468,25.75532991447244,1.0419759640994042,198.29190073278778,82.66964341970979,86.09560047133618,21.783521964940963
1469,2495.562950424651,281.31680013521003,12,1,13,32.0,2471.777737861081,503.2409085568489,2495.562950424651,0.9985129248674386,0.9747684572330224,1.0171306607235557,0.01093116933674092,43.87138304222805,26.224452953741945,17.6469300884861,23.785212563569985,0.9622714938824635,221.75274505946692,77.8603148651899,88.85212700813835,20.970291724761836
1470,2498.4151684304206,326.43526115450015,1,1,2,32.0,2471.777737861081,503.2409085568489,2498.4151684304206,0.998500608398461,0.9719428799681394,1.0166782312980363,0.011853696382441334,13.454188174075028,-9.104716845360144,22.558905019435173,26.637430569339813,1.0776628562238832,209.49222398482758,86.87859055844292,58.07982276473654,22.561314071560492
1471,2499.3966565501364,333.4837756530142,1,1,2,33.0,2471.777737861081,503.2409085568489,2499.396656550137,0.9981668523023156,0.9729024800304412,1.0157044253374485,0.01229344290876654,11.122354399018406,-9.277276959859876,20.39963135887828,27.61891868905559,1.1173706383873836,230.32720415585607,85.72312372133564,68.48296299703674,22.34425724113158
1472,2497.9796988171206,341.45060519234175,1,1,2,33.0,2471.777737861081,503.2409085568489,2497.979698817121,0.9980709373209806,0.9707400825069373,1.0161538354694595,0.012007290135294911,23.137401238086113,0.6791974332905397,22.458203804795573,26.201960956039784,1.0600451875059484,241.06630796945413,84.76445882273273,55.174011922731445,21.95568818656856
1473,2493.8440252165283,281.65441788656085,11,7,18,32.0,2471.777737861081,503.2409085568489,2493.844025216528,1.0001793905635736,0.9740189730194753,1.018622495256427,0.011653648295239112,14.406694988363341,-4.49742637472076,18.9041213630841,22.066287355447457,0.892729431835656,203.7003056887996,76.36486727714853,73.20509182545707,20.364633366309057
1474,2480.863922305061,324.7697092717818,1,1,2,33.0,2451.898162800111,500.45490274870104,2480.8639223050614,0.9982998068388795,0.9708555567639334,1.0170720235984345,0.011962983758832067,-20.989000124466656,-42.54636988304645,21.557369758579796,28.9657595049498,1.1813606268161803,218.45400174519423,86.4727806401507,70.03520045526558,22.604880682180188
1475,2479.990290767993,319.28712264916055,1,1,2,33.0,2451.898162800111,500.45490274870104,2479.9902907679925,0.9980063938885916,0.9685734351941406,1.0170560979377306,0.012938211406500156,7.777388437864545,-13.579257550877713,21.356645988742258,28.09212796788188,1.1457298020811832,214.5557519722167,85.85990499140618,75.31455374198143,22.124851454134348
1476,2478.191687685333,295.998948228925,1,1,2,33.0,2451.898162800111,500.45490274870104,2478.191687685333,0.9993203606670965,0.9637410690320529,1.019306714107042,0.01303695017001306,10.44996730295523,-13.949122979192737,24.399090282147966,26.293524885221814,1.0723742643207557,233.8500992927842,82.01328621941305,59.60307503981323,21.326614804765647
1477,2477.8637698522293,299.85888367544044,1,1,2,32.0,2451.898162800111,500.45490274870104,2477.86376985223,0.9993918898709012,0.9721295356711399,1.0178994378467183,0.011696316841006941,-6.06038324888641,-26.55388319029217,20.49349994140576,25.96560705211823,1.0590002246449357,213.5252457948214,83.79072550726595,62.50914455861153,21.756356593369706
1478,2481.5939654095346,326.94403867068746,1,1,2,33.0,2451.898162800111,500.45490274870104,2481.5939654095346,0.9987152159318216,0.971132921816593,1.0171326624578483,0.01210672675204717,23.935574049910713,3.24549724645874,20.690076803451973,29.69580260942348,1.2111352363635832,229.91942818263627,87.94368884836653,80.76528981082201,23.004047977579603
1479,2477.914010815785,293.9674644069683,6,1,7,32.0,2451.898162800111,500.45490274870104,2477.914010815785,0.9990731569483682,0.972571129410048,1.0177294981188545,0.011491398544130527,6.6189035545007755,-12.380895856443345,18.99979941094412,26.015848015673782,1.0610492886851068,229.1228199332875,84.6517687301267,73.22467470546857,21.87077562999346
1480,2483.123253792316,331.36248802612306,1,1,2,33.0,2451.898162800111,500.45490274870104,2483.1232537923165,0.9981744762622097,0.9719995095411963,1.0170483930575764,0.011160226302069856,21.366368063734285,-2.4263633161940277,23.792731379928313,31.22509099220497,1.2735068473050024,293.87190769689107,85.60891711928628,82.99579855025611,22.215224840468597
1481,2475.6919066097457,274.9834874029651,14,7,21,32.0,2451.898162800111,500.45490274870104,2475.691906609746,0.9990231269670223,0.9725097599568832,1.0177364537432274,0.011352882854154067,29.18640856475659,9.770682319296327,19.415726245460263,23.793743809634634,0.9704213727401205,208.56744876667054,78.03954817106313,77.67673548198252,20.59660996800904
1482,2478.749849542499,297.1773373633078,1,1,2,33.0,2451.898162800111,500.45490274870104,2478.749849542499,0.999552112795158,0.9731974708193107,1.0175722734496138,0.011821879695771944,10.136961091156024,-7.981413639647741,18.118374730803765,26.851686742387756,1.0951387439241218,228.0183280269144,81.8268279246328,94.74040899236049,21.85577570185832
1483,2480.607653621595,321.4495460879103,1,1,2,33.0,2451.898162800111,500.45490274870104,2480.607653621595,0.997994444817652,0.9714791030879373,1.0145134139339425,0.011870586135314888,11.024355707780387,-11.491140600121497,22.515496307901884,28.709490821483996,1.170908778229894,225.00399629708713,87.54396372507954,69.11573586859159,22.617585067063747
1484,2486.0949090288514,365.6103948077365,1,1,2,33.0,2451.898162800111,500.45490274870104,2486.0949090288514,0.9973576262278548,0.9653023640924073,1.023088293435994,0.014545402866859635,21.43688123093108,-2.24534668424522,23.6822279151763,34.19674622874027,1.394704998256819,227.1050481893366,93.16346584039603,83.65482515834216,24.424300942700757
1485,2476.396275855638,285.825120313399,1,1,2,32.0,2451.898162800111,500.45490274870104,2476.396275855638,0.9997914845401454,0.972756100140138,1.0184558856986223,0.011572079450577949,28.729517172036196,9.164694496399761,19.564822675636435,24.49811305552703,0.9991488809449471,222.14535451210753,78.66466893496528,69.70486191808403,20.706512129972747
1486,2479.990290767993,319.28712264916055,1,1,2,33.0,2451.898162800111,500.45490274870104,2479.9902907679925,0.9980063938885916,0.9685734351941406,1.0170560979377306,0.012938211406500156,7.777388437864545,-13.579257550877713,21.356645988742258,28.09212796788188,1.1457298020811832,214.5557519722167,85.85990499140618,75.31455374198143,22.124851454134348
1487,2481.2698072722674,340.45092855138546,1,1,2,33.0,2451.898162800111,500.45490274870104,2481.2698072722674,0.9976457641196631,0.970546758325743,1.0142863409801328,0.012067625178907516,-42.18994246016683,-65.97752839199501,23.787585931828175,29.371644472156277,1.1979145348603442,230.57001189880611,88.88806423704672,66.08158483035662,22.92066788053878
1488,2481.6291512149123,318.63179121615894,1,1,2,33.0,2451.898162800111,500.45490274870104,2481.629151214912,0.9992172430181597,0.9727287025595434,1.0175623482553526,0.011349146373995022,18.77558672180649,-8.696762546919643,27.472349268726134,29.73098841480123,1.2125702798703482,214.13096520512,78.95276133622411,99.26647755469641,21.39525132450157
1489,2480.2359309560666,316.02459165180875,1,1,2,32.0,2451.898162800111,500.45490274870104,2480.2359309560666,0.9988959381311054,0.9710935102322593,1.0176422635374383,0.011766905221498071,12.184451715718609,-10.357384722585266,22.541836438303875,28.337768155955473,1.155748170372347,217.63976661047843,87.94827286413718,71.49179594596563,22.869697724606876
1490,2479.06079676604,322.46434199391126,1,1,2,33.0,2451.898162800111,500.45490274870104,2479.06079676604,0.9987746433417467,0.9715307822635971,1.017337767280407,0.01158812851072169,54.92031902128585,32.742677218990934,22.177641802294914,27.162633965928762,1.1078206419025394,219.20891486077042,84.64254218346483,72.30351738021807,21.973082604646372
1491,2462.059942791831,310.8045967022816,1,1,2,32.0,2437.2868849218535,497.47158912575526,2462.059942791831,0.9993256471937021,0.9734959190976002,1.018710283217017,0.011654237500031726,0.2537133721403393,-21.347365686576097,21.601079058716437,24.773057869977492,1.0164194466902812,211.30845411071496,83.41688839881517,61.250673201232594,21.643778581823113
1492,2463.8777608726673,329.8456365083923,1,1,2,33.0,2437.2868849218535,497.47158912575526,2463.8777608726677,0.9985573589208956,0.9733414465029868,1.017689776942558,0.011919811551615986,24.938019776798626,1.1596486792568612,23.778371097541765,26.590875950813825,1.0910031197113836,219.77918720286377,85.80310771132041,56.96635385000728,22.28583435665828
1493,2465.1100644362573,325.2310143951678,1,1,2,33.0,2437.2868849218535,497.47158912575526,2465.1100644362577,0.9987208263571524,0.9606173344925278,1.0194766993737707,0.013370087085770319,179.60672307812615,-178.30145996919293,357.9081830473191,27.82317951440382,1.141563583939603,222.18665243059849,86.90413689366069,66.09596127698211,22.72328193667076
1494,2464.220839180554,333.07392098522587,1,1,2,32.0,2437.2868849218535,497.47158912575526,2464.2208391805543,0.9985130612414327,0.9723706676899617,1.0175211177606198,0.011853221677653117,33.37428717180626,10.415076338496107,22.959210833310152,26.933954258700396,1.105079357925646,215.2039566208736,87.95427227845876,56.401331476377734,22.87379933870789
1495,2463.8777608726673,329.8456365083923,1,1,2,33.0,2437.2868849218535,497.47158912575526,2463.8777608726677,0.9985573589208956,0.9733414465029868,1.017689776942558,0.011919811551615986,24.938019776798626,1.1596486792568612,23.778371097541765,26.590875950813825,1.0910031197113836,219.77918720286377,85.80310771132041,56.96635385000728,22.28583435665828
1496,2463.797805085156,327.735199221848,1,1,2,32.0,2437.2868849218535,497.47158912575526,2463.797805085156,0.9987131961883521,0.972440531557977,1.0180461679179842,0.01179277003876481,15.01678707940593,-8.061382887941363,23.078169967347293,26.51092016330267,1.0877225954527996,211.34604057738224,87.07624597362715,52.89211753705606,22.395347087521117
1497,2463.0952580909325,326.7701307152229,1,1,2,33.0,2437.2868849218535,497.47158912575526,2463.0952580909325,0.998556862919024,0.9666464137258827,1.019241951852546,0.0132642950905302,74.90568403866439,52.76867787626264,22.137006162401747,25.808373169079005,1.0588976344451342,212.25410412812784,85.24667248793135,54.1236621328,21.918018778967085
1498,2466.975093767279,355.3980626770658,1,1,2,32.0,2437.2868849218535,497.47158912575526,2466.975093767279,0.9969051533723045,0.9710875599106638,1.015047117435859,0.012565195830044642,22.577095129911356,-3.2609447270683063,25.838039856979663,29.68820884542538,1.2180842981222242,223.20251089679445,88.89588379587339,48.66683830088825,22.68078352761602
1499,2463.758541870146,327.9007338638419,1,1,2,33.0,2437.2868849218535,497.47158912575526,2463.7585418701465,0.998505986511899,0.9731382416919481,1.0178479146285115,0.01170818580242838,9.535342394000907,-11.993944004368586,21.529286398369493,26.471656948292548,1.0861116560409059,220.53758231371927,84.29347643526002,62.357708005220466,21.85707432308782
1500,2461.3328454937064,303.44675900829617,1,1,2,32.0,2437.2868849218535,497.47158912575526,2461.3328454937064,0.9996259389338172,0.9734614351789886,1.0190975437575154,0.011650413871490429,-0.7456335850816913,-22.125210345416775,21.379576760335084,24.045960571852902,0.9865872056593734,207.94154972095367,82.29785243733738,67.28064988803393,21.40077640184316
1501,2460.5024225141697,292.49983843383404,1,1,2,32.0,2437.2868849218535,497.47158912575526,2460.502422514169,0.9998340468633821,0.9746649043656953,1.0193288210463056,0.01146302865641622,-44.414631827539836,-63.85436859883555,19.439736771295713,23.215537592316196,0.9525155916579986,206.25681977459496,79.28823224857096,69.3455716789165,20.813387222860587
1502,2462.0697015836504,309.68012100023634,1,1,2,32.0,2437.2868849218535,497.47158912575526,2462.0697015836504,0.999372421863697,0.9737804092399848,1.018667996721895,0.01165688297537661,13.575551851528843,-7.414497927149398,20.99004977867824,24.782816661796915,1.016819842387636,213.1445995913461,82.86490770997659,63.22902156077282,21.559873411365047
1503,2461.389262674819,289.1280578831262,1,1,2,32.0,2437.2868849218535,497.47158912575526,2461.3892626748193,0.9998441810543711,0.9759033612215989,1.0187952868699954,0.011324288555897392,16.874239646907427,-1.582586661869641,18.456826308777067,24.102377752965367,0.9889019590624909,231.04725685285356,79.25984495045688,93.31536150177881,21.142392052409015
1504,2462.6104414429333,307.6412363889817,1,1,2,33.0,2437.2868849218535,497.47158912575526,2462.6104414429333,0.9999275784581668,0.9736769650079795,1.0285198805796896,0.013061248365671565,2.4902908481372776,-19.969990847636552,22.46028169577383,25.32355652107981,1.0390059815175083,207.92914478682368,83.49150117277571,54.14552159913891,21.640111783647754
1505,2463.8777608726673,329.8456365083923,1,1,2,33.0,2437.2868849218535,497.47158912575526,2463.8777608726677,0.9985573589208956,0.9733414465029868,1.017689776942558,0.011919811551615986,24.938019776798626,1.1596486792568612,23.778371097541765,26.590875950813825,1.0910031197113836,219.77918720286377,85.80310771132041,56.96635385000728,22.28583435665828
1506,2461.4451919486232,303.6470768677063,1,1,2,33.0,2437.2868849218535,497.47158912575526,2461.445191948623,0.9996655953412305,0.9751984284288275,1.0188388729756432,0.011574834520982605,3.1382918145582153,-16.00758129425472,19.145873108812935,24.158307026769762,0.9911966940052832,229.4934532943134,81.19729095656045,82.47312989363331,21.425734181571148
1507,2463.558768570303,327.27110404377015,1,1,2,32.0,2437.2868849218535,497.47158912575526,2463.5587685703035,0.9987393101696526,0.9726946485472211,1.0177799827938334,0.011898301674332885,12.612035992289265,-9.351071358769985,21.96310735105925,26.271883648449602,1.0779151117161965,214.29081451872273,86.61796198080413,53.65167868826772,22.352376117789113
1508,2462.02036792504,310.72943729295594,1,1,2,32.0,2437.2868849218535,497.47158912575526,2462.02036792504,0.9988581848719172,0.9729811971457719,1.0183461056332663,0.011761423028574153,-9.378093155555007,-31.830397136082127,22.45230398052712,24.733483003186393,1.01479572044632,217.12650657881554,83.27374022678978,49.66851374297326,21.610037308732792
1509,2464.2967213927504,340.3690480823421,1,1,2,33.0,2437.2868849218535,497.47158912575526,2464.296721392751,0.9973444184612008,0.9725745090139044,1.013596755617438,0.01208267894043546,10.547760396692723,-12.117704173590226,22.66546457028295,27.00983647089697,1.108192746532708,233.72651517307693,87.31854992960905,57.25596243694532,22.76523340547872
1510,2469.3173056086075,371.69698036977957,1,1,2,33.0,2437.2868849218535,497.47158912575526,2469.3173056086075,0.9971352607783777,0.9719534043795361,1.0136297263851792,0.012292564642112784,5.320529340091326,-17.3619599970541,22.682489337145427,32.03042068675404,1.314183442454335,249.98993041099502,89.71513469885956,89.1591511278079,23.881491667749458
1511,2479.8227720188484,333.94316048835276,1,1,2,33.0,2452.9013038314706,499.7353801712274,2479.822772018848,0.998886598094761,0.970589997819918,1.0190007228087405,0.011487863602200834,-3.9015113675052078,-26.752288146816028,22.85077677931082,26.92146818737774,1.0975357282140126,216.90286831729435,86.12082172213648,67.85817859260591,22.228925750181446
1512,2480.5819466901994,328.70457706757617,1,1,2,32.0,2452.9013038314706,499.7353801712274,2480.5819466901994,0.9987448865957732,0.970689323412131,1.017737342057061,0.01181455987314399,-86.46545392812533,-107.34311759525502,20.877663667129696,27.68064285872879,1.1284857982459868,240.6701662522889,87.52533123458527,57.461795034075834,22.6697482436919
1513,2480.4046125439054,327.8323835532463,1,1,2,33.0,2452.9013038314706,499.7353801712274,2480.404612543905,0.9985474943571743,0.9718447101593697,1.018242970472163,0.011533161327495786,8.577620504398794,-11.726563562095123,20.304184066493917,27.503308712434773,1.121256231120028,270.676188888632,84.85042707335558,61.032052518345715,22.20470319802998
1514,2479.7063699619857,319.76699202227263,1,1,2,32.0,2452.9013038314706,499.7353801712274,2479.7063699619857,0.9991547945873208,0.9715872883782046,1.018278874887469,0.011713463855063258,-36.99250315007271,-57.270438342535044,20.277935192462337,26.805066130515115,1.0927902434820829,237.97868822860812,86.46855408140092,56.284767447602135,22.29990216135493
1515,2481.4480494527365,322.95790328467183,1,1,2,32.0,2452.9013038314706,499.7353801712274,2481.4480494527365,0.9991293675725498,0.9704726826297061,1.0189537809648375,0.011703665909469602,9.697957608930636,-12.775728422131095,22.47368603106173,28.546745621265927,1.1637951179150772,211.567003525019,88.27605180555092,81.96402540009367,22.72689626521343
1516,2482.4107169889353,337.4269590318349,1,1,2,33.0,2452.9013038314706,499.7353801712274,2482.4107169889353,0.99627258444092,0.9529049211194914,1.0155881097647688,0.015321193723856512,10.913145359330201,-10.930388264920111,21.843533624250313,29.509413157464678,1.203041194986953,229.5627669547871,87.54913858525664,88.0103840141721,22.826454069593556
1517,2481.419247268355,336.8535600565966,1,1,2,32.0,2452.9013038314706,499.7353801712274,2481.4192472683544,0.9980521865527651,0.9707979564367487,1.0166321989749685,0.011869609811022402,11.297515783423222,-9.9868078293932,21.284323612816422,28.517943436884252,1.162620909057318,245.2293156743468,89.25745990873408,54.095912256289694,22.91292701709837
1518,2480.8194197382923,329.2193460817393,1,1,2,32.0,2452.9013038314706,499.7353801712274,2480.819419738292,0.9987866405125118,0.9703336308290609,1.0179966182042428,0.0118234067960976,-8.76288080383108,-30.580503904493128,21.817623100662047,27.91811590682164,1.1381671110538814,233.2055369210781,88.86546386386449,56.07887969529995,23.007120224447082
1519,2480.5819466901994,328.70457706757617,1,1,2,32.0,2452.9013038314706,499.7353801712274,2480.5819466901994,0.9987448865957732,0.970689323412131,1.017737342057061,0.01181455987314399,-86.46545392812533,-107.34311759525502,20.877663667129696,27.68064285872879,1.1284857982459868,240.6701662522889,87.52533123458527,57.461795034075834,22.6697482436919
1520,2482.4107169889353,337.4269590318349,1,1,2,33.0,2452.9013038314706,499.7353801712274,2482.4107169889353,0.99627258444092,0.9529049211194914,1.0155881097647688,0.015321193723856512,10.913145359330201,-10.930388264920111,21.843533624250313,29.509413157464678,1.203041194986953,229.5627669547871,87.54913858525664,88.0103840141721,22.826454069593556
1521,2475.955524767298,278.6050083030318,1,1,2,32.0,2452.9013038314706,499.7353801712274,2475.955524767298,1.0004989669403312,0.9730319342242999,1.020625129731837,0.01144496601683877,11.088728373135638,-7.596448447627523,18.68517682076316,23.05422093582729,0.9398756036297192,235.08222248430127,77.91357296389415,75.20521805945583,20.58462349885984
1522,2475.766622244604,275.9920559956613,0,0,0,32.0,2452.9013038314706,499.7353801712274,2475.766622244604,0.9966887222605951,0.972890498777227,1.014782175061045,0.012350194648029455,1.3620552803988915,-16.163119849740212,17.525175130139104,22.865318413133537,0.9321744163704242,238.42451851679533,77.87871796725769,75.72886081531884,20.70376707602568
1523,2478.2513502287416,302.6572320471462,1,1,2,33.0,2452.9013038314706,499.7353801712274,2478.251350228741,0.9998490934341451,0.9738553475804306,1.0194418514817898,0.01149504023967047,19.785308741097708,1.247106868067135,18.538201873030573,25.350046397270944,1.0334719280255495,256.7393023987858,82.0749524764155,85.40518260915566,21.57582997850031
1524,2475.62157164267,270.43929207843786,1,1,2,32.0,2452.9013038314706,499.7353801712274,2475.62157164267,0.9996498991635722,0.9726572839537659,1.0202242422943142,0.011261139075140597,7.006150042955198,-12.17953143382573,19.18568147678093,22.720267811199392,0.926260986355626,221.6086855221821,77.73470867281901,82.44594183733253,20.495333107487976
1525,2477.0438418172425,291.07998860517364,1,1,2,32.0,2452.9013038314706,499.7353801712274,2477.0438418172425,1.0001395480239472,0.9730539142560837,1.0198664648101925,0.01147285960415056,13.416693658051656,-5.124404117245888,18.541097775297544,24.142537985771924,0.9842441662068057,238.37964499979867,80.2480134966756,68.14606718342174,21.01120875381547
1526,2479.0765328281427,313.45678264114196,1,1,2,33.0,2452.9013038314706,499.7353801712274,2479.0765328281427,0.9992257256333993,0.9654963053671027,1.0203886719219237,0.013062750804764255,8.74072822862749,-10.779168391328568,19.519896619956057,26.175228996672104,1.0671130124879458,234.2135399142452,85.26171198025506,61.04486931427555,22.009688159968388
1527,2477.5994768727414,282.16247564368376,1,1,2,32.0,2452.9013038314706,499.7353801712274,2477.5994768727414,1.0001846741386118,0.9747793163812751,1.0198412493667557,0.011267047994032693,18.808619546871824,1.0367430216381877,17.771876525233637,24.69817304127082,1.0068963232516484,247.30165858573875,78.96578302014206,97.54443187553099,21.253723918973975
1528,2479.588993829885,300.8801106066758,3,1,4,33.0,2452.9013038314706,499.7353801712274,2479.5889938298856,0.9991853286829308,0.9679857393365972,1.015951624311268,0.012873764264756487,13.651010744218098,-10.372574313342795,24.023585057560894,26.6876899984145,1.0880050476033383,174.29823794672194,79.99671494883866,99.59899311241254,21.26540010165575
1529,2481.419247268355,336.8535600565966,1,1,2,32.0,2452.9013038314706,499.7353801712274,2481.4192472683544,0.9980521865527651,0.9707979564367487,1.0166321989749685,0.011869609811022402,11.297515783423222,-9.9868078293932,21.284323612816422,28.517943436884252,1.162620909057318,245.2293156743468,89.25745990873408,54.095912256289694,22.91292701709837
1530,2515.263463618492,301.4204905611236,1,1,2,32.0,2490.547057694836,509.77276673106593,2515.2634636184916,0.9985615498348857,0.9731998657013657,1.017893027242344,0.011942022486435565,14.261005567418351,-3.1202665301456136,17.381272097563965,24.71640592365611,0.9924087098572134,222.37828704433252,82.6485278437936,94.06244985153485,21.793781133022936
1531,2515.847010489781,312.5507244713549,1,1,2,33.0,2490.547057694836,509.77276673106593,2515.8470104897806,0.9985862729594533,0.9739751584249345,1.0172919061101906,0.01221547990442474,7.238625669966865,-11.30054121854306,18.539166888509925,25.299952794945057,1.0158391794597055,228.9452995405115,82.6414388709947,91.93862124725092,21.79479541047408
1532,2515.425053420826,323.3831022828101,1,1,2,33.0,2490.547057694836,509.77276673106593,2515.425053420826,0.9975104134442994,0.9678042526387813,1.0169552642118829,0.01357537426354674,12.01528295015757,-7.6168609696245255,19.632143919782095,24.877995725989877,0.9988968346984813,217.0773423529105,82.84384040857863,84.22866841423945,21.620457935778717
1533,2519.179772157898,355.16970165656755,1,1,2,33.0,2490.547057694836,509.77276673106593,2519.1797721578973,0.995926163732614,0.9683840613935268,1.0125507136305587,0.013271285171270379,-9.616359788615682,-31.327828619234737,21.711468830619054,28.632714463061802,1.1496556298584155,298.81662692093744,79.18133871716638,83.35142401873512,20.86868599999841
1534,2514.6655835972188,306.15726874173936,1,1,2,33.0,2490.547057694836,509.77276673106593,2514.6655835972183,0.9972499290693321,0.9656135303873571,1.020443701065925,0.01554956463393065,-32.72458979508323,-51.36614096143211,18.641551166348876,24.11852590238277,0.9684027381801829,245.21072637619773,79.72119322810907,86.47080423405903,21.297027460365964
1535,2514.8297684162,313.24916611843594,1,1,2,32.0,2490.547057694836,509.77276673106593,2514.8297684161994,0.9986875683207549,0.9724803132815891,1.0178945485773587,0.012003817555057602,-132.5027069709697,-151.91741349265962,19.414706521689908,24.282710721363856,0.9749950576657279,216.49123708485018,83.17559706901909,77.63483969912735,21.639963849264323
1536,2514.4667997198385,316.5939090888822,1,1,2,33.0,2490.547057694836,509.77276673106593,2514.4667997198385,0.9986197488782569,0.9676915946364291,1.0190262479005685,0.012996274223430304,7.538300987236454,-11.823821864273299,19.362122851509753,23.919742025002506,0.9604212034901999,219.00743905943995,83.55323606944555,68.89362491787799,21.781275055938575
1537,2514.5412687410644,311.2423188825772,1,1,2,32.0,2490.547057694836,509.77276673106593,2514.5412687410644,0.9989634691271186,0.9727463296157384,1.0180518127356195,0.012081734612472595,20.57113727228878,1.2519189648441795,19.3192183074446,23.99421104622843,0.9634112703108946,214.5998055581338,82.84048241661351,77.2072205774736,21.639710991122485
1538,2516.1234745364227,328.291224070087,1,1,2,33.0,2490.547057694836,509.77276673106593,2516.123474536422,0.9958467058811425,0.9703342095443703,1.0134666748150316,0.013635127955716822,10.79100374601137,-8.822207857122123,19.613211603133493,25.576416841586706,1.0269397144119554,260.6046300555049,77.20746016959103,70.42903573158728,20.378405024422243
1539,2514.5412687410644,311.2423188825772,1,1,2,32.0,2490.547057694836,509.77276673106593,2514.5412687410644,0.9989634691271186,0.9727463296157384,1.0180518127356195,0.012081734612472595,20.57113727228878,1.2519189648441795,19.3192183074446,23.99421104622843,0.9634112703108946,214.5998055581338,82.84048241661351,77.2072205774736,21.639710991122485
1540,2516.5311049468346,340.7090173910683,1,1,2,33.0,2490.547057694836,509.77276673106593,2516.5311049468346,0.9967648053098336,0.9705284436949628,1.0130024375097773,0.012931062630280541,18.138694065882078,-3.8684889474791646,22.007183013361242,25.984047251998618,1.0433068177418239,230.09087993807412,84.38368084329481,90.44659736789369,21.874240270854017
1541,2515.9767461233564,326.9659720943895,1,1,2,33.0,2490.547057694836,509.77276673106593,2515.9767461233564,0.9982085264378435,0.972355520713919,1.017521962454304,0.011974148389227649,10.868874229987085,-8.920494407949462,19.789368637936548,25.42968842852042,1.0210483014144394,212.86491355695998,82.26152450828423,78.7574247214913,21.566682634986037
1542,2515.847010489781,312.5507244713549,1,1,2,33.0,2490.547057694836,509.77276673106593,2515.8470104897806,0.9985862729594533,0.9739751584249345,1.0172919061101906,0.01221547990442474,7.238625669966865,-11.30054121854306,18.539166888509925,25.299952794945057,1.0158391794597055,228.9452995405115,82.6414388709947,91.93862124725092,21.79479541047408
1543,2519.179772157898,355.16970165656755,1,1,2,33.0,2490.547057694836,509.77276673106593,2519.1797721578973,0.995926163732614,0.9683840613935268,1.0125507136305587,0.013271285171270379,-9.616359788615682,-31.327828619234737,21.711468830619054,28.632714463061802,1.1496556298584155,298.81662692093744,79.18133871716638,83.35142401873512,20.86868599999841
1544,2516.0194552942426,324.67997745278586,1,1,2,33.0,2490.547057694836,509.77276673106593,2516.019455294243,0.9980513751795866,0.9727199372299699,1.0175352340551442,0.011935860558455224,8.711671475695027,-10.828334693686344,19.54000616938137,25.472397599406577,1.0227631524048755,308.2641758423749,81.4020685441688,76.6830925136037,21.3166442058229
1545,2618.8439825753726,331.5046017561988,1,1,2,32.0,2595.252269251331,531.0075460665518,2618.8439825753726,0.9972815436264146,0.9719380840904592,1.0143834926300521,0.01264168158086142,-53.186496955823515,-71.83624405260525,18.649747096781738,23.591713324041393,0.9090335303260151,214.0997772316968,82.26060576530764,48.90167014519495,21.849520763312203
1546,2620.5136539740206,345.554074438336,1,1,2,32.0,2595.252269251331,531.0075460665518,2620.5136539740206,0.9972215519259323,0.971427032243507,1.0139842446569736,0.01254338637261984,18.732594047092505,-0.200497601030861,18.933091648123366,25.2613847226894,0.9733691411038323,212.02510756299344,86.6373300593733,79.4326024623347,22.715419235105255
1547,2620.466765103956,352.35412718023093,1,1,2,33.0,2595.252269251331,531.0075460665518,2620.4667651039554,0.9959209308044068,0.9600556565852902,1.0140317019891272,0.014783796729999304,122.01496501662609,103.29793313739009,18.717031879236004,25.214495852624623,0.9715624238678888,216.3411864222055,84.78785168893963,86.39853542510409,22.28994808147927
1548,2619.598013772937,322.0833349109229,11,7,18,32.0,2595.252269251331,531.0075460665518,2619.5980137729366,0.9975067641813434,0.9725934361475256,1.0145695886175912,0.012300384982531252,3.2767290851155906,-12.821934867829412,16.098663952945003,24.345744521605866,0.9380877847620199,213.25975040100468,83.59555063395543,85.6519230866109,22.177892010484253
1549,2618.8843930266107,331.51566836835434,4,1,5,32.0,2595.252269251331,531.0075460665518,2618.8843930266103,0.9978095478956582,0.9709202787522363,1.0148110228535894,0.012704843451023864,13.60639386301338,-5.3247075248397095,18.93110138785309,23.632123775279524,0.9105906217778525,209.8730429025327,82.17018989519327,80.39990353254564,22.0278483792723
1550,2619.741411681124,329.10372960194326,1,1,2,32.0,2595.252269251331,531.0075460665518,2619.741411681124,0.9978993408360358,0.9710163397753158,1.0150854519437047,0.012562707730992781,-36.147356850663186,-56.632989745048974,20.485632894385787,24.48914242979299,0.9436131785700174,199.5202943199494,83.17783488074694,97.3168076096847,22.40981951743185
1551,2620.403302005923,342.0733194948428,1,1,2,33.0,2595.252269251331,531.0075460665518,2620.4033020059223,0.9978375238935128,0.9708657466794913,1.0235254558732485,0.013895898778081936,11.02691639158624,-8.53315839147507,19.56007478306131,25.151032754591597,0.96911707014313,201.14871078181986,86.94640439679195,64.22422475209959,22.809029617875876
1552,2620.5492116208534,354.79306233333466,1,1,2,33.0,2595.252269251331,531.0075460665518,2620.5492116208534,0.994992792323691,0.9638468766873257,1.0141090868126508,0.01642540781888498,156.3047541096612,136.73500928931253,19.56974482034866,25.296942369522185,0.9747392447833118,257.7365813580248,82.768876786858,98.43982907856874,22.534145479123552
1553,2621.5133147032716,361.73474429771863,1,1,2,32.0,2595.252269251331,531.0075460665518,2621.513314703271,0.9962889277698852,0.9700379022956878,1.0139752558354995,0.012925601177792864,11.51717038312654,-10.096623711329329,21.61379409445587,26.26104545194039,1.0118879680053638,209.16046520638668,89.4024811870479,46.80073546106047,23.305029756225537
1554,2620.1347652204886,344.98540166506297,1,1,2,32.0,2595.252269251331,531.0075460665518,2620.1347652204886,0.9974145933516344,0.9708119116208631,1.0143971623886485,0.012687315831280637,118.2335449965741,98.76178598693076,19.471759009643336,24.88249596915739,0.9587698376749864,203.8309052265331,86.59484971629934,70.5550930302882,22.659589338031793
1555,2620.8316478307847,351.91502231584013,1,1,2,32.0,2595.252269251331,531.0075460665518,2620.8316478307843,0.9971290852817173,0.9708090342711891,1.0139046597396968,0.012620764007415235,-16.498340208313977,-36.40565469089765,19.907314482583672,25.579378579453532,0.9856220484813438,207.52828916364265,88.09186559526144,70.85968985748387,22.948329966004323
1556,2620.5136539740206,345.554074438336,1,1,2,32.0,2595.252269251331,531.0075460665518,2620.5136539740206,0.9972215519259323,0.971427032243507,1.0139842446569736,0.01254338637261984,18.732594047092505,-0.200497601030861,18.933091648123366,25.2613847226894,0.9733691411038323,212.02510756299344,86.6373300593733,79.4326024623347,22.715419235105255
1557,2621.088545480802,350.43917571026236,1,1,2,32.0,2595.252269251331,531.0075460665518,2621.088545480803,0.9969888017865655,0.9707428764537972,1.0139823637645202,0.01283418097883635,27.364836586002696,8.157654953840478,19.207181632162218,25.83627622947097,0.9955208029516192,217.5462964425665,86.64428800562912,88.78195475754316,22.905762510529353
1558,2617.653809998561,306.5289663782032,14,7,21,32.0,2595.252269251331,531.0075460665518,2617.653809998561,0.997443531860827,0.9713071946845969,1.0152469153644148,0.012314349146463816,32.89805242905794,14.758200620871065,18.139851808186876,22.401540747229774,0.8631739200325249,201.6968252424178,78.33155674865077,86.92973582708416,20.96261755485036
1559,2620.9084051095115,345.50433736653343,1,1,2,33.0,2595.252269251331,531.0075460665518,2620.9084051095115,0.9971883917504641,0.9732916087448067,1.0147150167881005,0.012741723434749875,10.120539632496985,-7.798904149328592,17.919443781825578,25.656135858180278,0.9885796522424953,226.39816388370795,84.89302141844607,85.46035862459091,22.519394929335924
1560,2618.8843930266107,331.51566836835434,4,1,5,32.0,2595.252269251331,531.0075460665518,2618.8843930266103,0.9978095478956582,0.9709202787522363,1.0148110228535894,0.012704843451023864,13.60639386301338,-5.3247075248397095,18.93110138785309,23.632123775279524,0.9105906217778525,209.8730429025327,82.17018989519327,80.39990353254564,22.0278483792723
1561,2642.514114088115,342.9700994299791,1,1,2,32.0,2616.2376767643655,534.8598610837214,2642.514114088115,0.9967700054621514,0.9732838685886687,1.013917132492962,0.012814418174869724,-122.10954607840372,-140.65582777518662,18.5462816967829,26.276437323749633,1.0043597168987737,218.43821534955637,84.82667300173902,75.375251162703,22.215246290893145
1562,2644.226070094811,351.8366959866131,1,1,2,33.0,2616.2376767643655,534.8598610837214,2644.226070094811,0.9950618241967913,0.9732892001748639,1.0127963292805788,0.01316671391795605,4.826293293624417,-14.76604595607165,19.592339249696067,27.988393330445433,1.0697955151024392,225.62136471707498,85.2937376986808,78.62208295447093,22.68394308377499
1563,2644.9537699170664,360.5912791299802,1,1,2,33.0,2616.2376767643655,534.8598610837214,2644.9537699170664,0.9954005876306784,0.9734703568587444,1.0126190467707974,0.012917219951706678,14.774455973007491,-5.647073460819172,20.421529433826663,28.716093152700978,1.0976102594858903,230.42647898329588,87.25882311110206,83.8218059910387,23.058254141631263
1564,2642.7499023031946,344.04274720657816,1,1,2,33.0,2616.2376767643655,534.8598610837214,2642.749902303195,0.9963019832774552,0.9728584462607982,1.0135210484264388,0.012631838097478275,16.050629166096257,-2.7420979845602176,18.792727150656475,26.51222553882917,1.0133722090424977,250.23430647803616,83.8179654127263,74.09984021593651,22.00374403240384
1565,2643.4446404594496,353.18223204651724,1,1,2,33.0,2616.2376767643655,534.8598610837214,2643.44464045945,0.9965852248677342,0.9627034370958278,1.0190275143150826,0.014352416278187962,12.110491933213979,-6.871218160052479,18.981710093266457,27.20696369508414,1.0399270653701609,222.7468884198744,86.16485630187799,81.15863681218303,22.559643501165045
1566,2642.7386267761476,340.52861210773636,1,1,2,32.0,2616.2376767643655,534.8598610837214,2642.738626776147,0.996643578706727,0.9737582904485655,1.0129908274106203,0.012650475458998077,15.019130813954632,-3.3151260470624493,18.33425686101708,26.50095001178215,1.012941226523319,223.05091117559434,84.57648172238648,83.70362514060642,22.210092469599463
1567,2640.3052340711033,316.52092415211087,11,7,18,32.0,2616.2376767643655,534.8598610837214,2640.3052340711038,0.9977149219136449,0.9743540646084456,1.014103321270393,0.012682911648973743,7.626408554528581,-8.989501940175899,16.61591049470448,24.067557306737854,0.9199300782375182,215.82062605292882,77.7282328233496,81.65660136015454,20.84484772892038
1568,2644.1864417623315,348.22505630909234,1,1,2,33.0,2616.2376767643655,534.8598610837214,2644.1864417623315,0.9955739695485081,0.9729751405638551,1.0130000980179839,0.01282076314280952,17.384061438231953,-4.34971863991737,21.733780078149323,27.94876499796601,1.0682808082074435,248.3415807059866,82.81518656932315,82.29993950028216,22.323403045180783
1569,2642.7499023031946,344.04274720657816,1,1,2,33.0,2616.2376767643655,534.8598610837214,2642.749902303195,0.9963019832774552,0.9728584462607982,1.0135210484264388,0.012631838097478275,16.050629166096257,-2.7420979845602176,18.792727150656475,26.51222553882917,1.0133722090424977,250.23430647803616,83.8179654127263,74.09984021593651,22.00374403240384
1570,2640.7389838418385,314.64925756252205,14,7,21,32.0,2616.2376767643655,534.8598610837214,2640.7389838418385,0.9964512024382742,0.973121224581893,1.0141281700639153,0.012528944379796226,6.585087750553413,-11.237952151343308,17.82303990189672,24.50130707747303,0.9365092206674068,214.036029017046,79.59536922176737,87.63643494629602,21.162363332224174
1571,2643.4446404594496,353.18223204651724,1,1,2,33.0,2616.2376767643655,534.8598610837214,2643.44464045945,0.9965852248677342,0.9627034370958278,1.0190275143150826,0.014352416278187962,12.110491933213979,-6.871218160052479,18.981710093266457,27.20696369508414,1.0399270653701609,222.7468884198744,86.16485630187799,81.15863681218303,22.559643501165045
1572,2642.514114088115,342.9700994299791,1,1,2,32.0,2616.2376767643655,534.8598610837214,2642.514114088115,0.9967700054621514,0.9732838685886687,1.013917132492962,0.012814418174869724,-122.10954607840372,-140.65582777518662,18.5462816967829,26.276437323749633,1.0043597168987737,218.43821534955637,84.82667300173902,75.375251162703,22.215246290893145
1573,2642.240042424279,340.3893168685124,1,1,2,32.0,2616.2376767643655,534.8598610837214,2642.240042424279,0.9968370105881719,0.9727862400082976,1.013606396319661,0.012843349945496449,32.417931467196354,13.840666178367684,18.57726528882867,26.00236565991372,0.9938839231178787,219.0313164579908,83.24140540454536,82.18055387838336,22.154323334522893
1574,2642.7499023031946,344.04274720657816,1,1,2,33.0,2616.2376767643655,534.8598610837214,2642.749902303195,0.9963019832774552,0.9728584462607982,1.0135210484264388,0.012631838097478275,16.050629166096257,-2.7420979845602176,18.792727150656475,26.51222553882917,1.0133722090424977,250.23430647803616,83.8179654127263,74.09984021593651,22.00374403240384
1575,2643.458632522393,351.8217133427221,1,1,2,33.0,2616.2376767643655,534.8598610837214,2643.4586325223927,0.9961461783460576,0.9736821265794156,1.013974735554809,0.012668803698150327,27.35638191753921,8.514447638946734,18.841934278592475,27.220955758027685,1.0404618815708375,226.84046127322316,84.68274290676223,79.234835865299,22.220976629308826
1576,2643.4446404594496,353.18223204651724,1,1,2,33.0,2616.2376767643655,534.8598610837214,2643.44464045945,0.9965852248677342,0.9627034370958278,1.0190275143150826,0.014352416278187962,12.110491933213979,-6.871218160052479,18.981710093266457,27.20696369508414,1.0399270653701609,222.7468884198744,86.16485630187799,81.15863681218303,22.559643501165045
1577,2621.199873282551,355.6345715446697,1,1,2,32.0,2595.9769978455615,529.4310947398762,2621.199873282551,0.9972416493635562,0.9742276261464337,1.0133851261426605,0.011841929817740949,23.19552669750152,2.754598841478014,20.440927856023507,25.222875436989398,0.9716139803211747,211.5107332812519,87.39819557939856,73.31042228623528,22.856913260519317
1578,2621.359663489666,358.05234568728855,1,1,2,33.0,2595.9769978455615,529.4310947398762,2621.359663489666,0.9974422223592113,0.9689153159327774,1.0207757170802079,0.013214959877447915,6.242623059538488,-14.008229619757572,20.25085267929606,25.38266564410469,0.9777692816681399,208.13421461265526,87.02973342974485,80.68530066997367,22.780266687423094
1579,2623.09363590405,384.671747506924,1,1,2,33.0,2595.9769978455615,529.4310947398762,2623.0936359040497,0.9958641000924535,0.9752597456495099,1.013021114135152,0.012062400660309705,32.33541416490888,8.870746357010546,23.464667807898337,27.11663805848866,1.044563880226718,228.11974219759773,86.4774115920344,68.96400774609397,22.681175816782794
1580,2621.274808315089,336.1829896027384,1,1,2,33.0,2595.9769978455615,529.4310947398762,2621.2748083150896,0.9974000655443683,0.9775246688732121,1.0137278991579464,0.011337297464569879,18.10511197716562,-0.23474996992430874,18.33986194708993,25.297810469527576,0.9745005633918402,220.28584878738027,84.1853527769341,99.04928908127343,22.648772608623677
1581,2621.1018302235207,355.3609285875457,6,1,7,32.0,2595.9769978455615,529.4310947398762,2621.1018302235207,0.997203394222684,0.9743082724479789,1.013234712808069,0.011823925869011683,9.512617405670852,-10.846794437085322,20.359411842756174,25.124832377959137,0.9678372496678744,210.4908265315728,87.27440585098873,66.35657261470166,22.757717879484606
1582,2618.02955447366,315.1920663787898,12,7,19,32.0,2595.9769978455615,529.4310947398762,2618.02955447366,0.9986615814548104,0.9759951561614288,1.0151425834175025,0.011605730263594065,8.334330229930032,-9.652198323227282,17.986528553157314,22.0525566280985,0.849489677543377,200.03716110685238,77.63995079676508,85.25166581866154,20.995666292473288
1583,2620.9432324046966,353.314153011657,1,1,2,33.0,2595.9769978455615,529.4310947398762,2620.9432324046966,0.9957270255869908,0.9634636612729846,1.0150289219548427,0.015963747119441655,-5.901874247319455,-26.067065518377547,20.16519127105809,24.966234559135046,0.9617278804802539,203.26221870082117,82.72304482326587,74.23237011006306,21.757714590692576
1584,2621.9482536738765,365.75538070933885,1,1,2,32.0,2595.9769978455615,529.4310947398762,2621.9482536738765,0.9968517044755206,0.9732974756051102,1.0129885726925896,0.011964590805807774,8.16779238321007,-12.87590797292151,21.04370035613158,25.971255828314952,1.0004424480597813,215.6587343855743,88.67363833596978,76.19763815070145,23.20360223051289
1585,2624.4835252376147,397.94309329965085,1,1,2,33.0,2595.9769978455615,529.4310947398762,2624.483525237615,0.9939401822729534,0.9687677224097668,1.0124039560964493,0.013794467855858843,13.239734208480769,-11.041327561812153,24.281061770292922,28.506527392053158,1.0981040053787507,284.7244983168511,80.54711736166335,80.39051738504465,21.43092970845714
1586,2620.346367570971,352.7501105021065,1,1,2,33.0,2595.9769978455615,529.4310947398762,2620.3463675709704,0.9965431187723152,0.9741176878949457,1.0131236583542145,0.013174595057876114,30.113270857222858,9.657119141104033,20.456151716118825,24.369369725409342,0.9387359651350466,211.0041224488906,83.34965293721979,77.50499593205552,21.94244549790726
1587,2620.7383860593363,347.4451970712133,1,1,2,32.0,2595.9769978455615,529.4310947398762,2620.738386059336,0.997343764413413,0.9748326598828004,1.0136514635929101,0.01167066654875656,5.141985558599771,-14.775717227937406,19.917702786537177,24.761388213774808,0.9538369652090384,207.05076095000788,85.78225439837172,79.3002333704618,22.494094449093538
1588,2619.1391442251584,332.057561252965,1,1,2,33.0,2595.9769978455615,529.4310947398762,2619.139144225159,0.9961567522038357,0.9667046494759692,1.015167287972209,0.014715337021473672,11.603367334573335,-6.1258386137103,17.729205948283635,23.162146379596834,0.8922323425369112,240.52829187528948,78.78525696099871,85.23759403302485,21.142117246373402
1589,2620.346367570971,352.7501105021065,1,1,2,33.0,2595.9769978455615,529.4310947398762,2620.3463675709704,0.9965431187723152,0.9741176878949457,1.0131236583542145,0.013174595057876114,30.113270857222858,9.657119141104033,20.456151716118825,24.369369725409342,0.9387359651350466,211.0041224488906,83.34965293721979,77.50499593205552,21.94244549790726
1590,2621.359663489666,358.05234568728855,1,1,2,33.0,2595.9769978455615,529.4310947398762,2621.359663489666,0.9974422223592113,0.9689153159327774,1.0207757170802079,0.013214959877447915,6.242623059538488,-14.008229619757572,20.25085267929606,25.38266564410469,0.9777692816681399,208.13421461265526,87.02973342974485,80.68530066997367,22.780266687423094
1591,2620.698530992772,347.11434553943167,1,1,2,32.0,2595.9769978455615,529.4310947398762,2620.6985309927713,0.9974004502837085,0.9741505185383251,1.0136883795858853,0.011660851563501723,6.741363244335588,-14.60139975658717,21.34276300092276,24.721533147210266,0.9523017025084205,218.6761841760554,85.91235190029487,64.84812422904737,22.460873689206213
1592,2620.6963134661864,379.22338140020537,1,1,2,33.0,2595.9769978455615,529.4310947398762,2620.6963134661864,0.9971080142305411,0.9754843686695538,1.012821522361389,0.011536624173281086,14.397569112062286,-4.415590774533257,18.813159886595543,24.71931562062491,0.9522162808507096,200.19275027227593,84.06867721724058,75.45004660514525,22.140781986927365
1593,2619.442253181342,334.5872193101065,1,1,2,32.0,2595.9769978455615,529.4310947398762,2619.442253181342,0.9978222039954696,0.975330029688346,1.0141084450799234,0.01163029551326523,10.509659763521029,-8.586651987579216,19.096311751100245,23.465255335780512,0.9039084458473501,202.7936830258747,82.62521844602105,75.82575863253638,21.83937144236522
1594,2621.0001620975636,356.69583321291054,1,1,2,33.0,2595.9769978455615,529.4310947398762,2621.000162097563,0.9968673492017145,0.9751310861882216,1.0133140447378424,0.011614493494524829,19.634195130304533,-0.39260931458386494,20.0268044448884,25.02316425200206,0.9639208772947196,300.2736769982779,83.24032453154038,74.01750994518746,22.05423557225749
1595,2620.506157462486,345.5870034278319,1,1,2,32.0,2595.9769978455615,529.4310947398762,2620.506157462486,0.9973987740808296,0.9745617688160151,1.0137549403671906,0.011665520552702244,22.987616052050498,3.245172602556579,19.74244344949392,24.529159616924517,0.9448912543247346,205.21663120176714,85.60957420721792,74.48028283365244,22.494213203296255
1596,2587.349591485582,317.63184241150253,1,1,2,32.0,2563.6582506594827,523.4737788655898,2587.349591485582,0.998943580510334,0.9749481756206418,1.016233442491218,0.0114044204925143,9.186996222661605,-9.14707122357592,18.334067446237526,23.69134082609935,0.9241224262245141,225.1547673596184,81.46446067663261,74.48081161827677,21.41837726857822
1597,2588.979455523088,330.8922861070717,1,1,2,33.0,2563.6582506594827,523.4737788655898,2588.9794555230883,0.998134448465913,0.9753159802561305,1.0155630824768414,0.01131842549239298,-1.1516465706793895,-19.637842349434095,18.486195778754706,25.32120486360509,0.9876981402295486,300.949938379777,80.77368237155657,85.93878878873652,21.3149476374813
1598,2587.7655816121883,321.9964217829819,1,1,2,32.0,2563.6582506594827,523.4737788655898,2587.7655816121883,0.9987865220269097,0.9745895641511452,1.0161193335370429,0.011436518535815694,9.694105945570527,-8.929791695638471,18.623897641209,24.107330952705524,0.9403488529137644,227.65015637068333,82.04646954896937,78.55717140080161,21.645838647846496
1599,2591.693473859629,356.6519305640603,1,1,2,33.0,2563.6582506594827,523.4737788655898,2591.6934738596296,0.9962105449599484,0.9703779212023352,1.0134118041791027,0.01260985495429849,14.325889808194859,-8.209147450619497,22.535037258814356,28.035223200146447,1.0935631998896338,301.80323493763893,79.32294217282598,81.38911675048121,21.030013686989438
1600,2586.535910049599,311.25157080996627,14,7,21,32.0,2563.6582506594827,523.4737788655898,2586.535910049599,0.9991563176123487,0.9749964725633952,1.0165581995134771,0.011436661629088221,6.4701502538978275,-11.226875127640852,17.69702538153868,22.87765939011615,0.8923833504029266,228.4815259727557,78.30682962994705,78.63549364568982,20.879376975406977
1601,2586.5488088554553,318.0728977342741,13,7,20,32.0,2563.6582506594827,523.4737788655898,2586.548808855455,0.9984843013419228,0.9746886358778656,1.0154879251486906,0.011570759740029017,11.669299088332224,-6.356379158766202,18.025678247098426,22.890558195972517,0.8928864910166588,231.49433003899125,79.50210429603858,50.890251826565716,21.02860794790321
1602,2588.066658048071,321.5387843235477,1,1,2,32.0,2563.6582506594827,523.4737788655898,2588.066658048071,0.9986466433431594,0.9749798057899662,1.0159476915703536,0.011317009546306378,23.67297286374165,5.387990994717711,18.284981869023937,24.40840738858833,0.9520928689426308,228.9135756180358,83.55803909304517,77.53795461673572,21.93992012063248
1603,2588.6665373393957,326.0735658024689,1,1,2,33.0,2563.6582506594827,523.4737788655898,2588.666537339396,0.9987535502753659,0.9764048522795004,1.015663072624632,0.01126237134466639,5.244319068449215,-13.45077851693128,18.695097585380495,25.008286679913,0.9754922159956303,241.78251553701563,81.99800583528994,85.66439090732312,21.71797213157333
1604,2588.4288839035416,324.1384064295539,2,1,3,32.0,2563.6582506594827,523.4737788655898,2588.428883903542,0.9989593629653033,0.9739058432432746,1.0165355661358895,0.011529201324140302,10.21294696547534,-10.233363346036214,20.446310311511553,24.7706332440589,0.9662221256552753,214.53178637515774,83.44606544228238,78.58833298356849,21.758760585707698
1605,2588.5509824598894,333.8442272342034,1,1,2,33.0,2563.6582506594827,523.4737788655898,2588.5509824598894,0.9974801717159613,0.9693561710636773,1.0151149342819,0.012916279624377257,3.719132496036167,-14.976583886968314,18.69571638300448,24.892731800406636,0.9709847946388002,229.17685921371782,83.59361600937993,82.18087031613321,21.852453935685098
1606,2586.873949078035,315.08064890474174,7,1,8,32.0,2563.6582506594827,523.4737788655898,2586.8739490780345,0.9989888974746317,0.9752878386506402,1.0162234428386487,0.011357760939872688,8.803691186459105,-9.274892326309185,18.07858351276829,23.215698418552165,0.905569157378137,228.6690642690659,80.90375293333454,72.42016702401209,21.31479579547022
1607,2589.0148881185355,327.9311775705515,1,1,2,32.0,2563.6582506594827,523.4737788655898,2589.014888118535,0.9984293966037505,0.9748945096724804,1.0155971449980568,0.011325507624862305,15.999842284219767,-2.9321166969385217,18.93195898115829,25.356637459052763,0.9890802509472528,225.61314181313398,84.96227505005265,82.72352609502829,22.15416578839223
1608,2588.4080378025474,335.4121645356471,1,1,2,33.0,2563.6582506594827,523.4737788655898,2588.4080378025474,0.997710627081532,0.9740217720843664,1.014351646071447,0.012476120061293767,11.202255705334153,-8.296728236039343,19.498983941373496,24.749787143064623,0.9654089868139764,224.49999303248367,82.68596309168768,72.42755179334276,21.609892263847854
1609,2588.4080378025474,335.4121645356471,1,1,2,33.0,2563.6582506594827,523.4737788655898,2588.4080378025474,0.997710627081532,0.9740217720843664,1.014351646071447,0.012476120061293767,11.202255705334153,-8.296728236039343,19.498983941373496,24.749787143064623,0.9654089868139764,224.49999303248367,82.68596309168768,72.42755179334276,21.609892263847854
1610,2590.3031728572414,332.40705511523566,1,1,2,32.0,2563.6582506594827,523.4737788655898,2590.3031728572414,0.9982581296698075,0.9745449199154154,1.0152343508862398,0.011524033965118018,11.826574305173239,-6.92491616983213,18.75149047500537,26.64492219775866,1.0393320635035674,228.971267694148,84.9823163181934,98.36911510072787,22.430786499572772
1611,2586.5682093548203,318.2409082497267,13,1,14,32.0,2563.6582506594827,523.4737788655898,2586.5682093548203,0.9984768498647879,0.9746823911674218,1.0154804623109595,0.011569394111432214,1.4670332582596757,-16.584445206107404,18.05147846436708,22.909958695337536,0.893643241623337,231.52680823015882,79.45958947902936,50.862816138707046,21.020138089096555
1612,2588.347323991809,325.79581563932527,1,1,2,33.0,2563.6582506594827,523.4737788655898,2588.347323991809,0.9985285294372738,0.9755552629426129,1.0153185785371386,0.011690671778908528,14.03346833902097,-4.223817791374472,18.257286130395443,24.68907333232619,0.9630407378196801,237.62975315040856,81.89387958829313,83.48932173113953,21.625044351061533
1613,2589.769845920545,346.16933941580317,1,1,2,33.0,2563.6582506594827,523.4737788655898,2589.769845920545,0.9979769670575852,0.974409600721913,1.0148069938480622,0.01165068789341256,6.848524057216281,-12.8969978214692,19.74552187868548,26.11159526106212,1.0185287081203238,229.5325886615243,86.51614211878965,70.33864687805735,22.412457601896875
1614,2535.831459840222,310.0017931005393,1,1,2,32.0,2511.042103114826,512.0058467411034,2535.831459840222,0.9988463574763546,0.9708108502006069,1.0181139905398844,0.012589875963473107,9.51324536890354,-10.4428986002425,19.95614396914604,24.78935672539592,0.9872139019352133,218.82548127804796,81.07134183882987,75.5023884931268,21.440782113163305
1615,2537.0383327015807,313.41541249294664,1,1,2,33.0,2511.042103114826,512.0058467411034,2537.0383327015807,0.998607069070391,0.9729350227168879,1.01766136161424,0.012282459273641725,13.301894076912191,-5.317180188436822,18.619074265349013,25.996229586754453,1.035276531385411,233.64059220248362,81.6163911439375,85.26988137460314,21.54939041961399
1616,2543.7466689394837,376.53798053071586,1,1,2,33.0,2511.042103114826,512.0058467411034,2543.7466689394832,0.9947425175844957,0.9648602801455151,1.013513205875472,0.014337093187411049,25.005021722394503,1.023410428488262,23.98161129390624,32.70456582465749,1.3024300064140326,325.56541447969687,83.22413698599745,65.11308289593939,21.738615889127246
1617,2537.3801916020825,320.8388214271825,1,1,2,32.0,2511.042103114826,512.0058467411034,2537.3801916020825,0.9980970792489593,0.9709761489036761,1.017148219243699,0.012438239349675643,8.93564076990026,-10.414592055290314,19.350232825190574,26.3380884872563,1.0488907555387135,224.15814937224047,84.06446142881828,79.67949953765519,21.91385651910655
1618,2539.397568303896,350.7214852292187,1,1,2,33.0,2511.042103114826,512.0058467411034,2539.3975683038957,0.9968608313281718,0.9720575093123781,1.0145229290732851,0.012471412069057473,11.241029758190507,-11.267464233935641,22.508493992126148,28.355465189069946,1.1292309736223205,247.08469714973958,85.54317090717244,54.166324746698734,22.47593589192932
1619,2538.7665757586337,347.3320169930503,1,1,2,33.0,2511.042103114826,512.0058467411034,2538.766575758634,0.9978555436684452,0.9700875985256792,1.0169233014896353,0.012529700260028497,21.232437664240592,-2.5307133669470545,23.763151031187647,27.72447264380753,1.104102261344669,209.88688362102152,83.54877728004357,74.11146974875402,21.807228796158636
1620,2540.3677475905547,343.41702374963154,1,1,2,32.0,2511.042103114826,512.0058467411034,2540.3677475905547,0.9974111798457262,0.970870128460023,1.0161192896144304,0.012439660112628193,-49.77564060451928,-70.03299817221735,20.257357567698065,29.325644475728495,1.1678674937131261,230.40255213005372,89.25153683685892,86.17109040950982,23.202932491721803
1621,2543.7466689394837,376.53798053071586,1,1,2,33.0,2511.042103114826,512.0058467411034,2543.7466689394832,0.9947425175844957,0.9648602801455151,1.013513205875472,0.014337093187411049,25.005021722394503,1.023410428488262,23.98161129390624,32.70456582465749,1.3024300064140326,325.56541447969687,83.22413698599745,65.11308289593939,21.738615889127246
1622,2535.8244680367534,296.58948325256284,1,1,2,32.0,2511.042103114826,512.0058467411034,2535.8244680367534,0.9989711364453422,0.9721198258577233,1.0182304967255842,0.012478005649754799,-7.256354367950507,-25.348758041016083,18.092403673065576,24.782364921927183,0.9869354596319138,212.52617306808324,78.39961949666225,93.86838227425464,20.92378386473329
1623,2537.481301446415,325.6262952121503,1,1,2,32.0,2511.042103114826,512.0058467411034,2537.4813014464153,0.9980589897523258,0.970359005638499,1.0170197095784734,0.012528005230550173,-30.114091768821368,-50.94144813301085,20.827356364189484,26.439198331588614,1.0529173644198186,213.03087755337603,84.00519643591456,72.4533325029021,21.879940328113587
1624,2535.8244680367534,296.58948325256284,1,1,2,32.0,2511.042103114826,512.0058467411034,2535.8244680367534,0.9989711364453422,0.9721198258577233,1.0182304967255842,0.012478005649754799,-7.256354367950507,-25.348758041016083,18.092403673065576,24.782364921927183,0.9869354596319138,212.52617306808324,78.39961949666225,93.86838227425464,20.92378386473329
1625,2539.9494397125554,358.229242782945,1,1,2,33.0,2511.042103114826,512.0058467411034,2539.9494397125554,0.9949831277459205,0.9636746775785322,1.0139802954005643,0.017004605523776545,95.47097455762639,70.12526420741804,25.34571035020835,28.907336597729227,1.1512087575859868,213.70812687251092,83.889139869014,49.99396007651361,22.14362541755309
1626,2537.6967039684228,317.2932801647397,1,1,2,33.0,2511.042103114826,512.0058467411034,2537.6967039684228,0.9988168016163116,0.9714708981089097,1.0267447319874397,0.013823064688147346,26.577575508801033,6.484545286422389,20.093030222378644,26.65460085359655,1.061495576698328,193.00219381847484,85.11082348795733,60.05766327888803,22.086949950886503
1627,2534.5414850146562,304.04800398141776,13,7,20,32.0,2511.042103114826,512.0058467411034,2534.541485014656,0.9983521768849483,0.9714161095546635,1.017070087612644,0.012546513980510248,10.651728169233166,-8.397587385377335,19.0493155546105,23.49938189983004,0.9358418112814674,224.22614727988523,77.73863611700604,51.04364233536888,20.64847271738077
1628,2538.5957685782714,350.3351097346257,1,1,2,33.0,2511.042103114826,512.0058467411034,2538.595768578272,0.9972569992415102,0.9691987334689539,1.0157325607710268,0.012602335209370949,8.06586200389691,-13.209795068746274,21.275657072643185,27.553665463445213,1.097300018556687,218.95494801986558,86.08848495255273,56.46670992563835,22.23900317644898
1629,2541.944585241215,369.90731801101754,1,1,2,33.0,2511.042103114826,512.0058467411034,2541.9445852412155,0.9964510368317034,0.9679504073565257,1.013993407726255,0.013196818248884839,15.156723597187096,-6.259997015676618,21.416720612863713,30.902482126388804,1.2306636391343566,237.19408989344558,88.00592185819995,91.44161249226606,23.153154466923173
1630,2536.125039765875,303.11345659940747,11,7,18,32.0,2511.042103114826,512.0058467411034,2536.125039765875,0.9982655536134791,0.9716972420050802,1.0179288268216506,0.012322217522477358,32.95264900759494,15.319608311611915,17.633040695983027,25.08293665104884,0.9989054592089345,228.3777350493391,82.734535794453,78.86918730550889,21.680222557395673
1631,2535.831459840222,310.0017931005393,1,1,2,32.0,2511.042103114826,512.0058467411034,2535.831459840222,0.9988463574763546,0.9708108502006069,1.0181139905398844,0.012589875963473107,9.51324536890354,-10.4428986002425,19.95614396914604,24.78935672539592,0.9872139019352133,218.82548127804796,81.07134183882987,75.5023884931268,21.440782113163305
1632,2538.4057624819384,340.534549269759,1,1,2,33.0,2511.042103114826,512.0058467411034,2538.405762481939,0.996388114538192,0.9694834747960595,1.013779020058586,0.0133006539978526,14.942983515256458,-6.373129294243,21.316112809499458,27.363659367112177,1.0897331961566428,234.39951811615006,84.59459991821362,78.12484204584092,21.901590986940125
1633,2480.7708949500447,332.17384673424755,1,1,2,33.0,2452.4531664139204,496.53293547391615,2480.7708949500447,0.9973093944734358,0.9704041065940353,1.0136495890735446,0.012301311442768515,179.6445429338222,-179.95590108756465,359.60044402138686,28.317728536124378,1.154669492732118,215.03316486605075,89.29844408865586,62.18198510321534,22.95838744544917
1634,2477.2996388581237,291.40242305062304,1,1,2,32.0,2452.4531664139204,496.53293547391615,2477.299638858123,0.9992914216158478,0.9732947898873905,1.017385694745912,0.011829989482976935,7.505394759339055,-11.412055709529966,18.91745046886902,24.8464724442033,1.0131272957409765,205.85886913372357,83.06784427336318,73.89089403733915,21.69405598133585
1635,2478.0337914347497,292.07625323042646,1,1,2,33.0,2452.4531664139204,496.53293547391615,2478.033791434749,0.9996449387181078,0.9689787106817894,1.0262724979044118,0.013723143941623554,5.390971161756397,-14.880611717734467,20.271582879490865,25.580625020829302,1.0430627329056954,198.73634925629054,81.56795380172193,85.9508997889709,21.298103197615955
1636,2477.5887939847075,294.30962385043665,1,1,2,33.0,2452.4531664139204,496.53293547391615,2477.5887939847075,0.9994777159413893,0.9720124794202362,1.0177844331116146,0.011972383616749667,10.043013756748309,-10.037490088613708,20.080503845362017,25.135627570787165,1.0249177401231082,198.8969791320669,81.97296711185886,77.11255599386674,21.557203468242122
1637,2476.6498235148797,266.7747059667364,1,1,2,33.0,2452.4531664139204,496.53293547391615,2476.6498235148792,0.9995599591589425,0.9578694664799996,1.019371828169893,0.013769085671563682,7.594860950604868,-10.663273192551117,18.258134143155985,24.196657100959328,0.986630751295475,193.6907851894735,77.2403881298746,82.9668090733418,20.622254435124283
1638,2479.0572108505876,292.3301420027571,1,1,2,32.0,2452.4531664139204,496.53293547391615,2479.057210850588,0.9989188325944398,0.9732772838729905,1.0166833759385385,0.011791328664579848,12.69118998989373,-6.44348808491327,19.134678074807,26.60404443666721,1.0847931695906248,195.79511285533295,83.84746677036505,89.27041511957863,21.869908816758688
1639,2480.7708949500447,332.17384673424755,1,1,2,33.0,2452.4531664139204,496.53293547391615,2480.7708949500447,0.9973093944734358,0.9704041065940353,1.0136495890735446,0.012301311442768515,179.6445429338222,-179.95590108756465,359.60044402138686,28.317728536124378,1.154669492732118,215.03316486605075,89.29844408865586,62.18198510321534,22.95838744544917
1640,2477.5887939847075,294.30962385043665,1,1,2,33.0,2452.4531664139204,496.53293547391615,2477.5887939847075,0.9994777159413893,0.9720124794202362,1.0177844331116146,0.011972383616749667,10.043013756748309,-10.037490088613708,20.080503845362017,25.135627570787165,1.0249177401231082,198.8969791320669,81.97296711185886,77.11255599386674,21.557203468242122
1641,2484.3212033324226,377.3016833340391,1,1,2,33.0,2452.4531664139204,496.53293547391615,2484.3212033324226,0.9952034354773355,0.965473702687555,1.0128550320705088,0.01363150111616842,10.485575133576504,-14.755170628585574,25.240745762162078,31.868036918502185,1.299435086261034,304.2661345317135,85.63143148611195,60.8532269063427,22.035356180506014
1642,2480.3144390716975,335.6124302679434,1,1,2,33.0,2452.4531664139204,496.53293547391615,2480.314439071698,0.9977602670931395,0.969668468276012,1.0162120923035873,0.012247354260987381,37.18682932121661,14.691236588747955,22.49559273246865,27.861272657777135,1.136057276825272,213.41914742954603,85.45594515622435,53.21151364282021,22.14140225411777
1643,2479.1265698268244,316.7944543163633,1,1,2,33.0,2452.4531664139204,496.53293547391615,2479.1265698268244,0.9966589085110874,0.9663391283054902,1.0182428253005917,0.015441729501097162,17.94331394960352,-2.8616413886177554,20.804955338221276,26.67340341290401,1.087621316410579,225.9644106394572,85.69874614383217,68.94045521625533,22.284494170154307
1644,2477.2875668697534,287.2951188599141,1,1,2,33.0,2452.4531664139204,496.53293547391615,2477.2875668697534,0.9993889698021196,0.9735222112891929,1.017248146643785,0.012024865170807773,9.093928584126047,-8.496478434677357,17.590407018803404,24.83440045583302,1.0126350543993026,209.5039715492813,80.54415638755196,88.89174709598913,21.359409225994362
1645,2478.8211338405813,307.62522961023427,1,1,2,32.0,2452.4531664139204,496.53293547391615,2478.821133840581,0.9987136648195644,0.971713286241894,1.0169505134312316,0.011902123366329273,10.85930394409911,-9.924507617794859,20.78381156189397,26.367967426660925,1.0751670118625454,200.10078008466988,86.05473261790438,69.14170773702153,22.22768357131186
1646,2481.6916733181465,324.64761285639673,1,1,2,33.0,2452.4531664139204,496.53293547391615,2481.691673318146,0.9955855238862666,0.9710348034596191,1.0130589445932157,0.013230848048402445,0.8003981490564342,-18.9482570952855,19.748655244341933,29.238506904226142,1.1922146895461376,256.0664826297103,84.61851296536611,83.75043075930469,21.912438441124227
1647,2480.6159758797535,321.7662209904468,1,1,2,33.0,2452.4531664139204,496.53293547391615,2480.615975879753,0.998769310733318,0.971978058704045,1.0168047712163022,0.011924448769260016,13.591189428170054,-11.654923595764558,25.246113023934612,28.162809465833107,1.148352590439635,205.3240583653932,82.89631327276766,84.42282261083201,22.049022790107784
1648,2480.7708949500447,332.17384673424755,1,1,2,33.0,2452.4531664139204,496.53293547391615,2480.7708949500447,0.9973093944734358,0.9704041065940353,1.0136495890735446,0.012301311442768515,179.6445429338222,-179.95590108756465,359.60044402138686,28.317728536124378,1.154669492732118,215.03316486605075,89.29844408865586,62.18198510321534,22.95838744544917
1649,2477.2875668697534,287.2951188599141,1,1,2,33.0,2452.4531664139204,496.53293547391615,2477.2875668697534,0.9993889698021196,0.9735222112891929,1.017248146643785,0.012024865170807773,9.093928584126047,-8.496478434677357,17.590407018803404,24.83440045583302,1.0126350543993026,209.5039715492813,80.54415638755196,88.89174709598913,21.359409225994362
1650,2479.0646566182377,320.31430389088007,1,1,2,33.0,2452.4531664139204,496.53293547391615,2479.0646566182377,0.9961594367718632,0.9507184270481089,1.0147181341965803,0.015883112329823184,96.36925719102123,74.49350512328351,21.87575206773772,26.611490204317306,1.0850967744770328,217.80296751044568,84.74804284259248,70.12015094717977,22.052406146432467
1651,2393.0766545117485,275.95647561411363,1,1,2,32.0,2368.549730907377,484.7224984937269,2393.0766545117485,1.0017560336102898,0.977598557363914,1.0232797150085222,0.010560083406357418,1.779156162180044,-18.21551686333487,19.994673025514913,24.526923604371405,1.0355249579233148,190.0910724951287,82.43035783537016,81.60621455704813,21.461559383737494
1652,2391.3423023023506,268.41953648392786,1,1,2,32.0,2368.549730907377,484.7224984937269,2391.3423023023506,1.002343415487846,0.9780156305407696,1.0243965961415218,0.010528017469915581,-4.664163656914212,-24.885399020616717,20.221235363702505,22.792571394973493,0.9623007318593136,195.6890970206021,80.77609382861853,66.76061829376964,21.108667413929062
1653,2395.7947914952124,323.53580339043793,1,1,2,33.0,2368.549730907377,484.7224984937269,2395.794791495212,0.999671033110619,0.9740313710494181,1.0211791555933887,0.01155804468387465,9.649717798911553,-13.083757773675728,22.73347557258728,27.24506058783527,1.1502845066883123,207.9150299660811,88.5653822401872,61.56899612746869,22.48804045148005
1654,2400.0782799786857,360.1468971269202,1,1,2,33.0,2368.549730907377,484.7224984937269,2400.0782799786857,0.99799824270021,0.9691677742581486,1.0159079578985624,0.012103466486045301,8.050690945643709,-19.135064537722855,27.185755483366563,31.52854907130859,1.331133083671002,291.0411514473023,85.43953126911009,87.07899567512825,22.373953341098822
1655,2394.0094863144495,295.63871697702996,1,1,2,33.0,2368.549730907377,484.7224984937269,2394.00948631445,1.001133955725093,0.9696680064160816,1.0246010151895433,0.011976323666743805,4.489636128880363,-21.253964066815257,25.74360019569562,25.459755407072407,1.0749090498226073,205.86292344343673,86.76052012748023,59.22910310647299,22.595422617323482
1656,2400.0782799786857,360.1468971269202,1,1,2,33.0,2368.549730907377,484.7224984937269,2400.0782799786857,0.99799824270021,0.9691677742581486,1.0159079578985624,0.012103466486045301,8.050690945643709,-19.135064537722855,27.185755483366563,31.52854907130859,1.331133083671002,291.0411514473023,85.43953126911009,87.07899567512825,22.373953341098822
1657,2395.290663242132,313.5481889844462,1,1,2,32.0,2368.549730907377,484.7224984937269,2395.2906632421314,1.0006600637709477,0.9751959151935203,1.022119154146541,0.010939022687770498,11.962617617083652,-10.479025485491576,22.441643102575227,26.74093233475469,1.1290002479496346,213.61863867175833,87.88311348413279,58.22822873153505,22.555170597809298
1658,2395.995084037448,318.68794831303643,1,1,2,32.0,2368.549730907377,484.7224984937269,2395.995084037448,1.000444010085311,0.974798877664085,1.0219421893507372,0.010917882283013441,16.748296433835293,-6.504224552446175,23.252520986281468,27.445353130071,1.1587408434762672,213.4596871085113,88.85418627087846,60.03726140879311,22.81100172683511
1659,2397.3565087342195,301.5377173238875,1,1,2,33.0,2368.549730907377,484.7224984937269,2397.3565087342195,1.0002358853529645,0.974712837041179,1.018016165373616,0.01045503068470315,26.807847624799138,-1.4862196968574324,28.29406732165657,28.806777826842335,1.2162200966667747,218.5561950405003,85.43502446048034,99.095856339595,22.551225845743577
1660,2391.7445114673155,264.2185987449538,1,1,2,33.0,2368.549730907377,484.7224984937269,2391.744511467315,1.000278664151589,0.9755505023565612,1.0245786828422228,0.013170399053190967,19.091808560749485,1.7336241589784152,17.35818440177107,23.19478055993841,0.9792819739973383,249.89429113904245,77.71514484646745,93.1377451932854,20.86218049780255
1661,2397.3565087342195,301.5377173238875,1,1,2,33.0,2368.549730907377,484.7224984937269,2397.3565087342195,1.0002358853529645,0.974712837041179,1.018016165373616,0.01045503068470315,26.807847624799138,-1.4862196968574324,28.29406732165657,28.806777826842335,1.2162200966667747,218.5561950405003,85.43502446048034,99.095856339595,22.551225845743577
1662,2398.0610798908415,337.8325414164692,1,1,2,32.0,2368.549730907377,484.7224984937269,2398.061079890841,1.0000243058865463,0.9738750267450648,1.0216011912324645,0.010997365810044025,8.366716208397975,-16.8221977974398,25.188914005837773,29.51134898346436,1.2459670404369656,231.00912974506272,93.43533772515416,55.75789733654706,23.696999091329914
1663,2395.713491242413,316.25894988445475,1,1,2,32.0,2368.549730907377,484.7224984937269,2395.7134912424135,1.0005405704448906,0.9749982472036768,1.0221340201602025,0.010869396507716317,66.31791862833893,43.02273613435233,23.2951824939866,27.16376033503593,1.1468520158379643,214.5450549930721,89.23398731298778,59.47683366065449,23.0403546793505
1664,2394.3188090696494,295.54230859127927,1,1,2,33.0,2368.549730907377,484.7224984937269,2394.3188090696494,1.0009265054647256,0.9797799902831652,1.0220815576499551,0.010274572648007149,37.16059878570124,18.91179044642689,18.248808339274348,25.769078162272308,1.0879686343930102,227.93278673840067,81.64103283879724,84.93632024985047,21.408935164644713
1665,2396.5705951384093,322.8173136521619,1,1,2,33.0,2368.549730907377,484.7224984937269,2396.5705951384093,1.0006600631521831,0.9725469685686425,1.0283451620571318,0.012544446203541091,44.02192818785937,19.530713609557182,24.49121457830219,28.020864231032192,1.183038880939923,215.91711068140702,89.08764182018798,60.663074491030336,22.82221328564896
1666,2398.006549061624,344.8790817104417,1,1,2,33.0,2368.549730907377,484.7224984937269,2398.0065490616234,0.9995224249340229,0.9752076844584415,1.021003138735057,0.010852011547567883,11.041589881621888,-13.077008944491325,24.118598826113214,29.456818154246776,1.243664752732975,206.86930232886257,91.97311801017224,58.197787231812434,23.453294934115952
1667,2397.376219705764,337.92152660256926,1,1,2,33.0,2368.549730907377,484.7224984937269,2397.3762197057636,0.9986882575130763,0.9740261556737073,1.0159185131373674,0.011157753103935691,14.810438390339016,-12.154343199194187,26.964781589533203,28.82648879838689,1.217052292473658,253.53452112674995,88.50734101812269,67.7381080174408,23.290832213419616
1668,2394.751537920052,305.9964018583104,1,1,2,33.0,2368.549730907377,484.7224984937269,2394.7515379200527,1.0008038142576188,0.9711150834057349,1.0238948018482907,0.012070338708588889,18.685101463325026,-2.3125234294323604,20.997624892757386,26.20180701267509,1.1062384154643583,194.54497029572846,87.07550145396687,58.23774432590986,22.09028463484954
1669,2406.6086388741237,404.47262538348593,11,9,20,33.0,2368.549730907377,484.7224984937269,2406.6086388741232,0.9976773605914913,0.9692804934481943,1.0170018156171228,0.011989696645844573,7.130300870669231,-20.19099423577211,27.32129510644134,38.058907966746574,1.606844368522777,276.7206253445602,95.56589666876613,99.86016746177513,25.010924300689453
1670,2372.871811977885,292.9156058783949,1,1,2,33.0,2343.4922044943996,477.6651945371501,2372.8718119778846,0.9998041015513167,0.9721116283254267,1.0196365561312126,0.011810330177187902,13.057103449935255,-12.07351900615231,25.130622456087565,29.379607483485415,1.253667813664606,240.76317813655393,82.57620054614512,99.4312970430353,21.831588341165556
1671,2370.797972848769,290.46571197994297,1,1,2,32.0,2343.4922044943996,477.6651945371501,2370.797972848769,1.000004062342134,0.9737307726066718,1.0187726514194313,0.011753170423891325,51.34833321277165,29.029843075643413,22.318490137128236,27.30576835436932,1.165174277174967,206.14628380318126,83.98977959992472,93.9332616148786,22.40183851875926
1672,2374.8052472459713,321.46472039585774,1,1,2,32.0,2343.4922044943996,477.6651945371501,2374.8052472459713,0.9988516317413612,0.9701326786351178,1.017234336077499,0.012364608565927481,43.16310405594518,17.373096116369823,25.79000793957536,31.31304275157163,1.336170126425802,247.24285473289825,89.92232031273318,94.85838404703611,23.53070211991737
1673,2372.0838300338396,326.59472373861854,1,1,2,33.0,2343.4922044943996,477.6651945371501,2372.0838300338396,0.9989648371499543,0.972355051743873,1.0181908275475402,0.01219515619360656,-1.506459132357321,-29.034416608867133,27.527957476509812,28.591625539439974,1.2200435522937239,228.9492095648146,89.44587093531047,49.630701881790635,22.988600037091306
1674,2372.264906298788,317.7155320038074,1,1,2,33.0,2343.4922044943996,477.6651945371501,2372.264906298788,0.9972549473027651,0.9709524810422393,1.0143371632042963,0.01312126801741381,4.681747561816337,-19.95774961226897,24.639497174085307,28.772701804388362,1.2277703228202534,235.63732268007388,84.16771039120277,71.07646509335368,21.67520406662754
1675,2370.1066700145716,289.42114064218697,1,1,2,33.0,2343.4922044943996,477.6651945371501,2370.1066700145716,0.9999163706821399,0.9745126228889641,1.0190589330182296,0.01150770000311051,18.719402046308915,-2.9987317011678556,21.71813374747677,26.61446552017196,1.1356754449248931,209.95447665906602,80.11875344450796,99.54315136361235,21.545801790751483
1676,2372.871811977885,292.9156058783949,1,1,2,33.0,2343.4922044943996,477.6651945371501,2372.8718119778846,0.9998041015513167,0.9721116283254267,1.0196365561312126,0.011810330177187902,13.057103449935255,-12.07351900615231,25.130622456087565,29.379607483485415,1.253667813664606,240.76317813655393,82.57620054614512,99.4312970430353,21.831588341165556
1677,2368.988505497712,300.9347017339439,1,1,2,32.0,2343.4922044943996,477.6651945371501,2368.9885054977117,0.9999636476849189,0.9730627664123735,1.0195539663075164,0.011780025972964236,11.926009923588055,-10.871816148117489,22.797826071705543,25.49630100331251,1.0879618440554297,221.0924988581459,86.17831737348656,52.18133898554945,22.250649855585973
1678,2368.988505497712,300.9347017339439,1,1,2,32.0,2343.4922044943996,477.6651945371501,2368.9885054977117,0.9999636476849189,0.9730627664123735,1.0195539663075164,0.011780025972964236,11.926009923588055,-10.871816148117489,22.797826071705543,25.49630100331251,1.0879618440554297,221.0924988581459,86.17831737348656,52.18133898554945,22.250649855585973
1679,2370.5292329801314,306.2520155512831,1,1,2,32.0,2343.4922044943996,477.6651945371501,2370.529232980131,0.9998310245459638,0.9726166227011003,1.0193774028072424,0.0118283627249803,155.78617242815398,132.0891647813865,23.697007646767474,27.037028485731753,1.1537067814383832,228.07729445008675,88.37596215698342,56.55030816359804,22.70765956084433
1680,2372.0838300338396,326.59472373861854,1,1,2,33.0,2343.4922044943996,477.6651945371501,2372.0838300338396,0.9989648371499543,0.972355051743873,1.0181908275475402,0.01219515619360656,-1.506459132357321,-29.034416608867133,27.527957476509812,28.591625539439974,1.2200435522937239,228.9492095648146,89.44587093531047,49.630701881790635,22.988600037091306
1681,2369.367443386906,259.5693352674647,1,1,2,33.0,2343.4922044943996,477.6651945371501,2369.3674433869064,1.0009276215808602,0.9623049723285237,1.0225055106863417,0.01306208771904368,11.980565910871405,-12.993287033462508,24.973852944333913,25.87523889250633,1.1041316392212546,206.2015505398546,78.21703118817787,96.27752060118445,20.8672753411053
1682,2370.126770119933,312.77129072434315,1,1,2,33.0,2343.4922044943996,477.6651945371501,2370.1267701199326,0.9989172820583581,0.9710179107232898,1.0146689838101448,0.01312334124210509,15.188927114988218,-11.490583067704023,26.67951018269224,26.63456562553347,1.1365331437609705,225.2368816441423,83.36726801039984,60.384388134622135,21.621341502827832
1683,2372.871811977885,292.9156058783949,1,1,2,33.0,2343.4922044943996,477.6651945371501,2372.8718119778846,0.9998041015513167,0.9721116283254267,1.0196365561312126,0.011810330177187902,13.057103449935255,-12.07351900615231,25.130622456087565,29.379607483485415,1.253667813664606,240.76317813655393,82.57620054614512,99.4312970430353,21.831588341165556
1684,2370.8448221896188,290.7172774413225,1,1,2,33.0,2343.4922044943996,477.6651945371501,2370.8448221896188,1.0010460677859212,0.9751122111352397,1.0305952123609028,0.012771825553230323,11.165285373765357,-13.013810331975378,24.179095705740735,27.352617695219124,1.1671734022738238,197.59500551029518,86.57844117393152,70.49749915646501,22.21898934469182
1685,2371.221212104173,331.5644491063778,1,1,2,33.0,2343.4922044943996,477.6651945371501,2371.221212104173,0.9998000982887053,0.9734860676605879,1.0198658094590551,0.011254459990311022,21.806960111098306,-6.58990854641911,28.396868657517416,27.72900760977336,1.1832344718960053,220.00171577711725,85.73067981381149,87.75760451409596,22.359326640770878
1686,2365.2953339379183,250.5939079605239,0,0,0,32.0,2343.4922044943996,477.6651945371501,2365.2953339379183,0.9977750408090991,0.9745652548978397,1.0164020386291517,0.012314749871800175,-21.851473931929434,-40.59175451303477,18.74028058110534,21.80312944351863,0.9303691901216534,208.86160190232818,76.01615981509511,80.63437551924433,20.1327959925007
1687,2366.153604834295,298.6636507008462,1,1,2,33.0,2343.4922044943996,477.6651945371501,2366.1536048342955,1.001054862716371,0.9765614664880392,1.021811741303029,0.010863212280656133,1.0362388816891155,-19.613877086317842,20.650115968006958,22.66140033989541,0.9669927766960303,202.09945679719806,79.72155373773846,44.783472719724,20.724651442606877
1688,2371.4925073050667,292.7286677395433,1,1,2,32.0,2343.4922044943996,477.6651945371501,2371.4925073050667,0.999966335294754,0.9726204925443076,1.0192418135092123,0.011747154118967849,6.88453013605897,-17.646441490195855,24.530971626254825,28.000302810667108,1.1948110071357407,229.12763731217157,85.4346306278339,94.39066404005571,22.425278833958853
1689,2374.9149151728675,328.36801203605046,1,1,2,33.0,2343.4922044943996,477.6651945371501,2374.914915172868,0.9997830471703054,0.9731615524046492,1.0199354575711226,0.011299553473431053,21.888207861570066,-11.83885816283194,33.727066024402006,31.422710678467865,1.3408498060375331,231.5939946001641,81.03815197933544,94.21555743644736,21.463258354063033
1690,2349.8307353219284,244.84689439928937,11,7,18,32.0,2329.148029894408,474.5258604207039,2349.8307353219284,1.0025493770639005,0.9773670961534379,1.0238625075932608,0.010813409284551703,11.66053419710417,-6.289208556329072,17.94974275343324,20.682705427520432,0.8879944581477753,215.02917372892344,73.41554294905845,75.63802274452208,19.457955235346493
1691,2357.1898557387,315.4409745448394,1,1,2,33.0,2329.148029894408,474.5258604207039,2357.1898557387,1.000006822758759,0.9748329285584831,1.0198104436935838,0.011380555458995117,19.118469861240925,-6.488679740572138,25.607149601813063,28.041825844291907,1.203952066780538,205.787441254273,88.56107562026959,51.44686031356825,22.625217439733856
1692,2358.1025015458417,324.3214250103297,1,1,2,32.0,2329.148029894408,474.5258604207039,2358.1025015458417,0.9998174856689475,0.9727648825672618,1.0199211481293131,0.011409896378865598,38.138774791044,13.555040012167638,24.583734778876362,28.954471651433778,1.2431357423317757,216.85006786538156,89.8122484202256,55.20560239426827,22.797328974648757
1693,2354.93204346172,287.87331145210095,1,1,2,32.0,2329.148029894408,474.5258604207039,2354.93204346172,1.0010932424429546,0.9748135846833119,1.0220603893316387,0.01098017831388144,-3.8337977746624574,-26.495657939377168,22.66186016471471,25.78401356731183,1.1070148069756112,205.14997437801372,84.70269209121679,66.45677666834358,21.692247502115112
1694,2359.114255087289,311.518855564233,1,1,2,32.0,2329.148029894408,474.5258604207039,2359.114255087289,1.0001825900411072,0.9769282206188323,1.0195191399631556,0.0110125539747817,24.362112779386308,3.6883533314232864,20.673759447963022,29.96622519288121,1.2865745246015872,249.50866118509697,88.77349591148025,94.86546468349968,23.589863726402445
1695,2355.1055263764447,300.39698502494696,1,1,2,33.0,2329.148029894408,474.5258604207039,2355.1055263764447,1.0005302029150347,0.9748582090361437,1.0217403496117727,0.010932621736007193,27.65538585731099,4.865754840341452,22.789631016969537,25.95749648203673,1.1144631491375632,224.63377859225244,84.91708614574407,60.57402767353859,21.885193376717297
1696,2349.8307342369058,244.84822208285914,11,7,18,32.0,2329.148029894408,474.5258604207039,2349.8307342369058,1.00254934140574,0.9773668594714365,1.0238625262789205,0.0108134286225576,8.742053324968225,-9.20805647335581,17.950109798324036,20.6827043424978,0.8879944115632467,215.0278872865778,73.41495565921929,75.63541389784284,19.457827035445906
1697,2352.8307045633787,265.021233331698,1,1,2,33.0,2329.148029894408,474.5258604207039,2352.8307045633787,1.0018186617673956,0.9771081565780019,1.0230169862701324,0.010641420528094464,9.724613009344665,-9.891255541388375,19.61586855073304,23.682674668970776,1.0167955992923485,196.42311552937022,78.50565801504766,91.06163866653533,20.73516684569364
1698,2353.7646294598508,290.4405967051414,1,1,2,33.0,2329.148029894408,474.5258604207039,2353.7646294598508,0.9993892537614649,0.970349397284054,1.0232630436489274,0.014008431623165295,11.379083800845876,-9.936657413730728,21.315741214576605,24.61659956544281,1.056892874540001,235.57445411789533,83.96237345976779,57.81523934057237,21.639296008183674
1699,2353.069782649296,263.94261984587064,1,1,2,33.0,2329.148029894408,474.5258604207039,2353.0697826492965,1.000673437039493,0.9718577496626047,1.0246169279249386,0.014157185061019987,-97.20675650515807,-117.96420118592073,20.75744468076266,23.921752754888075,1.0270602146301784,171.6563070051823,76.40880510553302,98.0893182886756,20.445616229260587
1700,2362.8282556160525,348.21141250139976,1,1,2,33.0,2329.148029894408,474.5258604207039,2362.8282556160525,0.9991718081187141,0.9763372947236644,1.0190201628593984,0.010701769840707047,12.872997707719776,-7.994525771765495,20.86752347948527,33.68022572164455,1.446031994933849,252.32187101064375,96.91258797087151,95.79267663167423,25.16254819023096
1701,2352.4470880955496,282.451168824761,1,1,2,33.0,2329.148029894408,474.5258604207039,2352.447088095549,1.0015661833249974,0.9761178473555683,1.0224319179247296,0.011059793613818881,12.352608422371304,-7.28089749359745,19.633505915968755,23.299058201141634,1.000325350819282,220.00665245935838,83.17166298086289,64.01193325188997,21.511244587015494
1702,2354.2921725313217,277.0510815276845,1,1,2,33.0,2329.148029894408,474.5258604207039,2354.292172531321,1.0005705988031801,0.9760319357154997,1.0177963043837586,0.010704911271777626,32.29091536672112,7.680774226559578,24.610141140161545,25.144142636913784,1.0795424899658994,247.68282331240238,78.25674993591346,94.05939894376607,21.223923041206007
1703,2354.95978751703,294.0746562290238,1,1,2,32.0,2329.148029894408,474.5258604207039,2354.9597875170302,1.0009438049958572,0.9749541316744049,1.0217686554553467,0.011003416985524088,20.533455765630237,-2.2489476137875783,22.782403379417815,25.811757622621826,1.1082059745164416,202.22554542830414,86.3167577324942,55.760222461549034,22.179179245063374
1704,2359.0960716292716,328.2126190410094,1,1,2,33.0,2329.148029894408,474.5258604207039,2359.096071629272,0.9986800877628242,0.9707808737157307,1.0165023256656667,0.011973342936630663,-74.81699556194474,-100.11218457974351,25.295189017798776,29.948041734863637,1.285793833216403,298.0951652857897,81.92975417784747,68.15759096145497,21.33213443916566
1705,2355.904880433658,310.83754597217046,1,1,2,33.0,2329.148029894408,474.5258604207039,2355.904880433658,0.9998030947494776,0.9724353283009638,1.0165413792301086,0.012536104918050368,0.8162442163484798,-24.555632990753736,25.371877207102216,26.75685053925008,1.1487827392603769,214.13350362505986,84.78080937105462,49.55740713781966,21.84525676041604
1706,2364.0134811300377,385.9026004715179,8,9,17,33.0,2329.148029894408,474.5258604207039,2364.0134811300377,0.9950855333720491,0.9500397477601923,1.0137570017045094,0.016055134626389838,-0.1467030823394282,-24.920500073294818,24.77379699095539,34.865451235629735,1.4969186495720652,262.1788927240486,98.4545732260782,64.1614096896849,25.288129280961442
1707,2354.3348052944825,281.0470923023943,1,1,2,32.0,2329.148029894408,474.5258604207039,2354.3348052944825,1.0014106539336929,0.9759857563936921,1.0223825853052666,0.010862592719770801,12.84374130894804,-8.729746934540259,21.5734882434883,25.186775400074566,1.081372891581151,204.57734519055225,84.08943446478169,77.82253242912242,21.892967209769846
