{
  "dataset": {
    "n_scenarios": 100,
    "n_buses": 480,
    "n_generators": 660
  },
  "voltage": {
    "mean": 0.9897104883282368,
    "std": 0.01573138084137304,
    "min": 0.950052525319038,
    "max": 1.0496842269086455,
    "range": 0.09963170158960744
  },
  "droop_parameters": {
    "mp_mean": 0.0409863492751563,
    "mp_std": 0.005916894225908255,
    "mp_range": [
      0.030057793948791642,
      0.049989802328890665
    ],
    "mq_mean": 0.031005184260543807,
    "mq_std": 0.005894982204859698,
    "mq_range": [
      0.020111737511471668,
      0.03993473393095948
    ],
    "K_I_mean": 0.1238281168249939,
    "K_I_std": 0.04479283055397776,
    "K_I_range": [
      0.050413505667885876,
      0.1970380887418532
    ]
  },
  "load": {
    "mean_mw": 47236.123359419136,
    "range_mw": [
      37721.5368525282,
      56898.01328926261
    ],
    "variation_pct": 40.59705808374836
  },
  "generation": {
    "mean_mw": 47801.92926631402,
    "loss_pct": 1.1780585156635635
  },
  "ml_performance": {
    "vm_mae": 0.004733873000282603,
    "vm_rmse": 0.007055064358398259,
    "vm_max_error": 0.03538689074502477,
    "vm_mape": 0.4757223506979389,
    "vm_r2": 0.8024473881381817,
    "va_mae": 0.962639824380388,
    "va_r2": 0.9657891740556157
  }
}