Method,Vm MAE (pu),Vm MAPE (%),Vm R²,Time/Scenario (ms),Speedup,Droop Control
Droop Solver (IPOPT),0.0,0.0,1.0,550.0,1.0,Yes
ML Neural Network,0.0005344271725459471,0.05387178490343281,0.9972666629392081,0.03998756408691406,13754.276174576677,Learned
Classical PF (Simplified),0.012168282006083648,1.2255407230270252,-0.16515947241848195,2.0139360427856445,273.0970538862042,No
